customerID,Contract,tenure,MonthlyCharges,TotalCharges,PaymentMethod,TechSupport,PaperlessBilling,Churn
7590-VHVEG,Month-to-month,1,29.85,29.85,Electronic check,No,Yes,No
5575-GNVDE,One year,34,56.95,1889.5,Mailed check,No,No,No
3668-QPYBK,Month-to-month,2,53.85,108.15,Mailed check,No,Yes,Yes
7795-CFOCW,One year,45,42.3,1840.75,Bank transfer (automatic),Yes,No,No
9237-HQITU,Month-to-month,2,70.7,151.65,Electronic check,No,Yes,Yes
9305-CDSKC,Month-to-month,8,99.65,820.5,Electronic check,No,Yes,Yes
1452-KIOVK,Month-to-month,22,89.1,1949.4,Credit card (automatic),No,Yes,No
6713-OKOMC,Month-to-month,10,29.75,301.9,Mailed check,No,No,No
7892-POOKP,Month-to-month,28,104.8,3046.05,Electronic check,Yes,Yes,Yes
6388-TABGU,One year,62,56.15,3487.95,Bank transfer (automatic),No,No,No
9763-GRSKD,Month-to-month,13,49.95,587.45,Mailed check,No,Yes,No
7469-LKBCI,Two year,16,18.95,326.8,Credit card (automatic),No internet service,No,No
8091-TTVAX,One year,58,100.35,5681.1,Credit card (automatic),No,No,No
0280-XJGEX,Month-to-month,49,103.7,5036.3,Bank transfer (automatic),No,Yes,Yes
5129-JLPIS,Month-to-month,25,105.5,2686.05,Electronic check,Yes,Yes,No
3655-SNQYZ,Two year,69,113.25,7895.15,Credit card (automatic),Yes,No,No
8191-XWSZG,One year,52,20.65,1022.95,Mailed check,No internet service,No,No
9959-WOFKT,Two year,71,106.7,7382.25,Bank transfer (automatic),No,No,No
4190-MFLUW,Month-to-month,10,55.2,528.35,Credit card (automatic),Yes,No,Yes
4183-MYFRB,Month-to-month,21,90.05,1862.9,Electronic check,No,Yes,No
8779-QRDMV,Month-to-month,1,39.65,39.65,Electronic check,No,Yes,Yes
1680-VDCWW,One year,12,19.8,202.25,Bank transfer (automatic),No internet service,No,No
1066-JKSGK,Month-to-month,1,20.15,20.15,Mailed check,No internet service,No,Yes
3638-WEABW,Two year,58,59.9,3505.1,Credit card (automatic),Yes,Yes,No
6322-HRPFA,Month-to-month,49,59.6,2970.3,Credit card (automatic),Yes,No,No
6865-JZNKO,Month-to-month,30,55.3,1530.6,Bank transfer (automatic),No,Yes,No
6467-CHFZW,Month-to-month,47,99.35,4749.15,Electronic check,No,Yes,Yes
8665-UTDHZ,Month-to-month,1,30.2,30.2,Electronic check,No,No,Yes
5248-YGIJN,Two year,72,90.25,6369.45,Credit card (automatic),Yes,Yes,No
8773-HHUOZ,Month-to-month,17,64.7,1093.1,Mailed check,No,Yes,Yes
3841-NFECX,Two year,71,96.35,6766.95,Credit card (automatic),Yes,Yes,No
4929-XIHVW,Month-to-month,2,95.5,181.65,Credit card (automatic),No,Yes,No
6827-IEAUQ,One year,27,66.15,1874.45,Mailed check,Yes,No,No
7310-EGVHZ,Month-to-month,1,20.2,20.2,Bank transfer (automatic),No internet service,No,No
3413-BMNZE,Month-to-month,1,45.25,45.25,Bank transfer (automatic),No,No,No
6234-RAAPL,Two year,72,99.9,7251.7,Bank transfer (automatic),Yes,No,No
6047-YHPVI,Month-to-month,5,69.7,316.9,Electronic check,No,Yes,Yes
6572-ADKRS,Month-to-month,46,74.8,3548.3,Credit card (automatic),No,Yes,No
5380-WJKOV,Month-to-month,34,106.35,3549.25,Electronic check,No,Yes,Yes
8168-UQWWF,Month-to-month,11,97.85,1105.4,Bank transfer (automatic),No,Yes,Yes
8865-TNMNX,One year,10,49.55,475.7,Mailed check,No,No,No
9489-DEDVP,Two year,70,69.2,4872.35,Credit card (automatic),No,Yes,No
9867-JCZSP,One year,17,20.75,418.25,Mailed check,No internet service,No,No
4671-VJLCL,Two year,63,79.85,4861.45,Credit card (automatic),Yes,Yes,No
4080-IIARD,Month-to-month,13,76.2,981.45,Electronic check,Yes,Yes,No
3714-NTNFO,Month-to-month,49,84.5,3906.7,Electronic check,No,Yes,No
5948-UJZLF,Month-to-month,2,49.25,97.0,Mailed check,No,No,No
7760-OYPDY,Month-to-month,2,80.65,144.15,Electronic check,No,Yes,Yes
7639-LIAYI,Two year,52,79.75,4217.8,Credit card (automatic),Yes,Yes,No
2954-PIBKO,Two year,69,64.15,4254.1,Credit card (automatic),Yes,Yes,No
8012-SOUDQ,Month-to-month,43,90.25,3838.75,Electronic check,No,Yes,No
9420-LOJKX,Month-to-month,15,99.1,1426.4,Credit card (automatic),No,Yes,Yes
6575-SUVOI,Month-to-month,25,69.5,1752.65,Credit card (automatic),Yes,Yes,No
7495-OOKFY,Month-to-month,8,80.65,633.3,Credit card (automatic),No,Yes,Yes
4667-QONEA,One year,60,74.85,4456.35,Credit card (automatic),Yes,Yes,No
1658-BYGOY,Month-to-month,18,95.45,1752.55,Electronic check,No,Yes,Yes
8769-KKTPH,One year,63,99.65,6311.2,Credit card (automatic),No,Yes,No
5067-XJQFU,One year,66,108.45,7076.35,Electronic check,Yes,Yes,No
3957-SQXML,Two year,34,24.95,894.3,Credit card (automatic),No internet service,No,No
5954-BDFSG,Two year,72,107.5,7853.7,Credit card (automatic),Yes,Yes,No
0434-CSFON,Month-to-month,47,100.5,4707.1,Electronic check,No,Yes,No
1215-FIGMP,Month-to-month,60,89.9,5450.7,Bank transfer (automatic),No,Yes,No
0526-SXDJP,Two year,72,42.1,2962.0,Bank transfer (automatic),No,No,No
0557-ASKVU,One year,18,54.4,957.1,Credit card (automatic),Yes,Yes,No
5698-BQJOH,Month-to-month,9,94.4,857.25,Electronic check,No,No,Yes
5122-CYFXA,Month-to-month,3,75.3,244.1,Electronic check,Yes,Yes,No
8627-ZYGSZ,One year,47,78.9,3650.35,Electronic check,No,Yes,No
3410-YOQBQ,Two year,31,79.2,2497.2,Mailed check,Yes,No,No
3170-NMYVV,Two year,50,20.15,930.9,Bank transfer (automatic),No internet service,No,No
7410-OIEDU,Month-to-month,10,79.85,887.35,Mailed check,No,Yes,No
2273-QCKXA,Month-to-month,1,49.05,49.05,Mailed check,Yes,No,No
0731-EBJQB,One year,52,20.4,1090.65,Electronic check,No internet service,Yes,No
1891-QRQSA,Two year,64,111.6,7099.0,Bank transfer (automatic),Yes,Yes,No
8028-PNXHQ,Two year,62,24.25,1424.6,Bank transfer (automatic),No internet service,Yes,No
5630-AHZIL,Month-to-month,3,64.5,177.4,Bank transfer (automatic),Yes,Yes,No
2673-CXQEU,One year,56,110.5,6139.5,Electronic check,No,No,No
6416-JNVRK,One year,46,55.65,2688.85,Credit card (automatic),No,No,No
5590-ZSKRV,Month-to-month,8,54.65,482.25,Mailed check,No,No,No
0191-ZHSKZ,Month-to-month,30,74.75,2111.3,Electronic check,No,Yes,No
3887-PBQAO,One year,45,25.9,1216.6,Credit card (automatic),No internet service,Yes,No
5919-TMRGD,Month-to-month,1,79.35,79.35,Electronic check,No,Yes,Yes
8108-UXRQN,Month-to-month,11,50.55,565.35,Electronic check,No,No,No
9191-MYQKX,Month-to-month,7,75.15,496.9,Bank transfer (automatic),No,Yes,Yes
9919-YLNNG,Month-to-month,42,103.8,4327.5,Bank transfer (automatic),Yes,Yes,No
0318-ZOPWS,Two year,49,20.15,973.35,Bank transfer (automatic),No internet service,Yes,No
4445-ZJNMU,Month-to-month,9,99.3,918.75,Credit card (automatic),No,Yes,No
4808-YNLEU,One year,35,62.15,2215.45,Bank transfer (automatic),No,Yes,No
1862-QRWPE,Two year,48,20.65,1057.0,Bank transfer (automatic),No internet service,No,No
2796-NNUFI,Two year,46,19.95,927.1,Mailed check,No internet service,Yes,No
3016-KSVCP,Month-to-month,29,33.75,1009.25,Mailed check,No,No,No
4767-HZZHQ,Month-to-month,30,82.05,2570.2,Bank transfer (automatic),No,No,No
2424-WVHPL,Month-to-month,1,74.7,74.7,Electronic check,Yes,No,No
7233-PAHHL,Two year,66,84.0,5714.25,Mailed check,Yes,Yes,No
6067-NGCEU,Month-to-month,65,111.05,7107.0,Credit card (automatic),No,Yes,No
9848-JQJTX,Two year,72,100.9,7459.05,Bank transfer (automatic),No,Yes,No
8637-XJIVR,Month-to-month,12,78.95,927.35,Electronic check,No,Yes,Yes
9803-FTJCG,One year,71,66.85,4748.7,Credit card (automatic),Yes,Yes,No
0278-YXOOG,Month-to-month,5,21.05,113.85,Mailed check,No internet service,No,Yes
3212-KXOCR,Two year,52,21.0,1107.2,Bank transfer (automatic),No internet service,No,No
4598-XLKNJ,Month-to-month,25,98.5,2514.5,Electronic check,No,Yes,Yes
6380-ARCEH,Month-to-month,1,20.2,20.2,Mailed check,No internet service,No,No
3679-XASPY,Month-to-month,1,19.45,19.45,Electronic check,No internet service,No,No
7123-WQUHX,One year,38,95.0,3605.6,Bank transfer (automatic),Yes,No,No
5386-THSLQ,One year,66,45.55,3027.25,Bank transfer (automatic),No,No,No
3192-NQECA,Two year,68,110.0,7611.85,Bank transfer (automatic),Yes,Yes,Yes
6180-YBIQI,Month-to-month,5,24.3,100.2,Mailed check,No,No,No
6728-DKUCO,One year,72,104.15,7303.05,Electronic check,No,Yes,No
9750-BOOHV,One year,32,30.15,927.65,Mailed check,No,No,No
8597-CWYHH,One year,43,94.35,3921.3,Mailed check,No,No,No
2848-YXSMW,Two year,72,19.4,1363.25,Credit card (automatic),No internet service,No,No
0486-HECZI,Month-to-month,55,96.75,5238.9,Electronic check,No,Yes,Yes
4549-ZDQYY,One year,52,57.95,3042.25,Credit card (automatic),Yes,No,No
5712-AHQNN,Month-to-month,43,91.65,3954.1,Electronic check,No,Yes,No
4846-WHAFZ,Month-to-month,37,76.5,2868.15,Electronic check,No,Yes,Yes
5256-SKJGO,Two year,64,54.6,3423.5,Electronic check,Yes,Yes,No
3071-VBYPO,Month-to-month,3,89.85,248.4,Electronic check,No,No,No
9560-BBZXK,Two year,36,31.05,1126.35,Bank transfer (automatic),No,No,No
5299-RULOA,Month-to-month,10,100.25,1064.65,Electronic check,No,Yes,Yes
8402-OOOHJ,Two year,41,20.65,835.15,Mailed check,No internet service,No,No
9445-ZUEQE,Month-to-month,27,85.2,2151.6,Credit card (automatic),Yes,Yes,No
1091-SOZGA,One year,56,99.8,5515.45,Credit card (automatic),No,Yes,No
2928-HLDBA,Month-to-month,6,20.7,112.75,Mailed check,No internet service,No,No
0404-SWRVG,Month-to-month,3,74.4,229.55,Electronic check,No,Yes,Yes
6497-TILVL,Month-to-month,7,50.7,350.35,Mailed check,No,No,No
7219-TLZHO,Month-to-month,4,20.85,62.9,Mailed check,No internet service,No,No
4622-YNKIJ,Two year,33,88.95,3027.65,Electronic check,Yes,Yes,No
4412-YLTKF,Month-to-month,27,78.05,2135.5,Electronic check,No,Yes,Yes
6734-PSBAW,Two year,72,23.55,1723.95,Bank transfer (automatic),No internet service,Yes,No
3930-ZGWVE,Month-to-month,1,19.75,19.75,Mailed check,No internet service,No,No
2639-UGMAZ,One year,71,56.45,3985.35,Electronic check,No,Yes,No
2876-GZYZC,Month-to-month,13,85.95,1215.65,Electronic check,No,Yes,No
6207-WIOLX,Month-to-month,25,58.6,1502.65,Credit card (automatic),No,Yes,Yes
8587-XYZSF,Two year,67,50.55,3260.1,Bank transfer (automatic),Yes,No,No
3091-FYHKI,Month-to-month,1,35.45,35.45,Electronic check,No,Yes,Yes
2372-HWUHI,Month-to-month,2,44.35,81.25,Electronic check,No,No,Yes
7799-LGRDP,Two year,43,25.7,1188.2,Credit card (automatic),No internet service,Yes,No
7850-VWJUU,Month-to-month,23,75.0,1778.5,Bank transfer (automatic),No,Yes,No
3774-VBNXY,Two year,64,20.2,1277.75,Mailed check,No internet service,No,No
6217-KDYWC,Two year,57,19.6,1170.55,Mailed check,No internet service,Yes,No
0390-DCFDQ,Month-to-month,1,70.45,70.45,Mailed check,No,Yes,Yes
3146-MSEGF,Two year,72,88.05,6425.65,Credit card (automatic),Yes,Yes,No
4080-OGPJL,Month-to-month,8,71.15,563.65,Electronic check,Yes,No,Yes
1095-WGNGG,Two year,61,101.05,5971.25,Bank transfer (automatic),No,Yes,No
2636-SJDOU,One year,64,84.3,5289.05,Credit card (automatic),No,Yes,No
1131-QQZEB,Two year,71,23.95,1756.2,Bank transfer (automatic),No internet service,No,No
5716-EZXZN,Two year,65,99.05,6416.7,Credit card (automatic),Yes,Yes,No
6837-BJYDQ,One year,3,19.6,61.35,Mailed check,No internet service,No,No
2135-RXIHG,Month-to-month,1,45.65,45.65,Electronic check,No,Yes,Yes
6440-DKQGE,One year,30,64.5,1929.95,Credit card (automatic),No,No,No
3466-BYAVD,Month-to-month,15,69.5,1071.4,Mailed check,Yes,Yes,No
3780-YVMFA,Month-to-month,8,68.55,564.35,Electronic check,Yes,Yes,No
3874-EQOEP,Month-to-month,7,95.0,655.5,Mailed check,No,No,Yes
1679-JRFBR,One year,70,108.15,7930.55,Credit card (automatic),No,Yes,No
9073-ZZIAY,Two year,62,86.1,5215.25,Electronic check,Yes,No,No
3077-RSNTJ,Month-to-month,6,19.7,113.5,Mailed check,No internet service,No,No
6551-GNYDG,Month-to-month,14,80.9,1152.8,Bank transfer (automatic),No,Yes,No
9167-APMXZ,Month-to-month,22,84.15,1821.95,Bank transfer (automatic),No,Yes,No
2749-CTKAJ,One year,22,20.15,419.9,Mailed check,No internet service,No,No
6371-NZYEG,Two year,16,64.25,1024.0,Mailed check,No,No,No
7554-NEWDD,Two year,10,25.7,251.6,Bank transfer (automatic),No internet service,No,No
8992-VONJD,Month-to-month,13,56.0,764.55,Electronic check,No,Yes,No
0867-MKZVY,Month-to-month,20,82.4,1592.35,Electronic check,No,No,Yes
4482-EWFMI,Month-to-month,2,69.7,135.2,Electronic check,No,Yes,No
4648-YPBTM,Two year,53,73.9,3958.25,Bank transfer (automatic),Yes,Yes,No
2907-ILJBN,One year,11,20.6,233.9,Mailed check,No internet service,No,No
6345-FZOQH,Two year,69,19.9,1363.45,Mailed check,No internet service,No,No
3376-BMGFE,Month-to-month,4,70.9,273.0,Bank transfer (automatic),No,Yes,Yes
5997-OPVFA,Two year,72,89.05,6254.45,Bank transfer (automatic),Yes,Yes,No
3445-HXXGF,Month-to-month,58,45.3,2651.2,Electronic check,No,Yes,Yes
1159-WFSGR,Month-to-month,16,20.4,321.4,Electronic check,No internet service,No,No
7654-YWJUF,One year,43,84.25,3539.25,Bank transfer (automatic),Yes,Yes,No
1875-QIVME,Month-to-month,2,104.4,242.8,Electronic check,Yes,Yes,Yes
6727-IOTLZ,Two year,14,81.95,1181.75,Mailed check,Yes,No,No
0691-JVSYA,One year,53,94.85,5000.2,Bank transfer (automatic),No,Yes,Yes
5918-VUKWP,One year,32,20.55,654.55,Bank transfer (automatic),No internet service,No,No
1744-JHKYS,Month-to-month,34,24.7,780.2,Electronic check,No internet service,No,No
2656-FMOKZ,Month-to-month,15,74.45,1145.7,Mailed check,No,Yes,Yes
2070-FNEXE,Month-to-month,7,76.45,503.6,Bank transfer (automatic),No,No,Yes
5947-SGKCL,Month-to-month,15,105.35,1559.25,Bank transfer (automatic),No,Yes,No
3712-PKXZA,One year,61,20.55,1252.0,Credit card (automatic),No internet service,Yes,No
6317-YPKDH,Month-to-month,1,29.95,29.95,Bank transfer (automatic),No,No,Yes
6582-OIVSP,Month-to-month,1,45.3,45.3,Mailed check,No,No,No
9367-WXLCH,Month-to-month,8,84.5,662.65,Bank transfer (automatic),No,No,Yes
5524-KHNJP,One year,33,74.75,2453.3,Credit card (automatic),No,No,No
1918-ZBFQJ,Month-to-month,13,79.25,1111.65,Electronic check,No,Yes,Yes
1024-GUALD,Month-to-month,1,24.8,24.8,Electronic check,No,Yes,Yes
4827-USJHP,Month-to-month,20,51.8,1023.85,Mailed check,No,Yes,No
8167-GJLRN,Month-to-month,3,30.4,82.15,Electronic check,Yes,No,No
0956-SYCWG,One year,13,19.65,244.8,Electronic check,No internet service,No,No
8017-UVSZU,Month-to-month,40,56.6,2379.1,Credit card (automatic),No,No,No
7100-FQPRV,One year,43,71.9,3173.35,Credit card (automatic),Yes,Yes,No
2472-OVKUP,Month-to-month,6,91.0,531.0,Electronic check,No,Yes,Yes
2984-RGEYA,Two year,69,19.75,1375.4,Bank transfer (automatic),No internet service,No,No
9680-NIAUV,Two year,72,109.7,8129.3,Credit card (automatic),No,No,No
2146-EGVDT,Two year,59,19.3,1192.7,Credit card (automatic),No internet service,No,No
2604-IJPDU,Month-to-month,20,96.55,1901.65,Electronic check,Yes,Yes,No
9178-JHUVJ,Two year,24,24.1,587.4,Bank transfer (automatic),No internet service,Yes,No
6168-YBYNP,Month-to-month,59,111.35,6519.75,Electronic check,Yes,Yes,No
7255-SSFBC,Two year,72,112.25,8041.65,Bank transfer (automatic),Yes,Yes,No
3645-DEYGF,Month-to-month,1,20.75,20.75,Mailed check,No internet service,No,No
9323-HGFWY,One year,27,101.9,2681.15,Credit card (automatic),Yes,Yes,No
8544-GOQSH,Month-to-month,14,80.05,1112.3,Credit card (automatic),Yes,Yes,No
3363-DTIVD,Two year,71,105.55,7405.5,Electronic check,No,No,No
7018-WBJNK,Month-to-month,13,78.3,1033.95,Credit card (automatic),No,Yes,No
9142-KZXOP,Month-to-month,44,68.85,2958.95,Credit card (automatic),No,No,No
7674-YTAFD,One year,33,79.95,2684.85,Bank transfer (automatic),Yes,Yes,No
6348-SNFUS,Two year,72,55.45,4179.2,Credit card (automatic),Yes,Yes,No
1285-OKIPP,Month-to-month,1,79.9,79.9,Electronic check,No,No,Yes
7825-ECJRF,Month-to-month,19,106.6,1934.45,Electronic check,Yes,Yes,Yes
1347-KTTTA,One year,64,102.45,6654.1,Credit card (automatic),Yes,Yes,No
7841-TZDMQ,Month-to-month,2,46.0,84.5,Credit card (automatic),No,Yes,Yes
4195-NZGTA,Month-to-month,1,25.25,25.25,Electronic check,No,No,No
7157-SMCFK,Two year,61,19.75,1124.2,Mailed check,No internet service,No,No
4709-LKHYG,One year,29,20.0,540.05,Electronic check,No internet service,No,No
2504-DSHIH,Month-to-month,23,86.8,1975.85,Electronic check,No,No,No
0699-NDKJM,Month-to-month,57,58.75,3437.45,Bank transfer (automatic),No,Yes,No
9286-BHDQG,Two year,72,45.25,3139.8,Credit card (automatic),Yes,No,No
0230-WEQUW,Two year,66,56.6,3789.2,Bank transfer (automatic),Yes,Yes,No
2040-LDIWQ,Two year,65,84.2,5324.5,Bank transfer (automatic),Yes,Yes,No
6496-JDSSB,Month-to-month,8,80.0,624.6,Bank transfer (automatic),No,Yes,No
9408-SSNVZ,Month-to-month,4,70.15,268.35,Electronic check,No,Yes,Yes
4443-EMBNA,Two year,71,24.75,1836.9,Bank transfer (automatic),No internet service,No,No
6469-MRVET,One year,1,20.2,20.2,Electronic check,No internet service,Yes,No
0742-MOABM,Month-to-month,4,50.05,179.35,Mailed check,Yes,No,Yes
5961-VUSRV,One year,12,19.35,219.35,Bank transfer (automatic),No internet service,Yes,No
6778-JFCMK,One year,24,50.6,1288.75,Mailed check,No,Yes,No
6341-JVQGF,One year,31,81.15,2545.75,Mailed check,Yes,Yes,No
2232-DMLXU,Month-to-month,1,55.2,55.2,Mailed check,No,No,Yes
4811-JBUVU,Month-to-month,30,89.9,2723.15,Credit card (automatic),Yes,Yes,No
0945-TSONX,Two year,47,85.3,4107.25,Credit card (automatic),Yes,Yes,No
2651-ZCBXV,Two year,54,108.0,5760.65,Credit card (automatic),Yes,Yes,No
3316-UWXUY,Month-to-month,50,93.5,4747.5,Credit card (automatic),Yes,Yes,No
8937-RDTHP,Month-to-month,1,84.6,84.6,Mailed check,No,Yes,Yes
7083-MIOPC,Two year,72,20.25,1566.9,Credit card (automatic),No internet service,No,No
1984-GPTEH,Month-to-month,29,25.15,702.0,Electronic check,No internet service,No,No
1251-KRREG,Month-to-month,2,54.4,114.1,Mailed check,No,Yes,Yes
0621-JFHOL,Two year,10,29.6,299.05,Mailed check,Yes,Yes,No
9903-LYSAB,Month-to-month,18,73.15,1305.95,Electronic check,No,Yes,No
0094-OIFMO,Month-to-month,11,95.0,1120.3,Electronic check,No,Yes,Yes
9227-UAQFT,Two year,16,19.75,284.35,Mailed check,No internet service,No,No
7301-ABVAD,Two year,72,86.6,6350.5,Bank transfer (automatic),Yes,No,No
6614-FHDBO,Two year,72,109.2,7878.3,Bank transfer (automatic),Yes,No,No
7576-ASEJU,One year,41,74.7,3187.65,Credit card (automatic),Yes,Yes,No
9058-HRZSV,Month-to-month,65,94.4,6126.15,Electronic check,No,No,No
4522-AKYLR,Month-to-month,13,54.8,731.3,Electronic check,No,Yes,No
0221-WMXNQ,Month-to-month,4,75.35,273.4,Electronic check,No,No,No
0303-UNCIP,One year,41,65.0,2531.8,Mailed check,No,No,No
9947-OTFQU,Month-to-month,15,74.4,1074.3,Electronic check,No,Yes,Yes
0322-YINQP,Month-to-month,1,48.55,48.55,Mailed check,No,Yes,Yes
0959-WHOKV,One year,42,99.0,4298.45,Electronic check,No,Yes,No
4075-JFPGR,One year,51,93.5,4619.55,Electronic check,No,Yes,No
4629-NRXKX,Month-to-month,2,70.4,147.15,Electronic check,No,No,Yes
9514-JDSKI,Month-to-month,1,40.2,40.2,Electronic check,No,No,Yes
3282-ZISZV,One year,32,83.7,2633.3,Credit card (automatic),Yes,No,No
3675-YDUPJ,Month-to-month,10,19.85,193.05,Mailed check,No internet service,Yes,No
4111-BNXIF,Two year,67,59.55,4103.9,Electronic check,Yes,Yes,No
7017-VFHAY,Two year,61,115.1,7008.15,Credit card (automatic),Yes,No,No
6655-LHBYW,One year,50,114.35,5791.1,Credit card (automatic),Yes,No,No
4959-JOSRX,Month-to-month,2,44.6,80.55,Credit card (automatic),No,Yes,Yes
5046-NUHWD,Month-to-month,29,45.0,1228.65,Electronic check,No,Yes,No
7273-TEFQD,Month-to-month,3,41.15,132.2,Electronic check,No,Yes,Yes
3606-TWKGI,Month-to-month,13,106.9,1364.3,Electronic check,No,Yes,Yes
7529-ZDFXI,Month-to-month,57,89.85,4925.35,Electronic check,No,Yes,No
7605-BDWDC,Two year,31,49.85,1520.1,Bank transfer (automatic),Yes,Yes,No
1950-KSVVJ,One year,45,113.3,5032.25,Mailed check,Yes,No,No
0123-CRBRT,Two year,61,88.1,5526.75,Mailed check,Yes,No,No
6292-TOSSS,Two year,50,24.9,1195.25,Bank transfer (automatic),No internet service,No,No
3197-ARFOY,Month-to-month,19,105.0,2007.25,Mailed check,Yes,Yes,No
6323-AYBRX,Two year,59,19.35,1099.6,Mailed check,No internet service,No,Yes
7014-ZZXAW,Two year,71,24.25,1732.95,Credit card (automatic),No internet service,Yes,No
4385-GZQXV,Month-to-month,16,94.45,1511.2,Electronic check,Yes,Yes,Yes
7633-MVPUY,Two year,57,59.75,3450.15,Electronic check,Yes,Yes,No
6366-ZGQGL,Month-to-month,1,24.8,24.8,Bank transfer (automatic),No,No,Yes
4716-HHKQH,Month-to-month,20,107.05,2172.05,Electronic check,Yes,No,No
5940-AHUHD,Month-to-month,1,70.6,70.6,Mailed check,No,No,Yes
6432-TWQLB,Month-to-month,5,85.4,401.1,Electronic check,Yes,Yes,Yes
4484-GLZOU,Month-to-month,52,105.05,5624.85,Electronic check,No,Yes,Yes
3179-GBRWV,Month-to-month,21,64.95,1339.8,Bank transfer (automatic),No,Yes,No
8645-KWHJO,Month-to-month,14,55.0,771.95,Electronic check,Yes,Yes,No
4130-MZLCC,Month-to-month,5,50.55,244.75,Bank transfer (automatic),No,No,No
0314-TKOSI,Month-to-month,6,55.15,322.9,Mailed check,No,No,No
8229-MYEJZ,Month-to-month,10,51.2,498.25,Electronic check,No,No,No
2080-SRCDE,Month-to-month,1,25.4,25.4,Mailed check,No internet service,No,No
9577-WJVCQ,Month-to-month,68,54.45,3687.75,Mailed check,No,No,No
9512-UIBFX,Month-to-month,18,95.15,1779.95,Mailed check,No,No,Yes
6202-DYYFX,One year,22,76.0,1783.6,Credit card (automatic),No,Yes,No
3808-HFKDE,Month-to-month,20,44.35,927.15,Electronic check,No,Yes,No
5583-SXDAG,Month-to-month,1,70.0,70.0,Electronic check,No,No,Yes
3488-PGMQJ,Month-to-month,8,74.5,606.55,Electronic check,No,Yes,Yes
3580-REOAC,Month-to-month,10,44.85,435.4,Credit card (automatic),No,Yes,Yes
7534-BFESC,Month-to-month,24,76.1,1712.7,Electronic check,No,Yes,Yes
3727-OWVYD,One year,35,61.2,2021.2,Mailed check,No,No,No
2294-SALNE,One year,23,86.8,1940.8,Mailed check,Yes,No,No
4847-TAJYI,Month-to-month,6,89.35,567.8,Electronic check,No,Yes,No
1563-IWQEX,Month-to-month,12,19.7,220.35,Mailed check,No internet service,No,No
8203-XJZRC,Month-to-month,1,20.25,20.25,Mailed check,No internet service,No,No
6556-DBKZF,Two year,71,76.05,5436.45,Electronic check,No,No,No
6851-WEFYX,Month-to-month,35,100.8,3437.5,Electronic check,No,Yes,No
2985-JUUBZ,Month-to-month,40,74.55,3015.75,Electronic check,No,Yes,No
6390-DSAZX,Month-to-month,1,73.6,73.6,Mailed check,No,Yes,Yes
0895-LMRSF,One year,23,64.9,1509.8,Bank transfer (automatic),No,Yes,No
8098-LLAZX,Month-to-month,4,95.45,396.1,Electronic check,No,Yes,Yes
8266-VBFQL,Month-to-month,4,90.4,356.65,Electronic check,Yes,Yes,No
8181-YHCMF,Two year,68,60.3,4109.0,Credit card (automatic),Yes,No,No
2240-HSJQD,Month-to-month,38,81.85,3141.7,Mailed check,No,Yes,No
1248-DYXUB,Two year,52,24.8,1229.1,Mailed check,No internet service,No,No
0265-EDXBD,Month-to-month,32,74.9,2303.35,Electronic check,No,Yes,Yes
4115-BNPJY,Two year,29,75.55,2054.4,Mailed check,Yes,No,No
3167-SNQPL,Month-to-month,38,101.15,3741.85,Electronic check,No,No,No
4091-TVOCN,One year,48,78.75,3682.45,Credit card (automatic),No,Yes,No
1098-TDVUQ,Month-to-month,1,19.25,19.25,Bank transfer (automatic),No internet service,Yes,No
7277-OZCGZ,Month-to-month,22,89.05,1886.25,Electronic check,Yes,Yes,No
1557-EMYVT,Two year,43,115.05,4895.1,Credit card (automatic),Yes,No,No
2799-ARNLO,Month-to-month,5,69.35,341.6,Electronic check,No,Yes,No
7563-BIUPC,Month-to-month,5,80.6,415.55,Electronic check,No,Yes,Yes
5027-YOCXN,One year,51,110.05,5686.4,Credit card (automatic),Yes,No,No
3973-SKMLN,Two year,71,19.9,1355.1,Credit card (automatic),No internet service,Yes,No
2321-OMBXY,One year,38,80.3,3058.65,Credit card (automatic),Yes,No,Yes
2840-XANRC,Month-to-month,24,93.15,2231.05,Electronic check,No,Yes,Yes
6745-JEFZB,Month-to-month,35,91.5,3236.35,Credit card (automatic),Yes,Yes,No
5020-ZSTTY,One year,54,82.45,4350.1,Bank transfer (automatic),Yes,No,Yes
9880-TDQAC,Two year,72,60.0,4264.0,Electronic check,Yes,Yes,No
8705-WZCYL,Month-to-month,1,44.8,44.8,Electronic check,No,Yes,No
7102-JJVTX,One year,9,48.6,422.3,Mailed check,No,No,No
8626-PTQGE,Two year,69,60.05,4176.7,Bank transfer (automatic),Yes,Yes,No
4983-CLMLV,Month-to-month,52,102.7,5138.1,Credit card (automatic),Yes,Yes,No
5701-YVSVF,Month-to-month,11,82.9,880.05,Electronic check,Yes,Yes,No
5804-LEPIM,Month-to-month,2,70.35,139.05,Electronic check,No,Yes,Yes
5697-GOMBF,Month-to-month,28,35.9,973.65,Electronic check,No,Yes,No
2739-CACDQ,Month-to-month,17,82.65,1470.05,Credit card (automatic),No,Yes,No
9385-EHGDO,Two year,35,19.85,739.35,Mailed check,No internet service,Yes,No
9498-FIMXL,One year,8,19.2,161.95,Mailed check,No internet service,Yes,No
2379-GYFLQ,One year,46,94.9,4422.95,Credit card (automatic),No,Yes,No
0122-OAHPZ,Month-to-month,7,73.85,511.25,Electronic check,No,Yes,Yes
2868-SNELZ,Month-to-month,2,80.6,155.8,Mailed check,No,No,Yes
4322-RCYMT,One year,68,75.8,5293.95,Bank transfer (automatic),Yes,Yes,Yes
6680-NENYN,Two year,43,104.6,4759.85,Electronic check,No,Yes,Yes
2088-IEBAU,Two year,68,88.15,6148.45,Electronic check,Yes,Yes,No
7982-VCELR,Month-to-month,36,94.8,3565.65,Credit card (automatic),No,Yes,No
1343-EHPYB,Month-to-month,63,103.4,6603.0,Electronic check,No,Yes,Yes
6035-BXTTY,Month-to-month,32,54.65,1830.1,Bank transfer (automatic),Yes,No,No
6885-PKOAM,Two year,71,85.75,6223.8,Credit card (automatic),Yes,No,No
7520-HQWJU,Month-to-month,66,67.45,4508.65,Bank transfer (automatic),No,Yes,No
9639-BUJXT,One year,63,20.5,1328.15,Mailed check,No internet service,No,No
5924-SNGKP,One year,41,20.25,865.0,Credit card (automatic),No internet service,Yes,No
0021-IKXGC,Month-to-month,1,72.1,72.1,Electronic check,No,Yes,No
2034-GDRCN,Month-to-month,2,90.4,168.2,Electronic check,No,Yes,Yes
8966-SNIZF,Two year,70,19.45,1303.5,Bank transfer (automatic),No internet service,No,No
6243-OZGFH,Month-to-month,23,44.95,996.85,Electronic check,No,Yes,No
4654-DLAMQ,One year,64,97.0,6430.9,Bank transfer (automatic),No,No,No
0513-RBGPE,Two year,37,62.8,2278.75,Credit card (automatic),Yes,Yes,No
5160-UXJED,One year,17,44.6,681.4,Mailed check,No,No,No
4115-NZRKS,Month-to-month,7,89.15,574.35,Electronic check,No,Yes,No
0219-YTZUE,Month-to-month,4,84.8,371.9,Bank transfer (automatic),No,Yes,Yes
0623-IIHUG,Month-to-month,21,41.9,840.1,Electronic check,No,Yes,Yes
4572-DVCGN,Month-to-month,10,80.25,846.0,Bank transfer (automatic),No,Yes,Yes
3351-NGXYI,Month-to-month,16,54.1,889.0,Electronic check,No,Yes,No
8984-EYLLL,Two year,64,105.25,6823.4,Electronic check,Yes,Yes,No
9057-MSWCO,Month-to-month,27,30.75,805.1,Credit card (automatic),No,No,Yes
9833-TGFHX,One year,42,97.1,4016.75,Electronic check,No,No,No
9294-TDIPC,Month-to-month,5,20.2,83.75,Mailed check,No internet service,No,No
5229-DTFYB,Two year,41,98.8,3959.15,Bank transfer (automatic),Yes,Yes,No
0104-PPXDV,One year,58,50.3,2878.55,Credit card (automatic),No,No,No
5176-LMJXE,Two year,47,20.55,945.7,Mailed check,No internet service,Yes,No
3583-KRKMD,Month-to-month,18,75.9,1373.05,Bank transfer (automatic),Yes,Yes,No
1010-DIAUQ,Month-to-month,5,96.5,492.55,Bank transfer (automatic),No,No,Yes
9069-LGEUL,Month-to-month,23,59.95,1406.0,Bank transfer (automatic),No,Yes,No
7302-ZHMHP,Month-to-month,1,19.15,19.15,Mailed check,No internet service,No,No
9571-EDEBV,One year,71,98.65,6962.85,Credit card (automatic),No,Yes,No
3520-FJGCV,Two year,72,112.6,8126.65,Credit card (automatic),Yes,Yes,No
6563-VRERX,One year,33,20.6,690.25,Mailed check,No internet service,No,No
0259-GBZSH,Month-to-month,2,85.65,181.5,Electronic check,No,Yes,Yes
6122-EFVKN,Two year,24,35.75,830.8,Mailed check,Yes,No,No
2805-EDJPQ,One year,56,99.75,5608.4,Credit card (automatic),Yes,Yes,No
6862-CQUMB,Month-to-month,37,96.1,3646.8,Credit card (automatic),No,Yes,No
7156-MXBJE,One year,43,85.1,3662.25,Credit card (automatic),Yes,No,No
6158-HDPXZ,Month-to-month,1,25.35,25.35,Mailed check,No,No,No
9601-BRXPO,Month-to-month,25,104.95,2566.5,Bank transfer (automatic),Yes,Yes,Yes
2863-IMQDR,Two year,61,89.65,5308.7,Electronic check,Yes,No,No
5686-CMAWK,One year,17,86.75,1410.25,Electronic check,Yes,No,No
5651-CRHKQ,One year,41,86.2,3339.05,Bank transfer (automatic),Yes,Yes,No
6905-NIQIN,Month-to-month,1,50.65,50.65,Mailed check,No,No,Yes
8204-YJCLA,Two year,72,64.8,4732.35,Bank transfer (automatic),Yes,Yes,No
5167-ZFFMM,Month-to-month,1,90.85,90.85,Credit card (automatic),No,Yes,Yes
6583-SZVGP,Two year,48,108.1,5067.45,Bank transfer (automatic),No,Yes,No
4895-TMWIR,Month-to-month,11,19.95,214.75,Mailed check,No internet service,No,Yes
0533-BNWKF,Month-to-month,55,85.45,4874.7,Electronic check,No,Yes,Yes
1708-PBBOA,One year,42,54.75,2348.45,Electronic check,Yes,Yes,No
8782-LKFPK,Month-to-month,44,90.4,4063.0,Mailed check,No,Yes,No
5522-JBWMO,Month-to-month,1,44.0,44.0,Electronic check,No,No,No
3597-MVHJT,Month-to-month,27,95.6,2595.25,Bank transfer (automatic),No,Yes,No
9774-NRNAU,Month-to-month,27,84.8,2309.55,Bank transfer (automatic),Yes,Yes,No
0224-RLWWD,Month-to-month,2,44.3,89.3,Electronic check,No,Yes,No
9967-ATRFS,Month-to-month,19,19.9,367.55,Mailed check,No internet service,No,No
3951-NJCVI,Month-to-month,42,95.05,3944.5,Electronic check,No,Yes,No
2977-CEBSX,Two year,66,90.05,5965.95,Credit card (automatic),Yes,Yes,No
0177-PXBAT,Month-to-month,33,109.9,3694.7,Bank transfer (automatic),Yes,Yes,No
6599-CEBNN,Month-to-month,34,73.95,2524.45,Credit card (automatic),No,Yes,Yes
2519-ERQOJ,Month-to-month,33,54.6,1803.7,Electronic check,Yes,Yes,No
5876-QMYLD,One year,23,20.05,415.1,Mailed check,No internet service,No,No
2277-AXSDC,One year,32,19.75,624.15,Bank transfer (automatic),No internet service,No,No
9442-JTWDL,One year,11,20.05,237.7,Credit card (automatic),No internet service,No,No
0979-PHULV,Month-to-month,69,99.45,7007.6,Credit card (automatic),No,Yes,Yes
3067-SVMTC,One year,68,55.9,3848.8,Bank transfer (automatic),Yes,No,No
5495-GPSRW,Two year,20,19.7,419.4,Mailed check,No internet service,Yes,No
7606-BPHHN,Two year,72,19.8,1468.75,Credit card (automatic),No internet service,Yes,No
4742-DRORA,One year,60,95.4,5812.0,Bank transfer (automatic),No,Yes,No
0111-KLBQG,Month-to-month,32,93.95,2861.45,Mailed check,No,Yes,No
4800-VHZKI,Month-to-month,1,19.9,19.9,Mailed check,No internet service,Yes,Yes
7989-CHGTL,Month-to-month,1,19.6,19.6,Mailed check,No internet service,Yes,Yes
0334-GDDSO,Month-to-month,3,81.35,233.7,Electronic check,No,Yes,Yes
4163-NCJAK,One year,46,24.45,1066.15,Bank transfer (automatic),No internet service,Yes,No
5233-AOZUF,Month-to-month,29,74.95,2149.05,Electronic check,No,Yes,No
5973-EJGDP,Month-to-month,51,87.35,4473.0,Electronic check,Yes,Yes,No
1996-DBMUS,Month-to-month,48,70.65,3545.05,Bank transfer (automatic),No,Yes,No
7916-VCCPB,Month-to-month,16,73.25,1195.75,Bank transfer (automatic),No,No,No
4686-GEFRM,Two year,70,98.7,6858.9,Bank transfer (automatic),Yes,Yes,No
5249-QYHEX,Two year,40,24.8,1024.7,Mailed check,No internet service,Yes,No
0578-SKVMF,Month-to-month,22,83.3,1845.9,Electronic check,No,No,Yes
5564-NEMQO,Month-to-month,1,75.3,75.3,Bank transfer (automatic),No,Yes,Yes
2233-FAGXV,Month-to-month,5,24.3,132.25,Mailed check,No internet service,Yes,No
5605-IYGFG,Month-to-month,7,69.85,515.45,Bank transfer (automatic),No,Yes,No
7663-ZTEGJ,One year,29,100.55,2830.45,Credit card (automatic),Yes,No,No
3935-TBRZZ,One year,44,25.7,1110.5,Mailed check,No internet service,No,No
8111-BKVDS,Month-to-month,10,40.7,449.3,Bank transfer (automatic),No,No,No
2055-SIFSS,Month-to-month,55,51.65,2838.55,Bank transfer (automatic),No,No,No
2806-MLNTI,One year,52,105.1,5376.4,Bank transfer (automatic),No,Yes,No
8734-DKSTZ,Month-to-month,10,85.95,858.6,Electronic check,No,No,No
4360-PNRQB,Month-to-month,18,75.6,1395.05,Bank transfer (automatic),No,Yes,No
6152-ONASV,One year,68,58.25,3975.7,Bank transfer (automatic),Yes,No,No
9063-ZGTUY,Month-to-month,61,19.4,1182.55,Mailed check,No internet service,Yes,Yes
7781-HVGMK,Two year,72,65.2,4784.45,Credit card (automatic),Yes,Yes,No
2181-UAESM,Month-to-month,2,53.45,119.5,Electronic check,No,No,No
2957-LOLHO,Month-to-month,12,45.4,518.9,Bank transfer (automatic),No,Yes,Yes
6048-NJXHX,Two year,41,19.75,899.45,Electronic check,No internet service,Yes,No
2320-SLKMB,Month-to-month,26,44.45,1183.8,Credit card (automatic),Yes,Yes,No
4980-URKXC,One year,36,20.85,720.05,Bank transfer (automatic),No internet service,No,No
4376-KFVRS,Two year,72,114.05,8468.2,Credit card (automatic),Yes,Yes,No
5886-VLQVU,Month-to-month,35,89.85,3161.2,Bank transfer (automatic),Yes,Yes,No
3577-AMVUX,Month-to-month,1,55.05,55.05,Mailed check,Yes,No,No
0771-WLCLA,Month-to-month,16,112.95,1882.55,Electronic check,Yes,Yes,No
5628-RKIFK,Month-to-month,49,101.55,5070.4,Credit card (automatic),No,No,No
0206-TBWLC,One year,54,114.65,6049.5,Mailed check,Yes,Yes,No
2937-FTHUR,Month-to-month,18,64.8,1166.7,Electronic check,No,No,No
1910-FMXJM,Month-to-month,36,80.4,2937.65,Electronic check,No,No,No
7752-XUSCI,Month-to-month,60,105.9,6396.45,Electronic check,No,Yes,Yes
4110-PFEUZ,Month-to-month,1,69.55,69.55,Mailed check,No,No,Yes
0732-OCQOC,Two year,52,25.05,1270.25,Bank transfer (automatic),No internet service,Yes,No
5168-MSWXT,Month-to-month,8,94.75,759.55,Electronic check,No,Yes,No
1090-ESELR,Two year,72,105.5,7611.55,Bank transfer (automatic),Yes,No,No
8592-PLTMQ,One year,64,24.7,1642.75,Mailed check,No internet service,No,No
5760-WRAHC,Month-to-month,22,69.75,1545.4,Mailed check,Yes,Yes,No
8847-GEOOQ,Month-to-month,60,60.2,3582.4,Bank transfer (automatic),Yes,Yes,No
0256-LTHVJ,Month-to-month,28,81.05,2227.1,Electronic check,No,Yes,Yes
4785-FCIFB,Two year,61,24.4,1417.9,Mailed check,No internet service,No,No
8313-NDOIA,Month-to-month,24,104.15,2494.65,Electronic check,No,Yes,No
5149-CUZUJ,One year,28,92.9,2768.35,Bank transfer (automatic),Yes,No,No
0942-KOWSM,Two year,30,80.8,2369.3,Bank transfer (automatic),Yes,No,No
4237-CLSMM,Month-to-month,2,20.0,38.0,Mailed check,No internet service,No,No
1452-VOQCH,Month-to-month,1,75.1,75.1,Electronic check,No,Yes,No
4719-UMSIY,Month-to-month,6,19.65,100.9,Mailed check,No internet service,No,No
6614-VBEGU,Month-to-month,24,69.45,1614.05,Bank transfer (automatic),No,Yes,No
0880-TKATG,Month-to-month,4,101.15,385.9,Electronic check,No,No,Yes
3811-VBYBZ,Month-to-month,7,99.8,673.25,Electronic check,No,Yes,Yes
1480-BKXGA,Two year,72,116.05,8404.9,Bank transfer (automatic),Yes,Yes,No
2996-XAUVF,Two year,70,40.05,2799.75,Mailed check,Yes,Yes,No
9076-AXYIK,Two year,64,102.1,6538.45,Electronic check,Yes,No,No
5968-XQIVE,One year,72,89.7,6588.95,Electronic check,No,Yes,No
8896-RAZCR,Two year,44,19.9,868.1,Mailed check,No internet service,No,No
4640-UHDOS,Month-to-month,13,55.95,734.35,Electronic check,No,No,Yes
4933-IKULF,One year,17,20.65,330.6,Mailed check,No internet service,No,No
3583-EKAPL,Month-to-month,1,55.0,55.0,Electronic check,No,Yes,Yes
1304-BCCFO,Month-to-month,9,70.05,564.4,Mailed check,No,Yes,No
4104-PVRPS,Month-to-month,24,53.6,1315.35,Mailed check,Yes,No,No
9399-APLBT,Month-to-month,1,74.7,74.7,Electronic check,No,Yes,Yes
2359-KMGLI,Month-to-month,24,80.25,1861.5,Electronic check,No,Yes,Yes
3780-DDGSE,Month-to-month,35,76.05,2747.2,Electronic check,Yes,Yes,No
4431-EDMIQ,Month-to-month,7,75.7,554.05,Electronic check,Yes,Yes,No
0306-JAELE,Month-to-month,5,96.1,453.4,Electronic check,Yes,Yes,Yes
6227-HWPWX,Month-to-month,15,69.0,994.8,Bank transfer (automatic),No,No,Yes
0486-LGCCH,Two year,11,19.65,225.75,Mailed check,No internet service,No,No
0447-BEMNG,Month-to-month,48,45.3,2145.0,Bank transfer (automatic),No,Yes,Yes
4612-SSVHJ,Month-to-month,20,81.45,1671.6,Electronic check,No,Yes,No
5168-MQQCA,One year,72,108.5,8003.8,Bank transfer (automatic),Yes,Yes,No
5949-XIKAE,Month-to-month,8,83.55,680.05,Electronic check,No,Yes,Yes
7971-HLVXI,Two year,72,84.5,6130.85,Credit card (automatic),No,Yes,No
9094-AZPHK,Month-to-month,15,100.15,1415.0,Electronic check,No,Yes,No
3649-JPUGY,Two year,72,88.6,6201.95,Bank transfer (automatic),Yes,Yes,No
4472-LVYGI,Two year,0,52.55,0.0,Bank transfer (automatic),Yes,Yes,No
8372-JUXUI,Month-to-month,1,74.35,74.35,Electronic check,No,Yes,Yes
3552-CTCYF,Two year,63,104.8,6597.25,Bank transfer (automatic),No,Yes,No
6778-YSNIH,Month-to-month,2,59.0,114.15,Electronic check,No,Yes,No
0388-EOPEX,Month-to-month,2,74.4,139.4,Electronic check,No,Yes,Yes
5756-OZRIO,One year,61,64.05,3902.6,Bank transfer (automatic),No,No,No
6579-JPICP,Month-to-month,1,20.4,20.4,Mailed check,No internet service,No,No
8205-OTCHB,One year,22,43.75,903.6,Bank transfer (automatic),No,Yes,Yes
4134-BSXLX,Month-to-month,28,60.9,1785.65,Mailed check,Yes,No,No
0505-SPOOW,Two year,70,19.8,1397.65,Bank transfer (automatic),No internet service,No,No
6235-VDHOM,Month-to-month,5,28.45,131.05,Electronic check,No,No,Yes
7783-YKGDV,Month-to-month,12,99.7,1238.45,Bank transfer (automatic),No,Yes,Yes
4374-YMUSQ,One year,34,116.25,3899.05,Credit card (automatic),Yes,No,No
4513-CXYIX,Two year,71,80.7,5676.0,Credit card (automatic),No,Yes,No
3957-HHLMR,One year,70,65.2,4543.15,Bank transfer (automatic),No,No,No
7803-XOCCZ,Month-to-month,52,84.05,4326.8,Bank transfer (automatic),Yes,Yes,No
5736-YEJAX,Two year,69,79.45,5502.55,Credit card (automatic),Yes,Yes,No
5609-CEBID,Month-to-month,20,94.1,1782.4,Electronic check,No,Yes,Yes
8981-FJGLA,Month-to-month,11,78.0,851.8,Mailed check,No,Yes,No
7218-HKQFK,Month-to-month,2,94.2,167.5,Electronic check,Yes,Yes,Yes
4636-QRJKY,Month-to-month,6,80.5,502.85,Electronic check,Yes,Yes,Yes
1135-LMECX,Month-to-month,1,19.85,19.85,Mailed check,No internet service,No,No
4332-MUOEZ,One year,20,94.3,1818.3,Credit card (automatic),Yes,No,No
8535-SFUTN,Month-to-month,61,106.45,6300.15,Electronic check,No,Yes,No
5956-VKDTT,Month-to-month,5,74.35,334.8,Electronic check,No,Yes,Yes
8677-HDZEE,Month-to-month,56,105.45,5916.95,Bank transfer (automatic),Yes,Yes,No
2475-MROZF,Month-to-month,30,95.0,2852.4,Credit card (automatic),Yes,Yes,No
9412-GHEEC,Month-to-month,40,104.8,4131.95,Bank transfer (automatic),Yes,No,Yes
3482-ABPKK,One year,28,54.3,1546.3,Mailed check,Yes,No,No
6705-LXORM,Month-to-month,5,70.05,302.6,Electronic check,No,No,No
0257-ZESQC,Month-to-month,27,75.2,1929.35,Bank transfer (automatic),No,Yes,Yes
7531-GQHME,Month-to-month,12,20.05,265.45,Credit card (automatic),No internet service,No,No
5174-ITUMV,One year,67,105.4,6989.45,Electronic check,No,Yes,No
4109-CYRBD,Month-to-month,29,51.6,1442.0,Electronic check,No,Yes,No
0913-XWSCN,Month-to-month,55,85.5,4713.4,Bank transfer (automatic),No,No,No
6825-UYPFK,Month-to-month,23,75.6,1758.6,Bank transfer (automatic),No,No,Yes
8397-MVTAZ,Month-to-month,34,100.05,3480.0,Electronic check,No,Yes,Yes
0750-EBAIU,One year,52,91.25,4738.3,Electronic check,No,No,No
8606-CIQUL,Two year,72,115.75,8399.15,Credit card (automatic),Yes,Yes,No
3571-DPYUH,One year,58,94.7,5430.35,Credit card (automatic),Yes,Yes,No
7601-GNDYK,Two year,35,19.6,686.95,Mailed check,No internet service,No,No
0356-OBMAC,Two year,56,99.9,5706.3,Bank transfer (automatic),Yes,Yes,No
8067-NIOYM,Two year,24,21.1,490.65,Credit card (automatic),No internet service,Yes,No
1403-GYAFU,Two year,70,20.05,1360.25,Credit card (automatic),No internet service,No,No
4234-XTNEA,Month-to-month,2,79.95,174.45,Electronic check,No,Yes,No
1297-VQDRP,One year,68,107.15,7379.8,Credit card (automatic),Yes,Yes,No
9282-IZGQK,Month-to-month,1,85.0,85.0,Electronic check,No,Yes,Yes
5348-CAGXB,Month-to-month,12,89.55,1021.75,Electronic check,No,Yes,No
0621-HJWXJ,Month-to-month,63,81.55,5029.05,Bank transfer (automatic),No,Yes,No
5844-QVTAT,One year,33,58.45,1955.4,Mailed check,No,Yes,No
8905-IAZPF,One year,69,95.65,6744.2,Credit card (automatic),No,Yes,No
5394-MEITZ,Two year,60,80.6,4946.7,Bank transfer (automatic),Yes,Yes,No
6859-QNXIQ,Two year,72,113.1,8248.5,Bank transfer (automatic),Yes,Yes,No
2782-LFZVW,Month-to-month,11,58.95,601.6,Mailed check,No,Yes,No
2866-IKBTM,Month-to-month,1,19.55,19.55,Mailed check,No internet service,No,No
1342-JPNKI,Month-to-month,10,86.05,834.1,Bank transfer (automatic),No,Yes,Yes
2817-NTQDO,Month-to-month,13,45.55,597.0,Credit card (automatic),Yes,Yes,Yes
7129-AZJDE,One year,34,78.95,2647.2,Bank transfer (automatic),No,Yes,No
6986-IJDHX,Month-to-month,39,86.3,3266.0,Mailed check,No,Yes,Yes
2560-PPCHE,One year,65,105.05,6744.25,Bank transfer (automatic),Yes,Yes,No
4676-MQUEA,One year,50,101.9,5265.5,Bank transfer (automatic),No,Yes,No
8138-EALND,Month-to-month,15,19.75,311.6,Mailed check,No internet service,No,No
3580-HYCSP,Two year,72,110.3,7966.9,Bank transfer (automatic),No,Yes,No
1352-HNSAW,Two year,72,115.6,8220.4,Bank transfer (automatic),Yes,Yes,No
2075-PUEPR,Two year,55,19.35,1153.25,Bank transfer (automatic),No internet service,No,No
1982-FEBTD,Two year,23,25.6,514.75,Credit card (automatic),No internet service,Yes,No
5301-GAUUY,Month-to-month,32,80.35,2596.15,Bank transfer (automatic),No,Yes,Yes
5791-KAJFD,One year,56,68.75,3808.0,Bank transfer (automatic),No,Yes,No
2654-VBVPB,Month-to-month,1,19.9,19.9,Bank transfer (automatic),No internet service,No,No
1154-HYWWO,One year,38,70.6,2708.2,Mailed check,Yes,No,No
2501-XWWTZ,Month-to-month,11,70.2,760.05,Electronic check,No,No,No
3716-UVSPD,Month-to-month,1,49.3,49.3,Electronic check,Yes,Yes,No
6815-ABQFQ,One year,56,107.25,6033.3,Electronic check,Yes,Yes,No
7343-EOBEU,Month-to-month,3,23.6,89.05,Mailed check,No internet service,Yes,No
3701-SFMUH,Month-to-month,7,69.7,516.15,Credit card (automatic),No,No,No
6103-LIANB,Two year,59,99.5,5861.75,Credit card (automatic),No,Yes,No
7319-VENRZ,Month-to-month,7,64.3,445.95,Bank transfer (automatic),Yes,No,No
5846-NEQVZ,Two year,71,70.85,4973.4,Credit card (automatic),Yes,Yes,No
6967-QIQRV,One year,15,101.9,1667.25,Electronic check,Yes,No,No
5781-RFZRP,Two year,71,73.5,5357.75,Credit card (automatic),Yes,No,No
0939-YAPAF,Month-to-month,35,100.25,3527.6,Electronic check,No,Yes,Yes
0308-IVGOK,One year,11,40.4,422.6,Credit card (automatic),Yes,Yes,No
7293-LSCDV,Two year,60,19.25,1103.25,Credit card (automatic),No internet service,Yes,No
7025-WCBNE,Two year,47,59.6,2754.0,Bank transfer (automatic),Yes,No,No
5756-JYOJT,One year,11,64.9,697.25,Credit card (automatic),Yes,No,No
4710-FDUIZ,One year,56,100.3,5614.45,Credit card (automatic),No,No,Yes
6030-REHUX,Month-to-month,28,110.85,3204.4,Electronic check,Yes,Yes,No
9548-LIGTA,Two year,61,81.05,4747.65,Mailed check,Yes,Yes,No
5150-LJNSR,One year,31,98.05,3082.1,Bank transfer (automatic),No,No,No
8270-RKSAP,Month-to-month,9,70.5,597.9,Electronic check,No,Yes,No
6522-YRBXD,Month-to-month,35,94.55,3365.4,Electronic check,No,Yes,No
2640-LYMOV,Month-to-month,2,19.65,38.8,Mailed check,No internet service,Yes,No
1218-VKFPE,Month-to-month,12,19.0,233.55,Mailed check,No internet service,No,Yes
3627-FHKBK,Month-to-month,1,75.3,75.3,Mailed check,No,No,Yes
2865-TCHJW,Month-to-month,4,89.2,346.2,Electronic check,No,Yes,Yes
1423-BMPBQ,Month-to-month,1,19.0,19.0,Mailed check,No internet service,Yes,No
2393-DIVAI,Month-to-month,3,20.0,61.7,Mailed check,No internet service,Yes,No
5192-EBGOV,Month-to-month,1,85.7,85.7,Electronic check,No,Yes,Yes
4568-KNYWR,Two year,52,63.25,3342.45,Credit card (automatic),No,Yes,No
8752-IMQOS,One year,5,20.1,85.1,Mailed check,No internet service,No,No
0742-LAFQK,Two year,72,99.15,7422.1,Electronic check,No,Yes,No
0795-LAFGP,Two year,71,90.4,6668.05,Electronic check,Yes,No,No
0619-OLYUR,Two year,72,111.9,8071.05,Credit card (automatic),Yes,Yes,No
5512-IDZEI,One year,46,24.9,1174.8,Electronic check,No internet service,No,No
0459-SPZHJ,Two year,63,83.5,5435.0,Credit card (automatic),No,No,No
0215-BQKGS,Month-to-month,30,84.3,2438.6,Credit card (automatic),No,Yes,No
9244-ZVAPM,Month-to-month,1,45.6,45.6,Mailed check,No,No,No
0719-SYFRB,Month-to-month,12,61.65,713.75,Mailed check,Yes,Yes,Yes
8208-EUMTE,Two year,16,54.85,916.15,Mailed check,Yes,No,No
5172-MIGPM,Month-to-month,4,65.55,237.2,Mailed check,Yes,No,No
1710-RCXUS,One year,51,90.35,4614.55,Credit card (automatic),No,Yes,No
0374-FIUCA,Two year,65,20.4,1414.45,Credit card (automatic),No internet service,Yes,No
5839-SUYVZ,Month-to-month,16,74.55,1170.5,Credit card (automatic),Yes,Yes,No
5173-ZXXXL,One year,2,19.95,47.7,Mailed check,No internet service,No,No
1096-ADRUX,One year,66,74.25,4859.25,Bank transfer (automatic),No,Yes,No
2001-MCUUW,Two year,46,108.65,4903.2,Electronic check,Yes,No,No
2731-GJRDG,One year,32,109.55,3608.0,Bank transfer (automatic),Yes,Yes,No
4723-BEGSG,Two year,72,86.65,6094.25,Credit card (automatic),Yes,No,No
6516-NKQBO,Two year,38,81.0,3084.9,Credit card (automatic),Yes,No,No
8672-OAUPW,One year,51,47.85,2356.75,Credit card (automatic),Yes,No,No
8207-DMRVL,Two year,72,114.55,8306.05,Bank transfer (automatic),Yes,No,No
3419-SNJJD,Month-to-month,65,105.25,6786.4,Bank transfer (automatic),No,No,Yes
6543-CPZMK,Month-to-month,9,29.95,248.95,Electronic check,No,Yes,Yes
4765-OXPPD,Month-to-month,9,65.0,663.05,Mailed check,Yes,No,Yes
2804-ETQDK,Two year,66,20.55,1357.1,Mailed check,No internet service,No,No
6689-VRRTK,One year,44,109.8,4860.35,Credit card (automatic),No,Yes,No
7138-GIRSH,Two year,50,69.5,3418.2,Bank transfer (automatic),Yes,No,No
9396-ZSFLL,Month-to-month,15,48.85,631.4,Mailed check,No,No,No
6464-KEXXH,Month-to-month,8,25.25,186.3,Credit card (automatic),No,Yes,No
7134-MJPDY,One year,66,102.85,6976.75,Credit card (automatic),Yes,Yes,No
5240-CAOYT,Month-to-month,57,87.55,4884.85,Bank transfer (automatic),Yes,Yes,No
4059-IIEBK,Month-to-month,7,78.55,522.95,Bank transfer (automatic),No,Yes,No
4881-JVQOD,Month-to-month,10,34.55,362.6,Bank transfer (automatic),No,Yes,No
0516-UXRMT,One year,62,92.05,5755.8,Electronic check,No,Yes,No
4851-BQDNX,One year,40,85.05,3355.65,Electronic check,No,Yes,No
5148-HKFIR,Two year,20,19.7,406.95,Mailed check,No internet service,No,No
1009-IRMNA,Month-to-month,7,20.0,137.6,Bank transfer (automatic),No internet service,No,Yes
3003-CMDUU,Month-to-month,25,95.15,2395.7,Electronic check,Yes,Yes,No
5016-IBERQ,Month-to-month,23,84.25,1968.1,Electronic check,No,No,No
6797-UCJHZ,One year,66,104.6,6819.45,Credit card (automatic),No,No,No
2469-DTSGX,Two year,72,111.65,7943.45,Electronic check,Yes,No,No
4554-YGZIH,Month-to-month,49,90.05,4547.25,Credit card (automatic),No,No,Yes
5099-BAILX,Month-to-month,43,110.75,4687.9,Bank transfer (automatic),Yes,Yes,Yes
9931-KGHOA,Month-to-month,46,55.0,2473.95,Bank transfer (automatic),No,No,No
1775-KWJKQ,Two year,72,89.85,6562.9,Credit card (automatic),Yes,No,No
7665-VIGUD,One year,10,20.35,176.3,Mailed check,No internet service,No,No
9411-TPQQV,One year,40,54.55,2236.2,Bank transfer (automatic),Yes,Yes,No
7207-RMRDB,Month-to-month,65,105.5,6985.65,Electronic check,No,Yes,Yes
7954-MLBUN,Two year,31,99.45,3109.9,Bank transfer (automatic),Yes,No,No
2077-DDHJK,Two year,68,70.9,4911.35,Credit card (automatic),Yes,No,No
4913-EHYUI,One year,56,104.55,5794.65,Bank transfer (automatic),No,Yes,Yes
0195-IESCP,Month-to-month,10,85.25,855.3,Electronic check,No,Yes,Yes
9574-BOSMD,Two year,68,25.4,1620.2,Bank transfer (automatic),No internet service,No,No
4580-TMHJU,Month-to-month,43,56.15,2499.3,Electronic check,No,No,Yes
0970-ETWGE,Month-to-month,1,89.55,89.55,Electronic check,No,Yes,Yes
4908-XAXAY,One year,49,89.85,4287.2,Bank transfer (automatic),No,Yes,No
8404-VLQFB,Month-to-month,15,25.25,394.85,Electronic check,No internet service,Yes,No
1626-ERCMM,Month-to-month,20,94.55,1899.65,Electronic check,No,Yes,Yes
0887-HJGAR,Month-to-month,1,45.7,45.7,Mailed check,No,Yes,Yes
2391-IPLOP,One year,50,69.65,3442.15,Electronic check,Yes,Yes,No
5644-PDMZC,Month-to-month,2,89.5,161.5,Electronic check,No,No,Yes
3509-GWQGF,Month-to-month,24,70.0,1732.6,Credit card (automatic),No,No,No
9576-ANLXO,Month-to-month,3,69.55,222.3,Bank transfer (automatic),No,Yes,Yes
2024-BASKD,Month-to-month,1,74.6,74.6,Mailed check,No,Yes,Yes
5845-BZZIB,Two year,35,20.1,655.3,Mailed check,No internet service,No,No
1140-UKVZG,Month-to-month,17,24.8,475.25,Mailed check,No internet service,No,No
4160-AMJTL,Month-to-month,8,19.65,164.3,Electronic check,No internet service,No,Yes
5183-SNMJQ,Month-to-month,10,95.1,865.1,Credit card (automatic),Yes,Yes,No
8100-PNJMH,Two year,68,88.85,6132.7,Credit card (automatic),Yes,Yes,No
7838-LAZFO,One year,45,78.8,3597.5,Bank transfer (automatic),No,No,No
4464-JCOLN,One year,2,19.85,35.9,Mailed check,No internet service,No,Yes
2085-JVGAD,Month-to-month,37,20.35,697.65,Bank transfer (automatic),No internet service,No,No
5650-VDUDS,Month-to-month,4,24.25,96.05,Mailed check,No,Yes,Yes
8095-WANWK,Month-to-month,10,45.25,428.7,Mailed check,No,No,No
3030-ZKIWL,Month-to-month,1,20.05,20.05,Mailed check,No internet service,No,No
9565-FLVCG,Two year,65,69.55,4459.15,Mailed check,No,Yes,No
8755-OGKNA,Two year,57,19.5,1167.6,Bank transfer (automatic),No internet service,No,No
2800-VEQXM,Month-to-month,3,74.75,238.1,Mailed check,No,Yes,No
7538-GWHML,Month-to-month,2,69.65,145.15,Electronic check,No,No,Yes
5533-RJFTJ,Month-to-month,49,30.2,1453.1,Bank transfer (automatic),No,Yes,No
3859-CVCET,Month-to-month,4,45.65,191.05,Mailed check,No,No,Yes
0214-JHPFW,Two year,70,57.8,4039.3,Bank transfer (automatic),Yes,No,No
5642-MHDQT,One year,53,19.85,1039.45,Bank transfer (automatic),No internet service,Yes,No
3088-FVYWK,Two year,53,25.55,1336.1,Credit card (automatic),No internet service,No,No
3276-HDUEG,Month-to-month,1,75.05,75.05,Mailed check,No,Yes,Yes
9092-GDZKO,Month-to-month,22,24.85,493.4,Credit card (automatic),No internet service,Yes,No
0823-HSCDJ,Month-to-month,52,49.15,2550.9,Electronic check,No,Yes,Yes
3729-OWRVL,Two year,65,110.35,7246.15,Electronic check,Yes,Yes,No
2324-AALNO,One year,48,24.55,1203.95,Bank transfer (automatic),No internet service,No,No
0822-GAVAP,Month-to-month,2,34.7,62.25,Electronic check,No,Yes,Yes
5760-IFJOZ,Month-to-month,3,107.95,313.6,Mailed check,No,No,No
2826-UWHIS,Month-to-month,45,81.4,3775.85,Bank transfer (automatic),No,No,No
1448-PWKYE,Month-to-month,1,80.0,80.0,Electronic check,No,No,Yes
7501-IWUNG,Two year,61,73.8,4616.05,Bank transfer (automatic),Yes,Yes,No
4957-TREIR,Month-to-month,3,64.4,195.65,Credit card (automatic),Yes,Yes,No
7251-LJBQN,One year,40,103.75,4188.4,Credit card (automatic),Yes,Yes,No
8040-MNRTF,Month-to-month,1,71.1,71.1,Mailed check,No,No,No
1536-HBSWP,Month-to-month,1,49.9,49.9,Electronic check,Yes,Yes,No
5313-FPXWG,One year,51,24.6,1266.4,Bank transfer (automatic),No internet service,Yes,No
0067-DKWBL,Month-to-month,2,49.25,91.1,Electronic check,No,Yes,Yes
0946-FKYTX,One year,52,30.1,1623.4,Mailed check,No,No,No
5076-YVXCM,Month-to-month,51,83.4,4149.45,Bank transfer (automatic),No,No,No
8262-COGGB,Month-to-month,1,20.45,20.45,Mailed check,No internet service,Yes,No
6663-JOCQO,One year,31,75.25,2344.5,Bank transfer (automatic),Yes,Yes,No
9620-QJREV,One year,47,20.55,1013.05,Credit card (automatic),No internet service,No,No
2276-YDAVZ,Month-to-month,3,75.1,270.7,Credit card (automatic),No,Yes,Yes
2682-KEVRP,One year,22,20.05,417.0,Mailed check,No internet service,Yes,No
2480-JZOSN,Month-to-month,1,20.65,20.65,Mailed check,No internet service,Yes,No
0078-XZMHT,Two year,72,85.15,6316.2,Bank transfer (automatic),Yes,Yes,No
5896-NPFWW,Month-to-month,3,50.15,168.15,Electronic check,No,Yes,Yes
9978-HYCIN,One year,47,84.95,4018.05,Bank transfer (automatic),No,Yes,No
8338-QIUNR,Two year,72,66.5,4811.6,Credit card (automatic),Yes,Yes,No
1525-LNLOJ,Two year,66,63.3,4189.7,Bank transfer (automatic),No,Yes,No
9450-TRJUU,Month-to-month,35,83.15,2848.45,Electronic check,No,No,No
1766-GKNMI,Month-to-month,29,84.9,2516.2,Electronic check,No,Yes,No
6942-LBFDP,Month-to-month,2,20.55,33.6,Mailed check,No internet service,Yes,No
1456-TWCGB,Month-to-month,4,49.25,208.45,Mailed check,No,No,No
7133-VBDCG,Month-to-month,25,79.85,2015.35,Bank transfer (automatic),No,Yes,Yes
7596-ZYWBB,Two year,65,59.6,3739.8,Mailed check,Yes,Yes,No
8329-UTMVM,One year,27,104.65,2964.0,Bank transfer (automatic),Yes,Yes,No
3014-WJKSM,Month-to-month,29,75.3,2263.4,Credit card (automatic),No,Yes,No
3347-YJZZE,Month-to-month,29,80.1,2211.8,Credit card (automatic),No,No,No
1029-QFBEN,Month-to-month,1,19.55,19.55,Mailed check,No internet service,No,Yes
7929-DMBCV,Month-to-month,20,81.0,1683.7,Mailed check,Yes,Yes,No
9661-JALZV,Two year,58,24.7,1519.0,Credit card (automatic),No internet service,Yes,No
5433-KYGHE,Month-to-month,14,86.0,1164.05,Mailed check,Yes,Yes,No
4312-KFRXN,Two year,72,25.4,1710.9,Mailed check,No internet service,No,No
5575-TPIZQ,Month-to-month,46,89.15,4245.55,Credit card (automatic),No,Yes,No
0114-IGABW,Two year,71,58.25,4145.9,Bank transfer (automatic),Yes,No,No
9944-AEXBM,Month-to-month,32,85.65,2664.3,Bank transfer (automatic),No,Yes,No
1853-ARAAQ,Month-to-month,26,50.35,1277.5,Credit card (automatic),No,Yes,No
6952-OMNWB,Month-to-month,68,80.35,5589.3,Credit card (automatic),No,Yes,No
4697-LUPSU,One year,2,20.2,34.75,Mailed check,No internet service,No,No
8434-VGEQQ,Two year,61,20.55,1305.95,Credit card (automatic),No internet service,No,No
4952-YSOGZ,Month-to-month,4,85.95,381.3,Electronic check,No,Yes,Yes
1589-AGTLK,Month-to-month,3,45.35,141.5,Electronic check,No,Yes,Yes
5244-IRFIH,Month-to-month,33,94.5,3105.55,Electronic check,No,Yes,Yes
6549-YMFAW,Month-to-month,9,21.25,204.55,Mailed check,No internet service,Yes,No
4950-HKQTE,Two year,22,26.25,605.9,Mailed check,No internet service,No,No
6786-OBWQR,Month-to-month,5,80.85,356.1,Electronic check,No,Yes,No
2684-EIWEO,Month-to-month,30,91.7,2758.15,Credit card (automatic),No,No,Yes
2753-JMMCV,Two year,65,74.2,4805.65,Credit card (automatic),Yes,Yes,No
6439-GTPCA,Month-to-month,45,87.25,3941.7,Electronic check,Yes,Yes,Yes
6621-YOBKI,Month-to-month,5,20.35,92.75,Mailed check,No internet service,No,No
1216-JWVUX,Month-to-month,25,75.5,1901.05,Electronic check,No,Yes,No
7564-GHCVB,Two year,72,79.05,5730.7,Bank transfer (automatic),No,No,No
1173-NOEYG,Month-to-month,27,90.15,2423.4,Bank transfer (automatic),No,No,No
7595-EHCDL,Month-to-month,32,50.6,1653.45,Credit card (automatic),No,No,No
6647-ZEDXT,One year,30,110.45,3327.05,Credit card (automatic),Yes,No,No
2521-NPUZR,Two year,70,101.0,7085.5,Credit card (automatic),Yes,No,No
1307-TVUFB,Month-to-month,42,79.35,3344.1,Bank transfer (automatic),No,Yes,No
7503-MIOGA,Two year,72,89.85,6697.35,Bank transfer (automatic),Yes,Yes,No
4381-MHQDC,Two year,47,65.0,2879.9,Mailed check,Yes,Yes,No
6923-JHPMP,Month-to-month,2,80.45,137.1,Electronic check,No,Yes,No
5138-WVKYJ,Month-to-month,10,98.55,1008.55,Electronic check,No,No,Yes
4018-PPNDW,Two year,61,24.1,1551.6,Mailed check,No internet service,Yes,No
1635-FJFCC,Month-to-month,5,44.05,202.15,Credit card (automatic),No,Yes,No
2499-AJYUA,Two year,72,110.8,7882.25,Credit card (automatic),Yes,Yes,No
6919-ELBGL,Two year,72,114.95,8196.4,Bank transfer (automatic),Yes,Yes,No
3966-HRMZA,Month-to-month,3,75.05,202.9,Mailed check,No,No,No
6425-JWTDV,Two year,48,19.25,855.1,Mailed check,No internet service,No,No
8405-IGQFX,One year,63,90.05,5817.0,Credit card (automatic),Yes,Yes,No
8224-IVVPA,Month-to-month,27,56.7,1652.95,Mailed check,No,Yes,No
9477-LGWQI,Two year,70,80.15,5600.15,Credit card (automatic),No,Yes,No
1410-RSCMR,Month-to-month,7,71.35,515.75,Credit card (automatic),Yes,Yes,No
3115-CZMZD,Two year,0,20.25,0.0,Mailed check,No internet service,No,No
0139-IVFJG,Month-to-month,2,90.35,190.5,Electronic check,No,No,No
6683-VLCTZ,Month-to-month,20,98.55,1842.8,Electronic check,No,Yes,Yes
5730-DBDSI,Two year,66,19.7,1253.8,Bank transfer (automatic),No internet service,No,No
0030-FNXPP,Month-to-month,3,19.85,57.2,Mailed check,No internet service,No,No
2189-WWOEW,Month-to-month,15,85.9,1269.55,Bank transfer (automatic),No,Yes,Yes
5684-FJVYR,Two year,72,90.35,6563.4,Bank transfer (automatic),Yes,Yes,No
4013-GUXND,Month-to-month,1,20.8,20.8,Mailed check,No internet service,No,No
1894-IGFSG,Month-to-month,22,89.25,1907.85,Electronic check,No,No,Yes
7379-POKDZ,Month-to-month,3,70.3,208.85,Electronic check,No,Yes,Yes
1266-NZYUI,Two year,72,66.85,4758.8,Bank transfer (automatic),Yes,No,No
7969-FFOWG,Two year,65,19.9,1292.6,Mailed check,No internet service,No,No
4718-DHSMV,Month-to-month,11,35.8,363.15,Mailed check,No,Yes,No
5175-WLYXL,Month-to-month,22,78.85,1600.25,Mailed check,No,Yes,No
7817-OMJNA,One year,14,20.4,275.7,Bank transfer (automatic),No internet service,No,No
8728-SKJLR,Month-to-month,41,74.25,3089.1,Electronic check,Yes,Yes,No
3137-NYQQI,One year,17,64.8,1175.6,Mailed check,No,No,No
7706-DZNKK,Month-to-month,11,20.45,237.3,Credit card (automatic),No internet service,Yes,No
0236-HFWSV,Month-to-month,15,93.35,1444.65,Electronic check,No,Yes,Yes
3900-AQPHZ,Month-to-month,1,19.9,19.9,Mailed check,No internet service,No,Yes
5842-POCOP,Month-to-month,5,88.9,454.15,Mailed check,No,Yes,Yes
2037-XJFUP,One year,33,95.8,3036.75,Electronic check,No,Yes,Yes
8823-RLPWL,Two year,72,110.65,8065.65,Credit card (automatic),No,Yes,No
9505-SQFSW,Month-to-month,3,40.3,92.5,Mailed check,No,No,No
7314-OXENN,Month-to-month,2,82.0,184.65,Electronic check,No,Yes,Yes
3758-CKOQL,One year,59,107.0,6152.3,Credit card (automatic),Yes,Yes,No
0322-CHQRU,Month-to-month,2,45.35,89.5,Electronic check,No,No,Yes
5676-CFLYY,Two year,71,73.35,5154.5,Credit card (automatic),Yes,Yes,No
7521-AFHAB,Month-to-month,5,44.8,220.45,Mailed check,No,No,No
0285-INHLN,Month-to-month,27,54.75,1510.3,Credit card (automatic),No,Yes,No
4678-DVQEO,Month-to-month,1,52.2,52.2,Electronic check,Yes,Yes,Yes
5125-CNDSP,One year,63,40.6,2588.95,Bank transfer (automatic),Yes,Yes,No
0691-IFBQW,One year,46,110.0,4874.8,Electronic check,No,Yes,Yes
4992-LTJNE,Two year,72,55.3,3983.6,Bank transfer (automatic),No,No,No
2202-OUTMO,Month-to-month,34,60.85,2003.6,Bank transfer (automatic),Yes,Yes,No
0810-BDHAW,One year,24,78.4,1832.4,Electronic check,No,No,No
0229-LFJAF,Two year,72,69.65,4908.25,Bank transfer (automatic),Yes,No,No
7131-ZQZNK,Two year,60,59.85,3590.2,Credit card (automatic),Yes,No,No
3442-ZHHCC,One year,68,76.9,5023.0,Credit card (automatic),No,Yes,No
5726-CVNYA,Two year,8,19.85,146.6,Mailed check,No internet service,Yes,No
9871-ELEYA,Two year,34,67.65,2339.3,Credit card (automatic),Yes,No,No
4257-GAESD,Month-to-month,6,45.0,298.7,Credit card (automatic),No,No,No
5173-WXOQV,Month-to-month,2,64.2,143.65,Mailed check,Yes,Yes,No
2040-OBMLJ,One year,31,81.7,2548.65,Credit card (automatic),Yes,No,No
6286-ZHAOK,Month-to-month,20,25.55,507.4,Bank transfer (automatic),No internet service,Yes,No
3807-XHCJH,Month-to-month,1,20.0,20.0,Electronic check,No internet service,No,No
3009-JWMPU,One year,62,96.75,6125.4,Electronic check,No,Yes,Yes
5671-RQRLP,Two year,70,75.65,5411.4,Credit card (automatic),No,Yes,No
1450-GALXR,Month-to-month,10,98.5,1058.25,Electronic check,Yes,Yes,Yes
8859-AXJZP,Two year,39,23.8,903.8,Mailed check,No internet service,Yes,No
3174-AKMAS,Two year,46,64.2,3009.5,Credit card (automatic),Yes,Yes,No
3138-BKYAV,Month-to-month,6,85.35,489.45,Electronic check,No,Yes,Yes
9926-PJHDQ,Two year,72,76.8,5468.45,Bank transfer (automatic),No,Yes,No
7382-DFJTU,Month-to-month,18,55.2,1058.1,Credit card (automatic),Yes,No,No
2798-NYLMZ,Two year,71,108.55,7616.0,Credit card (automatic),Yes,Yes,No
4289-DTDKW,Month-to-month,40,101.3,4113.1,Electronic check,No,Yes,Yes
1820-TQVEV,Month-to-month,1,69.55,69.55,Electronic check,No,Yes,Yes
2239-JALAW,One year,58,103.25,6017.65,Bank transfer (automatic),No,Yes,Yes
4853-RULSV,Two year,70,104.0,7250.15,Credit card (automatic),Yes,Yes,Yes
8098-TDCBU,Two year,42,25.25,1108.2,Electronic check,No internet service,No,No
3551-GAEGL,One year,34,30.4,938.65,Bank transfer (automatic),No,No,No
4785-NKHCX,Month-to-month,5,20.05,94.15,Bank transfer (automatic),No internet service,No,No
3196-NVXLZ,Month-to-month,25,84.6,2088.05,Mailed check,No,Yes,No
6275-YDUVO,Month-to-month,2,86.2,178.7,Mailed check,No,Yes,Yes
0036-IHMOT,One year,55,103.7,5656.75,Bank transfer (automatic),Yes,Yes,No
0115-TFERT,Month-to-month,21,111.2,2317.1,Electronic check,Yes,Yes,Yes
4178-EGMON,Two year,70,88.0,5986.45,Credit card (automatic),Yes,Yes,No
4220-TINQT,Month-to-month,61,106.35,6751.35,Electronic check,Yes,Yes,No
5318-YKDPV,Two year,43,79.15,3566.6,Credit card (automatic),Yes,Yes,No
7975-TZMLR,One year,47,103.1,4889.3,Electronic check,No,Yes,No
0295-QVKPB,Month-to-month,5,63.95,318.1,Credit card (automatic),Yes,Yes,No
4335-BSMJS,Two year,62,25.8,1563.95,Credit card (automatic),No internet service,Yes,No
2311-QYMUQ,Month-to-month,16,89.45,1430.25,Credit card (automatic),No,Yes,Yes
3643-AHCFP,Month-to-month,7,95.6,644.35,Bank transfer (automatic),No,Yes,Yes
9146-JRIOX,Month-to-month,14,25.55,372.45,Mailed check,No internet service,No,No
3104-OWCGK,One year,60,90.95,5453.4,Electronic check,No,No,Yes
5337-IIWKZ,Month-to-month,34,44.85,1442.6,Electronic check,Yes,Yes,No
9101-BWFSS,One year,50,108.55,5610.7,Electronic check,Yes,No,Yes
9650-VBUOG,Two year,38,25.05,963.95,Credit card (automatic),No internet service,No,No
3487-EARAT,One year,70,74.1,5222.3,Credit card (automatic),Yes,No,No
2672-TGEFF,Month-to-month,37,88.8,3340.55,Electronic check,No,Yes,No
9231-ZJYAM,Month-to-month,4,78.85,292.8,Electronic check,No,Yes,Yes
4250-WAROZ,Month-to-month,60,93.25,5774.55,Electronic check,No,Yes,No
8184-WMOFI,One year,62,71.4,4487.3,Credit card (automatic),Yes,No,No
6982-SSHFK,Month-to-month,1,44.4,44.4,Mailed check,No,No,Yes
6092-QZVPP,Month-to-month,36,79.2,2854.95,Credit card (automatic),Yes,Yes,No
4625-LAMOB,Two year,44,20.4,905.55,Credit card (automatic),No internet service,No,No
0727-BMPLR,One year,55,100.0,5509.3,Electronic check,No,Yes,Yes
0392-BZIUW,Two year,72,105.0,7589.8,Credit card (automatic),No,Yes,No
1038-ZAGBI,One year,12,19.8,229.6,Bank transfer (automatic),No internet service,No,Yes
6549-NNDYT,Month-to-month,13,30.85,394.1,Bank transfer (automatic),No,Yes,No
3027-ZTDHO,Month-to-month,1,89.9,89.9,Electronic check,No,Yes,Yes
0422-OHQHQ,One year,15,20.55,295.95,Mailed check,No internet service,No,No
6916-HIJSE,Two year,65,84.85,5459.2,Bank transfer (automatic),Yes,Yes,No
2316-ESMLS,One year,12,33.15,444.75,Credit card (automatic),Yes,No,No
9778-OGKQZ,Two year,72,92.0,6782.15,Credit card (automatic),Yes,Yes,No
7408-OFWXJ,Two year,72,89.8,6510.45,Credit card (automatic),Yes,No,No
6007-TCTST,Two year,72,115.8,8476.5,Bank transfer (automatic),Yes,Yes,No
2252-NKNSI,Two year,52,85.15,4461.85,Mailed check,Yes,Yes,No
8713-IGZSO,Month-to-month,2,24.85,62.0,Mailed check,No internet service,No,No
7905-TVXTA,Month-to-month,5,64.35,352.65,Electronic check,Yes,Yes,No
7695-PKLCZ,Two year,68,20.5,1424.9,Credit card (automatic),No internet service,No,No
2382-BCKQJ,One year,62,100.15,6413.65,Electronic check,No,Yes,Yes
8374-UULRV,Two year,72,86.05,6309.65,Credit card (automatic),Yes,No,No
2207-NHRJK,Month-to-month,1,50.8,50.8,Electronic check,No,No,Yes
3224-DFQNQ,One year,66,89.0,5898.6,Electronic check,Yes,No,No
5275-PMFUT,Two year,72,64.8,4719.75,Credit card (automatic),Yes,Yes,No
4795-UXVCJ,One year,26,19.8,457.3,Credit card (automatic),No internet service,No,No
9777-IQHWP,Two year,64,93.4,5822.3,Bank transfer (automatic),No,No,No
0947-MUGVO,Month-to-month,20,73.65,1463.5,Electronic check,No,Yes,Yes
9944-HKVVB,Month-to-month,3,95.1,307.4,Electronic check,No,Yes,Yes
4124-MMETB,Month-to-month,22,94.65,2104.55,Credit card (automatic),No,Yes,Yes
3671-SHRSP,Month-to-month,4,80.6,319.15,Mailed check,Yes,Yes,Yes
0979-MOZQI,Two year,62,39.0,2337.45,Bank transfer (automatic),Yes,Yes,No
2732-ISEZX,Month-to-month,5,20.5,104.3,Mailed check,No internet service,Yes,No
3313-QKNKB,One year,59,85.55,5084.65,Electronic check,No,No,Yes
0323-XWWTN,Two year,3,26.4,121.25,Mailed check,No internet service,Yes,No
1937-OTUKY,Two year,72,98.2,7015.9,Bank transfer (automatic),Yes,Yes,No
1573-LGXBA,One year,57,97.55,5598.0,Credit card (automatic),No,Yes,No
1764-VUUMT,Two year,66,19.95,1269.1,Credit card (automatic),No internet service,No,No
5073-WXOYN,Month-to-month,60,50.8,3027.4,Electronic check,No,Yes,Yes
4713-ZBURT,Two year,45,99.7,4634.35,Bank transfer (automatic),No,No,No
3050-GBUSH,Month-to-month,3,34.8,113.95,Credit card (automatic),No,Yes,No
0207-MDKNV,Month-to-month,15,105.1,1582.75,Electronic check,Yes,No,Yes
7876-AEHIG,One year,51,60.15,3077.0,Bank transfer (automatic),Yes,No,No
7945-HLKEA,One year,60,64.75,4039.5,Electronic check,Yes,No,No
9342-VNIMQ,Month-to-month,33,54.65,1665.2,Bank transfer (automatic),No,Yes,No
9851-KIELU,Month-to-month,10,110.1,1043.3,Electronic check,Yes,Yes,Yes
3523-BRGUW,One year,26,19.3,504.2,Credit card (automatic),No internet service,No,No
3908-BLSYF,Month-to-month,6,83.9,497.55,Electronic check,No,No,Yes
3199-NPKCN,One year,67,111.25,7511.65,Electronic check,Yes,Yes,No
5170-PTRKA,One year,49,35.8,1782.0,Credit card (automatic),Yes,Yes,No
4661-NJEUX,Month-to-month,1,20.05,20.05,Mailed check,No internet service,Yes,No
2123-AGEEN,Month-to-month,7,84.35,609.65,Electronic check,No,Yes,No
1258-YMZNM,One year,27,110.5,2857.6,Bank transfer (automatic),No,Yes,No
0048-LUMLS,One year,37,91.2,3247.55,Credit card (automatic),No,No,No
7549-MYGPK,Month-to-month,63,100.55,6215.35,Electronic check,No,Yes,Yes
5898-IGSLP,Month-to-month,31,89.3,2823.0,Electronic check,Yes,No,No
3804-RVTGV,Month-to-month,50,103.85,5017.9,Bank transfer (automatic),No,Yes,Yes
6259-WJQLC,Month-to-month,32,81.1,2619.25,Credit card (automatic),No,Yes,No
9227-LUNBG,Month-to-month,1,24.6,24.6,Electronic check,No,No,Yes
7997-EASSD,One year,63,81.2,4965.1,Credit card (automatic),Yes,Yes,No
0730-KOAVE,Month-to-month,30,94.3,2679.7,Credit card (automatic),No,Yes,No
8975-SKGRX,Two year,71,116.1,8310.55,Bank transfer (automatic),Yes,Yes,No
0678-RLHVP,Two year,53,105.55,5682.25,Electronic check,No,No,No
4315-MURBD,Month-to-month,12,98.9,1120.95,Bank transfer (automatic),Yes,Yes,Yes
2267-FPIMA,Month-to-month,50,94.4,4914.9,Credit card (automatic),No,Yes,No
1051-GEJLJ,Month-to-month,2,19.5,27.55,Mailed check,No internet service,No,No
9734-YWGEX,Month-to-month,9,98.3,923.5,Credit card (automatic),No,No,Yes
2719-BDAQO,Month-to-month,17,93.85,1625.65,Electronic check,No,No,Yes
5285-MVEHD,One year,56,105.6,6068.65,Credit card (automatic),No,Yes,No
0379-DJQHR,Two year,67,81.35,5398.6,Credit card (automatic),No,No,No
0781-LKXBR,Month-to-month,9,100.5,918.6,Electronic check,No,Yes,Yes
5543-QDCRY,Month-to-month,4,56.4,234.85,Electronic check,No,Yes,No
0297-RBCSG,One year,19,65.35,1231.85,Bank transfer (automatic),Yes,Yes,No
4694-PHWFW,Month-to-month,8,19.95,170.9,Mailed check,No internet service,No,No
0835-JKADZ,Two year,71,111.25,7984.15,Electronic check,Yes,Yes,No
1907-UBQFC,Month-to-month,10,72.85,688.65,Electronic check,No,Yes,Yes
7508-SMHXL,Month-to-month,15,89.0,1288.3,Credit card (automatic),No,No,No
3865-YIOTT,One year,72,106.1,7848.5,Bank transfer (automatic),No,Yes,No
5993-BQHEA,One year,12,20.05,267.0,Credit card (automatic),No internet service,No,No
6024-RUGGH,Two year,72,25.2,1798.9,Bank transfer (automatic),No internet service,Yes,No
6513-EECDB,Month-to-month,1,73.55,73.55,Electronic check,No,Yes,Yes
3956-CJUST,Month-to-month,23,75.4,1643.55,Bank transfer (automatic),No,Yes,No
4079-WWQQQ,Two year,72,65.55,4807.45,Bank transfer (automatic),Yes,Yes,No
6103-BOCOU,Month-to-month,26,80.7,2193.0,Electronic check,No,Yes,No
5149-TGWDZ,One year,21,104.55,2239.4,Mailed check,Yes,Yes,No
7471-WNSUF,One year,60,24.15,1505.9,Bank transfer (automatic),No internet service,No,No
8942-DBMHZ,Month-to-month,12,20.45,255.35,Mailed check,No internet service,No,No
4301-VVZKA,Month-to-month,16,75.4,1189.4,Electronic check,No,Yes,No
9199-PWQVC,One year,63,79.7,4786.15,Credit card (automatic),No,Yes,No
4824-GUCBY,Month-to-month,22,81.7,1820.9,Electronic check,No,No,No
5393-HJZSM,Month-to-month,32,76.3,2404.15,Bank transfer (automatic),Yes,No,No
7074-IEVOJ,Month-to-month,3,79.4,205.05,Electronic check,No,Yes,Yes
9625-QSTYE,Month-to-month,13,81.15,952.3,Electronic check,No,Yes,Yes
0862-PRCBS,Two year,68,103.75,7039.45,Credit card (automatic),Yes,Yes,No
8812-ZRHFP,One year,30,86.45,2538.05,Electronic check,No,No,No
5146-CBVOE,Month-to-month,16,75.1,1212.85,Bank transfer (automatic),No,No,No
0454-OKRCT,Two year,33,80.6,2651.1,Bank transfer (automatic),Yes,No,No
5787-KXGIY,Two year,72,19.3,1304.8,Credit card (automatic),No internet service,No,No
4750-ZRXIU,Month-to-month,4,84.6,360.1,Electronic check,No,Yes,Yes
4198-VFOEA,One year,12,33.6,435.45,Mailed check,Yes,Yes,No
6630-UJZMY,Month-to-month,4,83.25,308.05,Electronic check,No,Yes,No
5709-LVOEQ,Two year,0,80.85,0.0,Mailed check,No,No,No
6400-BWQKW,Month-to-month,6,79.05,434.5,Electronic check,No,Yes,Yes
2692-AQCPF,One year,65,108.05,7118.9,Credit card (automatic),Yes,Yes,No
0347-UBKUZ,Month-to-month,15,19.9,320.45,Mailed check,No internet service,No,No
0835-DUUIQ,One year,24,21.05,531.55,Bank transfer (automatic),No internet service,No,No
0811-GSDTP,Month-to-month,13,30.15,382.2,Electronic check,No,No,No
7567-ECMCM,Month-to-month,24,79.85,2001.0,Credit card (automatic),No,Yes,No
6115-ZTBFQ,Two year,72,65.5,4919.7,Bank transfer (automatic),Yes,No,No
6353-BRMMA,Month-to-month,54,104.1,5645.8,Bank transfer (automatic),No,Yes,No
6680-WKXRZ,Month-to-month,3,74.4,215.8,Bank transfer (automatic),No,No,Yes
6231-WFGFH,Month-to-month,4,20.5,77.6,Mailed check,No internet service,Yes,No
9904-EHEVJ,Month-to-month,32,91.35,2896.55,Mailed check,No,Yes,No
7028-DVOIQ,Month-to-month,35,99.05,3395.8,Electronic check,No,Yes,Yes
6169-PPETC,Two year,35,20.5,759.35,Bank transfer (automatic),No internet service,No,No
4208-UFFGW,Month-to-month,2,44.95,85.15,Mailed check,No,No,Yes
8584-KMVXD,Month-to-month,8,75.6,535.55,Electronic check,No,No,No
8467-WYNSR,Month-to-month,22,55.1,1253.15,Mailed check,Yes,No,No
0851-DFJKB,Month-to-month,15,58.95,955.15,Electronic check,Yes,No,No
5382-SOYZL,Month-to-month,22,95.1,2162.6,Electronic check,No,Yes,No
9448-REEVD,Month-to-month,1,44.7,44.7,Credit card (automatic),No,No,Yes
3261-CQXOL,Two year,71,25.45,1813.35,Bank transfer (automatic),No internet service,No,No
8388-FYNPZ,Month-to-month,4,56.75,245.15,Electronic check,No,No,No
4002-BQWPQ,Month-to-month,25,81.75,2028.8,Bank transfer (automatic),Yes,No,No
5651-YLPRD,Month-to-month,32,86.1,2723.75,Electronic check,No,Yes,No
2826-DXLQO,Month-to-month,7,29.8,220.45,Bank transfer (automatic),No,No,No
4378-BZYFP,One year,17,20.5,365.8,Mailed check,No internet service,Yes,No
9489-UTFKA,Month-to-month,8,60.9,551.95,Bank transfer (automatic),No,No,No
4849-PYRLQ,Two year,56,73.25,4054.2,Bank transfer (automatic),Yes,No,No
9117-SHLZX,Month-to-month,1,45.7,45.7,Mailed check,No,Yes,Yes
9889-TMAHG,Month-to-month,8,100.3,832.35,Credit card (automatic),Yes,No,Yes
4541-RMRLG,Month-to-month,7,19.25,112.3,Electronic check,No internet service,No,Yes
7764-BDPEE,Month-to-month,3,20.85,60.65,Mailed check,No internet service,No,No
3429-IFLEM,Two year,71,77.35,5550.1,Credit card (automatic),Yes,No,No
3158-MOERK,Month-to-month,2,96.0,174.8,Electronic check,No,Yes,Yes
7294-TMAOP,Month-to-month,1,90.55,90.55,Electronic check,No,No,Yes
5002-GCQFH,Month-to-month,49,93.85,4733.1,Bank transfer (automatic),No,Yes,No
0556-FJEGU,Two year,58,70.1,4048.95,Bank transfer (automatic),Yes,No,No
8919-FYFQZ,Month-to-month,44,30.35,1359.7,Electronic check,No,Yes,Yes
0604-THJFP,Two year,59,75.95,4542.35,Credit card (automatic),Yes,Yes,No
2834-JRTUA,Two year,71,108.05,7532.15,Electronic check,Yes,Yes,Yes
5875-YPQFJ,Month-to-month,1,69.9,69.9,Electronic check,No,Yes,Yes
5879-SESNB,Month-to-month,11,75.25,888.65,Electronic check,No,No,No
6646-QVXLR,One year,62,103.75,6383.35,Electronic check,No,Yes,Yes
6461-PPAXN,One year,35,54.95,1916.0,Bank transfer (automatic),Yes,Yes,No
3318-ISQFQ,Month-to-month,20,19.5,413.0,Bank transfer (automatic),No internet service,Yes,No
1106-HRLKZ,Two year,40,19.6,808.95,Mailed check,No internet service,No,No
2483-XSSMZ,One year,39,47.85,1886.4,Electronic check,No,Yes,No
8603-IJWDN,Month-to-month,1,86.6,86.6,Electronic check,No,Yes,Yes
8165-ZJRNM,Two year,72,23.75,1679.25,Bank transfer (automatic),No internet service,No,No
9369-XFEHK,Month-to-month,33,80.6,2656.5,Bank transfer (automatic),No,Yes,Yes
2604-XVDAM,Month-to-month,12,43.8,540.95,Bank transfer (automatic),No,No,No
3717-OFRTN,Month-to-month,1,19.75,19.75,Bank transfer (automatic),No internet service,No,No
9046-JBFWA,Month-to-month,27,19.15,537.35,Mailed check,No internet service,No,No
3280-NMUVX,One year,34,19.6,678.8,Credit card (automatic),No internet service,No,No
1206-EHBDD,Two year,56,80.3,4513.65,Bank transfer (automatic),No,No,No
8361-LBRDI,Two year,58,24.35,1423.85,Credit card (automatic),No internet service,No,No
4883-KCPZJ,Two year,22,25.25,555.4,Credit card (automatic),No internet service,No,No
9108-EQPNQ,Two year,10,26.1,225.55,Credit card (automatic),No internet service,No,No
7277-KAMWT,Two year,13,20.0,268.45,Credit card (automatic),No internet service,No,No
3842-IYKUE,Month-to-month,35,85.3,2917.5,Credit card (automatic),Yes,No,Yes
6641-XRPSU,Month-to-month,34,70.0,2416.1,Credit card (automatic),No,Yes,Yes
1374-DMZUI,Month-to-month,4,94.3,424.45,Electronic check,No,Yes,Yes
2545-LXYVJ,Two year,72,20.7,1492.1,Bank transfer (automatic),No internet service,No,No
3234-VKACU,Month-to-month,2,70.3,132.4,Electronic check,Yes,No,No
8357-EQXFO,Month-to-month,7,95.35,660.9,Electronic check,No,Yes,Yes
1989-PRJHP,Month-to-month,27,75.5,1893.95,Electronic check,No,Yes,Yes
8120-JDCAM,Month-to-month,4,69.55,284.9,Mailed check,No,Yes,No
8917-FAEMR,Two year,37,19.85,784.25,Mailed check,No internet service,No,No
7047-YXDMZ,Month-to-month,21,20.0,417.7,Mailed check,No internet service,No,No
2858-EIMXH,One year,53,95.85,5016.25,Credit card (automatic),No,Yes,No
9524-EGPJC,Month-to-month,18,90.1,1612.75,Electronic check,Yes,Yes,Yes
6993-OHLXR,Month-to-month,2,68.95,119.75,Electronic check,No,No,Yes
8818-XYFCQ,Month-to-month,32,99.55,3204.65,Credit card (automatic),No,Yes,Yes
6419-ZTTLE,One year,23,20.75,485.2,Electronic check,No internet service,Yes,No
0929-HYQEW,Month-to-month,3,50.15,160.85,Mailed check,No,Yes,No
6614-YOLAC,Two year,71,58.65,4145.25,Mailed check,Yes,No,No
7426-RHZGU,Month-to-month,9,95.9,827.45,Bank transfer (automatic),Yes,Yes,No
4065-JJAVA,Month-to-month,1,49.5,49.5,Electronic check,No,No,No
4695-VADHF,Month-to-month,18,57.45,990.85,Electronic check,No,No,Yes
3863-IUBJR,One year,12,53.65,696.35,Credit card (automatic),No,No,Yes
7649-SIJJF,Two year,71,80.1,5585.4,Mailed check,Yes,Yes,No
9361-YNQWJ,One year,64,24.4,1601.2,Bank transfer (automatic),No internet service,Yes,No
3748-FVMZZ,Month-to-month,4,40.05,162.45,Electronic check,Yes,Yes,No
9391-TTOYH,Month-to-month,23,19.5,470.2,Mailed check,No internet service,Yes,No
1452-XRSJV,Month-to-month,39,51.05,2066.0,Credit card (automatic),No,No,No
3422-WJOYD,One year,28,54.35,1426.45,Mailed check,Yes,No,No
8242-SOQUO,Month-to-month,5,84.7,392.5,Electronic check,No,Yes,No
7460-ITWWP,Month-to-month,45,86.1,3861.45,Electronic check,No,Yes,No
7147-AYBAA,Month-to-month,37,70.35,2552.9,Mailed check,No,Yes,No
7868-TMWMZ,Two year,60,110.0,6668.35,Bank transfer (automatic),Yes,Yes,No
4822-RVYBB,Month-to-month,8,100.6,819.4,Electronic check,No,Yes,Yes
6732-FZUGP,One year,47,94.9,4615.25,Credit card (automatic),No,No,No
8436-BJUMM,Month-to-month,26,83.75,2070.6,Electronic check,No,Yes,Yes
4184-TJFAN,Month-to-month,3,88.3,273.75,Mailed check,Yes,Yes,Yes
8329-GWVPJ,Month-to-month,50,69.75,3557.7,Bank transfer (automatic),No,Yes,No
1352-VHKAJ,Month-to-month,27,71.6,1957.1,Bank transfer (automatic),Yes,No,No
4145-UQXUQ,Month-to-month,8,92.1,729.95,Electronic check,No,Yes,Yes
2632-TACXW,Two year,62,23.65,1416.75,Bank transfer (automatic),No internet service,No,No
8146-QQKZH,Two year,71,81.85,5924.4,Bank transfer (automatic),Yes,No,No
1767-CJKBA,Two year,66,25.1,1697.7,Mailed check,No internet service,No,No
6445-TNRXS,Two year,68,114.7,7849.85,Bank transfer (automatic),Yes,Yes,No
4581-LNWUM,Month-to-month,13,49.15,649.4,Electronic check,No,No,No
4869-EPIUS,One year,56,80.9,4557.5,Electronic check,No,Yes,No
9948-YPTDG,Month-to-month,38,79.45,3013.05,Electronic check,No,Yes,Yes
1236-WFCDV,Month-to-month,14,90.45,1266.1,Credit card (automatic),No,No,Yes
1915-OAKWD,One year,16,19.3,360.35,Bank transfer (automatic),No internet service,Yes,No
7296-PIXQY,Month-to-month,14,70.2,1046.5,Electronic check,No,No,No
4883-QICIH,Month-to-month,32,69.75,2347.9,Bank transfer (automatic),No,Yes,Yes
3354-OADJP,One year,8,54.25,447.75,Bank transfer (automatic),Yes,No,No
3524-WQDSG,Month-to-month,43,99.3,4209.95,Bank transfer (automatic),No,Yes,No
0810-DHDBD,One year,52,74.0,3877.65,Credit card (automatic),Yes,No,No
4026-SKKHW,Month-to-month,3,50.25,152.3,Mailed check,Yes,Yes,No
2829-HYVZP,One year,29,19.8,572.2,Mailed check,No internet service,Yes,No
8329-IBCTI,Month-to-month,1,19.65,19.65,Mailed check,No internet service,No,Yes
1271-SJBGZ,Month-to-month,12,43.65,526.95,Electronic check,Yes,Yes,Yes
3845-JHAMY,Month-to-month,16,35.5,552.7,Credit card (automatic),No,Yes,No
7013-PSXHK,One year,40,80.75,3208.65,Mailed check,Yes,Yes,No
5669-SRAIP,Month-to-month,5,39.5,210.75,Electronic check,No,No,Yes
5981-ITEMU,Month-to-month,40,97.1,3706.95,Bank transfer (automatic),No,Yes,Yes
3486-NPGST,One year,36,19.55,620.75,Mailed check,No internet service,No,No
6941-PMGEP,Month-to-month,5,80.0,412.5,Electronic check,No,Yes,Yes
1624-WOIWJ,Month-to-month,10,84.7,832.05,Mailed check,No,Yes,Yes
2074-GKOWZ,Month-to-month,2,89.55,185.55,Bank transfer (automatic),No,Yes,Yes
0376-YMCJC,Month-to-month,23,90.6,1943.2,Electronic check,Yes,Yes,Yes
6100-FJZDG,One year,26,20.05,505.9,Bank transfer (automatic),No internet service,Yes,No
4829-ZLJTK,Two year,72,112.4,8046.85,Electronic check,No,Yes,No
1730-VFMWO,Month-to-month,34,50.2,1815.3,Bank transfer (automatic),Yes,No,No
7143-BQIBA,Month-to-month,10,62.25,612.95,Bank transfer (automatic),Yes,No,No
3800-LYTRK,One year,14,55.7,795.15,Mailed check,Yes,No,No
0634-SZPQA,Month-to-month,23,90.05,2169.8,Bank transfer (automatic),No,Yes,Yes
9646-NMHXE,Two year,47,19.65,973.1,Mailed check,No internet service,No,No
7030-NJVDP,Month-to-month,24,89.25,2210.2,Electronic check,Yes,Yes,No
5536-RTPWK,Month-to-month,49,99.05,4853.75,Bank transfer (automatic),No,Yes,Yes
8883-GRDWQ,One year,20,54.0,1055.9,Mailed check,Yes,No,No
6166-ILMNY,Month-to-month,2,69.75,144.55,Bank transfer (automatic),No,No,Yes
3097-NNSPB,Month-to-month,2,49.05,91.1,Credit card (automatic),No,Yes,Yes
7771-ZONAT,Two year,22,56.75,1304.85,Bank transfer (automatic),Yes,No,No
0655-RBDUG,Month-to-month,7,98.05,713.0,Bank transfer (automatic),No,Yes,Yes
2111-DWYHN,Month-to-month,1,21.1,21.1,Mailed check,No internet service,No,No
4194-WHFCB,Month-to-month,59,96.65,5580.8,Bank transfer (automatic),Yes,Yes,No
4121-AGSIN,One year,58,24.5,1497.9,Credit card (automatic),No internet service,Yes,No
4361-BKAXE,Month-to-month,41,114.5,4527.45,Bank transfer (automatic),Yes,Yes,Yes
9845-PEEKO,Two year,59,79.2,4590.35,Credit card (automatic),No,Yes,No
0455-XFASS,Month-to-month,3,69.55,200.2,Electronic check,No,Yes,No
0301-KOBTQ,Two year,32,20.05,614.45,Bank transfer (automatic),No internet service,Yes,No
1751-NCDLI,Month-to-month,46,98.85,4564.9,Electronic check,No,Yes,No
4367-NUYAO,Two year,0,25.75,0.0,Mailed check,No internet service,No,No
9878-TNQGW,Month-to-month,2,80.95,171.15,Electronic check,No,Yes,Yes
9170-ARBTB,One year,52,19.6,1012.4,Credit card (automatic),No internet service,No,No
4441-NIHPT,Month-to-month,13,74.3,940.35,Electronic check,No,Yes,Yes
8999-BOHSE,Month-to-month,11,89.7,1047.7,Bank transfer (automatic),No,No,Yes
7241-AJHFS,Month-to-month,32,87.65,2766.4,Bank transfer (automatic),Yes,No,No
7029-RPUAV,Month-to-month,17,100.45,1622.45,Credit card (automatic),No,Yes,Yes
4546-FOKWR,Month-to-month,16,74.75,1129.35,Credit card (automatic),No,Yes,No
9036-CSKBW,One year,51,107.45,5680.9,Bank transfer (automatic),No,No,No
5832-TRLPB,One year,29,75.35,2243.9,Bank transfer (automatic),Yes,Yes,No
8590-YFFQO,Two year,70,64.95,4523.25,Credit card (automatic),Yes,No,No
8659-IOOPU,Two year,71,100.45,7159.7,Electronic check,Yes,No,No
1338-CECEE,One year,41,68.5,2839.95,Bank transfer (automatic),No,No,No
7439-DKZTW,Month-to-month,1,80.55,80.55,Electronic check,No,Yes,No
4646-QZXTF,Month-to-month,7,81.25,580.1,Bank transfer (automatic),Yes,No,No
4607-CHPCA,One year,25,90.4,2178.6,Electronic check,No,Yes,Yes
9742-XOKTS,One year,67,89.55,6038.55,Electronic check,Yes,No,No
6921-OZMFH,Month-to-month,5,55.7,259.4,Mailed check,Yes,Yes,No
9578-FOMUK,Month-to-month,15,24.8,324.15,Electronic check,No internet service,Yes,No
4712-UYOOI,Month-to-month,20,20.0,417.65,Electronic check,No internet service,No,No
8824-RWFXJ,Month-to-month,3,56.15,168.15,Mailed check,No,Yes,Yes
7722-CVFXN,One year,54,105.2,5637.85,Electronic check,Yes,Yes,No
8717-VCTXJ,One year,42,19.55,839.4,Mailed check,No internet service,Yes,No
7363-QTBIW,Month-to-month,9,79.75,769.1,Electronic check,No,Yes,No
4159-NAAIX,Two year,63,97.45,6253.0,Bank transfer (automatic),No,No,No
0971-QIFJK,Two year,69,24.25,1641.8,Bank transfer (automatic),No internet service,No,No
9397-TZSHA,Two year,69,24.6,1678.05,Credit card (automatic),No internet service,No,No
3391-JSQEW,Month-to-month,40,50.15,2058.5,Mailed check,No,Yes,No
0343-QLUZP,Two year,60,39.6,2424.5,Bank transfer (automatic),No,No,No
9763-PDTKK,Month-to-month,4,94.4,387.2,Bank transfer (automatic),Yes,Yes,Yes
2176-LVPNX,Two year,71,89.85,6293.45,Mailed check,Yes,No,No
7627-JKIAZ,Month-to-month,37,78.95,2839.65,Credit card (automatic),No,Yes,Yes
3312-UUMZW,Month-to-month,32,98.85,3145.9,Credit card (automatic),No,Yes,No
1271-UODNO,Two year,39,53.85,2200.7,Credit card (automatic),Yes,Yes,No
8461-EFQYM,One year,38,24.25,914.4,Electronic check,No internet service,Yes,No
6900-RBKER,Two year,52,89.45,4577.75,Credit card (automatic),No,Yes,No
6891-JPYFF,Month-to-month,48,105.25,4997.5,Credit card (automatic),No,Yes,No
1459-QNFQT,Two year,70,59.5,4144.8,Bank transfer (automatic),Yes,No,No
1047-NNCBF,Month-to-month,20,70.55,1493.55,Credit card (automatic),No,No,No
3696-XRIEN,One year,50,82.5,4179.1,Credit card (automatic),Yes,Yes,No
4081-DYXAV,One year,19,44.85,893.55,Credit card (automatic),No,Yes,Yes
0074-HDKDG,One year,25,61.6,1611.0,Bank transfer (automatic),No,Yes,No
8791-GFXLZ,Month-to-month,12,49.05,593.05,Bank transfer (automatic),No,Yes,No
8111-SLLHI,Month-to-month,39,105.65,4284.8,Electronic check,No,Yes,Yes
0927-LCSMG,Month-to-month,7,74.65,544.55,Mailed check,No,No,Yes
9330-DHBFL,One year,23,66.25,1533.8,Mailed check,Yes,Yes,No
0098-BOWSO,Month-to-month,27,19.4,529.8,Electronic check,No internet service,Yes,No
3452-ABWRL,Month-to-month,47,86.05,3865.6,Credit card (automatic),No,Yes,No
5859-HZYLF,Two year,26,19.15,515.75,Credit card (automatic),No internet service,Yes,No
8257-RZAHR,Month-to-month,14,64.7,941.0,Bank transfer (automatic),No,Yes,Yes
5293-WXJAK,Month-to-month,11,104.05,1133.65,Bank transfer (automatic),Yes,Yes,Yes
3156-QLHBO,Month-to-month,2,19.25,48.35,Mailed check,No internet service,No,No
2208-NQBCT,Month-to-month,26,81.95,2070.05,Electronic check,No,No,No
1779-PWPMG,Two year,72,114.65,8333.95,Bank transfer (automatic),Yes,Yes,No
6621-NRZAK,Two year,63,20.0,1209.25,Credit card (automatic),No internet service,No,No
0831-JNISG,Two year,71,19.8,1396.25,Mailed check,No internet service,No,No
0774-IFUVM,Month-to-month,11,65.15,723.35,Bank transfer (automatic),No,Yes,No
3082-WQRVY,One year,14,19.65,228.65,Mailed check,No internet service,No,No
9553-DLCLU,Two year,13,88.95,1161.75,Credit card (automatic),Yes,No,No
1641-BYBTK,Month-to-month,6,20.2,98.35,Mailed check,No internet service,Yes,No
2460-NGXBJ,Month-to-month,11,75.2,775.3,Credit card (automatic),No,Yes,No
2446-ZKVAF,Month-to-month,18,56.8,1074.65,Credit card (automatic),No,No,No
0841-NULXI,Month-to-month,1,35.55,35.55,Electronic check,No,Yes,Yes
3522-CDKHF,Month-to-month,32,75.5,2324.7,Bank transfer (automatic),No,Yes,No
1430-SFQSA,One year,29,35.6,1072.6,Mailed check,Yes,No,No
0411-EZJZE,Month-to-month,3,60.25,170.5,Electronic check,No,Yes,No
7851-WZEKY,Month-to-month,2,95.15,196.9,Electronic check,No,Yes,Yes
8844-TONUD,Month-to-month,13,96.65,1162.85,Mailed check,No,Yes,Yes
8807-ARQET,Month-to-month,41,40.35,1677.85,Electronic check,No,Yes,No
8992-CEUEN,Month-to-month,1,18.85,18.85,Electronic check,No internet service,No,No
4320-QMLLA,Month-to-month,7,54.85,370.4,Mailed check,No,No,No
8777-PVYGU,One year,52,64.3,3410.6,Mailed check,No,Yes,No
8292-ITGYJ,Two year,45,24.65,1138.8,Bank transfer (automatic),No internet service,Yes,No
6870-ZWMNX,Two year,70,76.1,5264.25,Credit card (automatic),Yes,No,No
0621-CXBKL,Two year,53,18.7,1005.7,Mailed check,No internet service,No,No
5268-DSMNQ,One year,62,97.95,5936.55,Credit card (automatic),No,Yes,No
5334-JLAXU,Month-to-month,60,94.1,5475.9,Credit card (automatic),No,Yes,No
4086-YQSNZ,Month-to-month,3,80.4,224.05,Electronic check,No,Yes,Yes
6242-MBHPK,Month-to-month,23,95.1,2326.05,Electronic check,No,Yes,No
5868-CZJDR,Month-to-month,1,31.35,31.35,Mailed check,No,Yes,Yes
9359-UGBTK,One year,67,72.35,4991.5,Bank transfer (automatic),Yes,Yes,No
0135-NMXAP,Month-to-month,12,89.75,1052.4,Bank transfer (automatic),No,Yes,Yes
4782-OSFXZ,Two year,71,82.7,5831.2,Bank transfer (automatic),Yes,Yes,No
6479-OAUSD,One year,25,19.9,510.8,Credit card (automatic),No internet service,No,No
7129-ACFOG,Month-to-month,5,53.8,283.95,Electronic check,No,Yes,No
4189-NAKJS,One year,26,51.55,1295.4,Credit card (automatic),No,Yes,No
5562-BETPV,One year,1,19.65,19.65,Mailed check,No internet service,No,No
1282-IHQAC,One year,70,44.05,3011.65,Credit card (automatic),No,Yes,No
9127-FHJBZ,Two year,72,114.0,8093.15,Electronic check,Yes,Yes,No
6270-OMFIW,One year,60,94.4,5610.25,Electronic check,No,Yes,Yes
1641-RQDAY,Month-to-month,32,100.4,3217.65,Electronic check,No,Yes,No
0107-WESLM,Month-to-month,1,19.85,19.85,Electronic check,No internet service,Yes,Yes
6994-ORCWG,One year,14,54.25,773.2,Mailed check,No,Yes,No
1346-UFHAX,Month-to-month,13,80.0,1029.35,Credit card (automatic),No,Yes,No
3992-YWPKO,Month-to-month,6,109.9,669.45,Credit card (automatic),Yes,Yes,Yes
2933-XEUJM,Two year,46,79.2,3593.8,Mailed check,No,No,No
0125-LZQXK,Month-to-month,15,101.35,1553.95,Electronic check,Yes,Yes,Yes
5461-QKNTN,Month-to-month,43,94.3,3953.15,Electronic check,Yes,Yes,No
4835-YSJMR,Two year,39,49.8,1971.15,Bank transfer (automatic),Yes,Yes,No
8399-YNDCH,Month-to-month,21,60.05,1236.15,Bank transfer (automatic),No,Yes,Yes
3164-YAXFY,Month-to-month,57,53.75,3196.0,Electronic check,No,Yes,No
0887-WBJVH,One year,53,93.45,4872.2,Electronic check,Yes,Yes,No
4660-IRIBM,Month-to-month,18,87.9,1500.5,Mailed check,No,Yes,No
5673-FSSMF,Month-to-month,1,60.15,60.15,Electronic check,No,Yes,Yes
7670-ZBPOQ,One year,58,61.05,3478.75,Bank transfer (automatic),Yes,Yes,No
8089-UZWLX,Two year,71,104.05,7413.55,Bank transfer (automatic),No,No,No
0080-OROZO,One year,35,99.25,3532.0,Electronic check,Yes,Yes,No
3916-NRPAP,Month-to-month,3,85.7,256.75,Credit card (automatic),No,No,No
6807-SIWJI,One year,38,104.85,3887.25,Electronic check,No,Yes,No
8221-HVAYI,Two year,35,69.15,2490.15,Credit card (automatic),Yes,Yes,No
1579-KLYDT,Month-to-month,7,90.45,593.45,Electronic check,No,Yes,Yes
5232-NXPAY,Two year,47,74.45,3510.3,Mailed check,Yes,No,No
8967-SZQAS,Month-to-month,14,50.45,765.45,Electronic check,No,No,No
4468-KAZHE,Month-to-month,20,60.0,1259.35,Electronic check,No,Yes,No
0455-ENTCR,Two year,66,85.25,5538.35,Electronic check,Yes,No,No
8944-AILEF,Month-to-month,15,19.45,340.85,Credit card (automatic),No internet service,Yes,No
5542-NKVRU,Two year,42,20.75,844.45,Bank transfer (automatic),No internet service,Yes,No
7126-RBHSD,Month-to-month,17,78.9,1348.95,Electronic check,No,No,No
5370-IIVVL,One year,37,104.5,3778.0,Credit card (automatic),Yes,Yes,No
6789-HJBWG,Month-to-month,12,49.4,611.65,Electronic check,No,Yes,No
3927-NLNRY,One year,53,94.25,4867.95,Bank transfer (automatic),No,Yes,Yes
9087-EYCPR,Two year,60,25.0,1505.05,Mailed check,No internet service,No,No
6791-YBNAK,Month-to-month,18,25.55,467.85,Credit card (automatic),No,No,No
6358-LYNGM,Month-to-month,1,74.9,74.9,Electronic check,No,Yes,Yes
6077-BDPXA,Month-to-month,3,70.15,194.2,Electronic check,No,Yes,No
0013-MHZWF,Month-to-month,9,69.4,571.45,Credit card (automatic),Yes,Yes,No
5494-HECPR,Month-to-month,1,80.25,80.25,Electronic check,No,Yes,Yes
8268-YDIXR,One year,56,93.15,5253.95,Electronic check,No,Yes,No
9824-BEMCV,Month-to-month,17,69.0,1149.65,Electronic check,No,Yes,Yes
1373-ORVIZ,Month-to-month,11,66.35,740.8,Electronic check,Yes,Yes,Yes
4291-SHSBH,Month-to-month,7,69.55,521.35,Electronic check,No,Yes,No
6980-IMXXE,Two year,69,20.2,1412.65,Bank transfer (automatic),No internet service,No,No
9866-QEVEE,Month-to-month,19,86.0,1532.45,Bank transfer (automatic),No,Yes,Yes
9897-KXHCM,Month-to-month,3,80.3,250.05,Electronic check,No,Yes,Yes
0040-HALCW,Two year,54,20.4,1090.6,Credit card (automatic),No internet service,No,No
0784-GTUUK,One year,62,23.75,1446.8,Credit card (automatic),No internet service,Yes,No
7979-CORPM,Month-to-month,24,90.55,2282.55,Credit card (automatic),No,Yes,Yes
2294-DMMUS,Month-to-month,62,70.45,4300.45,Credit card (automatic),No,Yes,No
0872-JCPIB,Month-to-month,17,65.75,1111.2,Bank transfer (automatic),No,No,No
3055-MJDSB,Month-to-month,9,24.6,190.1,Mailed check,No,Yes,No
9091-WTUUY,Two year,64,69.25,4447.75,Mailed check,Yes,No,No
1618-CFHME,Month-to-month,2,75.9,143.35,Electronic check,No,Yes,Yes
3165-HDOEW,Month-to-month,1,45.85,45.85,Mailed check,No,Yes,Yes
6581-NQCBA,Month-to-month,16,49.95,810.2,Electronic check,Yes,Yes,Yes
7115-IRDHS,Two year,72,24.65,1830.05,Bank transfer (automatic),No internet service,No,No
8496-DMZUK,One year,30,90.4,2820.65,Bank transfer (automatic),No,No,No
2040-VZIKE,Month-to-month,49,100.85,4847.35,Mailed check,No,Yes,No
9068-VPWQQ,Two year,61,75.35,4729.3,Credit card (automatic),Yes,No,No
0178-SZBHO,Month-to-month,47,87.2,4017.45,Electronic check,No,No,No
0384-RVBPI,Month-to-month,20,64.4,1398.6,Credit card (automatic),No,No,No
1689-MRZQR,Month-to-month,34,78.3,2564.3,Electronic check,No,No,Yes
1299-AURJA,Two year,70,24.7,1685.9,Bank transfer (automatic),No internet service,No,No
4525-VZCZG,One year,54,105.85,5826.65,Electronic check,Yes,Yes,No
1543-LLLFT,One year,61,98.3,6066.55,Mailed check,Yes,Yes,No
5835-BEQEU,Month-to-month,3,76.95,228.4,Electronic check,No,Yes,Yes
2788-CJQAQ,One year,13,19.45,270.2,Mailed check,No internet service,No,No
5565-FILXA,Month-to-month,16,96.15,1529.2,Electronic check,No,Yes,Yes
0319-QZTCO,Month-to-month,3,58.7,168.6,Credit card (automatic),No,Yes,No
2120-SMPEX,Month-to-month,25,20.15,536.35,Mailed check,No internet service,Yes,No
0096-FCPUF,Month-to-month,30,64.5,1888.45,Mailed check,No,Yes,No
0668-OGMHD,Month-to-month,21,28.5,629.35,Electronic check,No,No,No
5552-ZNFSJ,Month-to-month,1,45.3,45.3,Electronic check,No,No,Yes
2223-KAGMX,Month-to-month,15,19.4,289.3,Bank transfer (automatic),No internet service,No,Yes
6507-ZJSUR,Month-to-month,23,90.45,2117.25,Electronic check,No,Yes,No
9408-HRXRK,Month-to-month,45,105.15,4730.9,Electronic check,No,Yes,No
5593-SUAOO,One year,24,83.15,2033.05,Bank transfer (automatic),No,No,No
7321-PKUYW,Month-to-month,11,90.15,987.95,Electronic check,Yes,No,Yes
2833-SLKDQ,Month-to-month,1,45.05,45.05,Mailed check,No,No,Yes
6766-HFKLA,Two year,56,103.2,5744.35,Bank transfer (automatic),Yes,No,No
7595-EUIVN,Month-to-month,1,75.8,75.8,Electronic check,No,No,Yes
7617-EYGLW,Month-to-month,1,19.45,19.45,Electronic check,No internet service,No,No
2026-TGDHM,Month-to-month,7,79.3,523.15,Electronic check,No,Yes,Yes
9220-ZNKJI,Two year,55,88.8,4805.3,Credit card (automatic),Yes,No,No
4030-VPZBD,Month-to-month,2,30.9,59.05,Electronic check,Yes,Yes,Yes
2226-ICFDO,Two year,72,85.9,6110.75,Credit card (automatic),Yes,Yes,No
0723-VSOBE,One year,45,34.2,1596.6,Electronic check,No,No,No
5529-GIBVH,Two year,47,20.15,1046.2,Mailed check,No internet service,No,No
4187-CINZD,One year,46,95.25,4424.2,Credit card (automatic),No,No,Yes
9992-UJOEL,Month-to-month,2,50.3,92.75,Mailed check,No,Yes,No
4741-WWJQZ,Month-to-month,2,80.15,194.55,Electronic check,Yes,Yes,No
6625-UTXEW,Month-to-month,12,51.25,612.1,Electronic check,No,Yes,No
6818-WOBHJ,Month-to-month,68,89.6,6127.6,Bank transfer (automatic),No,Yes,Yes
6244-BESBM,Two year,69,95.2,6671.7,Credit card (automatic),Yes,Yes,No
1004-NOZNR,One year,56,94.8,5264.3,Credit card (automatic),No,No,No
1251-STYSZ,Month-to-month,4,80.25,303.7,Electronic check,No,Yes,No
2612-PHGOX,Two year,64,76.1,4818.8,Bank transfer (automatic),Yes,Yes,No
2408-TZMJL,One year,59,110.15,6448.05,Electronic check,No,Yes,Yes
8480-PPONV,Two year,62,115.55,7159.05,Bank transfer (automatic),Yes,No,No
8780-IHCRN,Two year,63,24.65,1574.5,Credit card (automatic),No internet service,No,No
4598-ZADCK,One year,53,53.6,2879.2,Electronic check,Yes,Yes,No
1257-SXUXQ,Month-to-month,5,19.45,86.05,Mailed check,No internet service,No,No
9681-KYGYB,Month-to-month,49,88.2,4159.45,Electronic check,No,Yes,No
7182-OVLBJ,Two year,62,101.15,6638.35,Bank transfer (automatic),No,Yes,No
5095-ETBRJ,Two year,55,56.8,3112.05,Mailed check,Yes,No,No
7005-CYUIL,Two year,71,99.4,7168.25,Electronic check,Yes,Yes,No
4821-WQOYN,Two year,72,20.1,1326.25,Credit card (automatic),No internet service,Yes,No
4730-AWNAU,One year,36,60.7,2234.55,Credit card (automatic),Yes,No,No
3452-FLHYD,One year,25,20.95,495.15,Bank transfer (automatic),No internet service,Yes,No
2388-LAESQ,Two year,72,114.85,8317.95,Bank transfer (automatic),Yes,Yes,No
9531-NSBMR,One year,36,19.25,679.8,Bank transfer (automatic),No internet service,Yes,No
6260-ONULR,Month-to-month,1,62.8,62.8,Mailed check,No,Yes,No
4389-UEFCZ,Two year,72,105.5,7544.0,Electronic check,No,Yes,No
8711-LOBKY,Two year,59,19.85,1188.25,Mailed check,No internet service,No,No
9134-CEQMF,Month-to-month,7,89.5,676.7,Electronic check,No,Yes,Yes
8985-OOPOS,One year,1,74.1,74.1,Credit card (automatic),Yes,No,No
8800-ZKRFW,Month-to-month,30,107.5,3242.5,Electronic check,Yes,Yes,No
2616-FLVQC,Two year,64,19.55,1240.15,Mailed check,No internet service,No,No
9968-FFVVH,One year,63,68.8,4111.35,Bank transfer (automatic),Yes,No,No
3108-PCCGG,Two year,72,84.45,5899.85,Credit card (automatic),No,No,No
7993-PYKOF,Month-to-month,8,75.0,632.95,Electronic check,No,No,Yes
8390-FESFV,Two year,62,84.5,5193.2,Bank transfer (automatic),Yes,No,No
3022-BEXHZ,Two year,67,111.2,7530.8,Bank transfer (automatic),Yes,Yes,No
5027-XWQHA,Month-to-month,6,44.75,270.95,Electronic check,No,No,Yes
6248-TKCQV,Two year,70,80.6,5460.2,Bank transfer (automatic),Yes,Yes,No
6729-GDNGC,Month-to-month,20,80.7,1614.2,Bank transfer (automatic),No,No,No
6198-ZFIOJ,Month-to-month,5,75.6,402.5,Electronic check,No,No,No
5989-OMNJE,One year,24,57.6,1367.75,Electronic check,No,No,No
4566-QVRRW,Month-to-month,11,44.05,483.7,Electronic check,No,Yes,Yes
1291-CUOCY,Two year,72,110.6,7962.2,Credit card (automatic),Yes,Yes,No
9795-SHUHB,Two year,66,58.2,3810.8,Credit card (automatic),Yes,Yes,No
3230-IUALN,Two year,45,81.0,3533.6,Mailed check,Yes,Yes,No
0042-RLHYP,Two year,69,19.7,1396.9,Bank transfer (automatic),No internet service,No,No
8519-IMDHU,Month-to-month,15,85.6,1345.55,Bank transfer (automatic),No,Yes,Yes
4945-RVMTE,Month-to-month,28,59.55,1646.45,Bank transfer (automatic),No,Yes,No
0201-OAMXR,One year,70,115.55,8127.6,Credit card (automatic),Yes,No,Yes
1866-NXPSP,One year,36,75.55,2680.15,Mailed check,Yes,Yes,No
3372-KWFBM,Month-to-month,16,86.6,1281.0,Electronic check,No,Yes,Yes
7831-QGOXH,Month-to-month,18,85.2,1553.9,Electronic check,No,Yes,Yes
6393-WRYZE,Month-to-month,34,97.65,3207.55,Electronic check,No,Yes,Yes
3941-XTSKM,One year,42,45.1,2049.05,Credit card (automatic),No,Yes,No
1661-CZBAU,One year,48,70.95,3629.2,Bank transfer (automatic),Yes,Yes,No
6599-RCLCJ,Month-to-month,47,109.55,5124.55,Electronic check,Yes,Yes,Yes
9831-BPFRI,One year,39,89.55,3474.45,Electronic check,Yes,Yes,Yes
5158-RIVOP,Two year,11,20.9,202.3,Credit card (automatic),No internet service,No,No
9788-YTFGE,Month-to-month,7,19.95,147.5,Mailed check,No internet service,Yes,No
9277-JOOMO,Month-to-month,3,24.6,86.35,Mailed check,No internet service,No,No
1907-YLNYW,Month-to-month,8,66.7,579.0,Electronic check,No,Yes,No
1725-MIMXW,Month-to-month,1,19.45,19.45,Mailed check,No internet service,Yes,Yes
8947-YRTDV,One year,32,94.8,3131.55,Mailed check,No,No,No
3161-ONRWK,One year,60,65.85,3928.3,Bank transfer (automatic),Yes,Yes,No
0114-RSRRW,Month-to-month,10,19.95,187.75,Bank transfer (automatic),No internet service,Yes,No
4565-NLZBV,Two year,71,24.65,1710.15,Bank transfer (automatic),No internet service,Yes,No
0031-PVLZI,Month-to-month,4,20.35,76.35,Mailed check,No internet service,No,Yes
7206-GZCDC,Month-to-month,1,69.25,69.25,Electronic check,No,Yes,Yes
6682-VCIXC,One year,43,51.25,2151.6,Bank transfer (automatic),Yes,Yes,No
4791-QRGMF,One year,59,99.5,5961.1,Bank transfer (automatic),No,Yes,Yes
6475-VHUIZ,Month-to-month,23,54.25,1221.55,Electronic check,Yes,No,No
3910-MRQOY,Two year,72,19.4,1496.45,Bank transfer (automatic),No internet service,No,No
0661-WCQNQ,One year,22,56.25,1292.2,Credit card (automatic),Yes,Yes,No
7537-RBWEA,Month-to-month,1,25.15,25.15,Mailed check,No,Yes,No
4656-CAURT,Two year,69,23.95,1713.1,Bank transfer (automatic),No internet service,No,No
0121-SNYRK,One year,50,35.4,1748.9,Mailed check,Yes,Yes,No
1768-ZAIFU,Month-to-month,1,25.2,25.2,Electronic check,No,Yes,Yes
4671-LXRDQ,Month-to-month,2,45.0,96.45,Mailed check,No,Yes,Yes
3733-LSYCE,Month-to-month,15,75.35,1114.55,Bank transfer (automatic),No,No,No
6265-FRMTQ,Two year,31,20.4,609.1,Bank transfer (automatic),No internet service,No,No
1934-SJVJK,Month-to-month,1,20.15,20.15,Mailed check,No internet service,No,Yes
3838-OZURD,Month-to-month,66,105.0,7133.25,Credit card (automatic),No,Yes,Yes
1371-DWPAZ,Two year,0,56.05,0.0,Credit card (automatic),Yes,No,No
9269-CQOOL,Month-to-month,3,54.7,169.45,Credit card (automatic),No,Yes,Yes
2017-CCBLH,Two year,8,20.0,141.6,Mailed check,No internet service,No,No
7690-KPNCU,One year,64,73.05,4688.65,Credit card (automatic),No,Yes,No
0536-BGFMZ,Month-to-month,28,20.5,563.05,Mailed check,No internet service,No,No
2293-IJWPS,One year,57,100.75,5985.0,Credit card (automatic),No,Yes,No
2845-HSJCY,Month-to-month,14,87.25,1258.6,Electronic check,No,Yes,Yes
5469-NUJUR,Two year,19,19.95,373.5,Mailed check,No internet service,Yes,No
1184-PJVDB,Month-to-month,10,79.95,857.2,Electronic check,No,Yes,Yes
2625-TRCZQ,Month-to-month,51,49.65,2553.35,Electronic check,No,Yes,No
4102-HLENU,Two year,67,65.65,4322.85,Mailed check,No,No,No
7266-GSSJX,Month-to-month,11,20.45,250.8,Electronic check,No internet service,Yes,No
7722-VJRQD,Two year,72,60.95,4549.05,Bank transfer (automatic),Yes,No,No
7073-QETQY,One year,66,20.35,1359.5,Electronic check,No internet service,Yes,No
9415-DPEWS,Month-to-month,18,88.35,1639.3,Electronic check,Yes,Yes,Yes
5624-RYAMH,Month-to-month,9,19.5,178.85,Electronic check,No internet service,Yes,No
0196-JTUQI,Month-to-month,9,75.2,633.85,Credit card (automatic),No,Yes,No
7130-YXBRO,Month-to-month,48,111.45,5315.1,Bank transfer (automatic),No,Yes,No
9272-LSVYH,Month-to-month,10,70.15,735.5,Mailed check,No,No,No
7943-RQCHR,Month-to-month,9,94.75,889.9,Electronic check,No,Yes,Yes
3793-MMFUH,Month-to-month,13,95.05,1290.0,Electronic check,No,Yes,Yes
3249-ZPQRG,Month-to-month,4,78.45,330.05,Electronic check,No,No,Yes
2568-BRGYX,Month-to-month,4,70.2,237.95,Electronic check,No,Yes,Yes
3084-DOWLE,Two year,72,92.0,6474.4,Bank transfer (automatic),Yes,No,No
1084-MNSMJ,Two year,51,85.5,4421.95,Credit card (automatic),Yes,No,No
7721-JXEAW,Month-to-month,59,41.05,2452.7,Bank transfer (automatic),No,Yes,Yes
7249-WBIYX,Month-to-month,10,85.6,813.85,Electronic check,No,Yes,Yes
4238-HFHSN,Month-to-month,61,82.15,4904.85,Electronic check,No,Yes,No
6250-CGGUN,One year,54,84.4,4484.05,Electronic check,Yes,No,No
5478-JJVZK,Month-to-month,33,60.9,2033.85,Mailed check,No,Yes,No
7596-IIWYC,Two year,27,20.25,538.2,Bank transfer (automatic),No internet service,Yes,No
6567-HOOPW,Month-to-month,1,79.2,79.2,Electronic check,No,Yes,Yes
9793-WECQC,Month-to-month,23,95.3,2192.9,Mailed check,No,No,No
4291-HPAXL,Month-to-month,1,19.85,19.85,Mailed check,No internet service,No,No
8999-YPYBV,Two year,45,84.35,3858.05,Mailed check,Yes,Yes,No
1839-FBNFR,Two year,39,19.85,854.8,Bank transfer (automatic),No internet service,Yes,No
3164-AALRN,One year,5,70.0,347.4,Mailed check,No,Yes,Yes
3071-MVJCD,Two year,72,82.3,5815.15,Bank transfer (automatic),Yes,No,No
1697-BCSHV,Month-to-month,58,66.8,3970.4,Bank transfer (automatic),No,Yes,No
0562-KBDVM,Two year,70,44.6,3058.15,Bank transfer (automatic),Yes,Yes,No
1131-SUEKT,One year,61,98.45,6145.2,Bank transfer (automatic),Yes,Yes,No
3717-OEAUQ,Month-to-month,2,70.7,129.2,Mailed check,No,No,No
4538-WNTMJ,One year,46,24.95,1165.9,Mailed check,No internet service,No,No
3334-CTHOL,Month-to-month,1,49.95,49.95,Bank transfer (automatic),No,Yes,Yes
4704-ERYFC,Month-to-month,22,69.25,1554.0,Electronic check,No,Yes,Yes
9432-RUVSL,Two year,48,102.5,4904.25,Credit card (automatic),Yes,Yes,No
8060-HIWJJ,Two year,64,86.55,5632.55,Credit card (automatic),Yes,No,No
7684-XSZIY,Two year,72,24.3,1643.25,Bank transfer (automatic),No internet service,No,No
9089-UOWJG,Month-to-month,12,58.35,740.55,Credit card (automatic),No,Yes,No
8621-MNIHH,Month-to-month,34,94.25,3217.55,Electronic check,No,Yes,Yes
8039-ACLPL,Two year,72,68.75,4888.2,Credit card (automatic),No,No,No
9885-AIBVB,Month-to-month,29,85.8,2440.25,Electronic check,No,Yes,No
1934-MKPXS,One year,33,20.1,620.55,Credit card (automatic),No internet service,No,No
2592-YKDIF,Month-to-month,1,20.35,20.35,Mailed check,No internet service,No,No
2272-JKMSI,One year,62,110.8,6840.95,Electronic check,Yes,Yes,No
0471-LVHGK,One year,41,73.0,3001.2,Electronic check,No,Yes,Yes
9518-RWHZL,One year,64,100.05,6254.2,Credit card (automatic),No,Yes,Yes
8714-CTZJW,Month-to-month,4,82.85,319.6,Credit card (automatic),No,Yes,No
3569-EDBPQ,Month-to-month,24,84.35,1938.05,Electronic check,Yes,Yes,No
3131-NWVFJ,One year,14,19.55,294.5,Mailed check,No internet service,No,No
7521-YXVZY,Month-to-month,3,19.95,58.3,Mailed check,No internet service,No,No
5419-CONWX,Month-to-month,4,99.8,442.85,Credit card (automatic),No,Yes,Yes
6240-EURKS,Month-to-month,18,35.0,553.0,Electronic check,No,Yes,Yes
2373-NTKOD,Month-to-month,8,66.25,546.45,Electronic check,No,Yes,No
1970-KKFWL,Two year,35,23.3,797.1,Bank transfer (automatic),No internet service,No,No
6960-HVYXR,Month-to-month,1,76.0,76.0,Electronic check,No,No,Yes
9337-SRRNI,Two year,66,25.3,1673.8,Credit card (automatic),No internet service,Yes,No
0895-UADGO,Two year,8,44.55,343.45,Mailed check,Yes,Yes,No
5678-VFNEQ,One year,71,104.1,7412.25,Credit card (automatic),No,Yes,No
5977-CKHON,Month-to-month,43,92.55,4039.0,Bank transfer (automatic),No,Yes,No
7024-OHCCK,Month-to-month,2,93.85,170.85,Electronic check,No,Yes,Yes
2692-BUCFV,Month-to-month,29,101.45,2948.6,Bank transfer (automatic),No,Yes,No
7861-UVUFT,Month-to-month,15,84.3,1308.4,Electronic check,No,Yes,Yes
1830-GGFNM,Two year,65,94.55,6078.75,Credit card (automatic),Yes,No,No
5302-BDJNT,Month-to-month,35,95.5,3418.2,Electronic check,Yes,No,No
5223-UZAVK,One year,64,100.3,6603.8,Credit card (automatic),No,Yes,No
4859-ZSRDZ,Two year,58,55.5,3166.9,Credit card (automatic),Yes,Yes,No
5651-WYIPH,Month-to-month,18,49.85,865.75,Credit card (automatic),No,Yes,No
9350-VLHMB,Month-to-month,67,89.55,6373.1,Bank transfer (automatic),No,Yes,No
3498-LZGQZ,Two year,63,19.15,1177.05,Mailed check,No internet service,Yes,No
8785-CJSHH,Month-to-month,60,99.8,5985.75,Electronic check,No,Yes,No
5357-TZHPP,Month-to-month,9,84.4,732.5,Credit card (automatic),No,Yes,Yes
3870-SPZSI,Two year,70,113.05,7869.05,Credit card (automatic),Yes,Yes,No
0680-DFNNY,Month-to-month,15,101.1,1504.05,Electronic check,No,Yes,Yes
7560-QRBXH,One year,48,19.95,936.7,Mailed check,No internet service,No,No
7077-XJMET,Month-to-month,12,74.15,741.4,Electronic check,Yes,Yes,No
8752-GHJFU,One year,71,92.0,6585.2,Electronic check,Yes,Yes,No
6896-SRVYQ,Month-to-month,44,73.85,3122.4,Electronic check,No,No,No
7767-UXAGJ,Month-to-month,1,50.45,50.45,Electronic check,No,Yes,Yes
4652-ODEVH,Two year,45,24.45,1088.25,Mailed check,No internet service,No,No
6510-UPNKS,One year,23,24.8,615.35,Credit card (automatic),No internet service,No,No
6718-BDGHG,One year,43,64.85,2908.2,Bank transfer (automatic),Yes,Yes,No
9046-DQMTP,Month-to-month,35,20.75,739.9,Bank transfer (automatic),No internet service,No,No
6439-LAJXL,Month-to-month,9,68.95,593.85,Mailed check,Yes,Yes,No
1571-SAVHK,Month-to-month,12,99.95,1132.75,Mailed check,Yes,Yes,Yes
9052-VKDUW,Month-to-month,65,109.4,7227.45,Credit card (automatic),No,Yes,No
9546-CQJSU,Month-to-month,2,91.4,193.6,Electronic check,No,Yes,Yes
1666-JZPZT,Month-to-month,27,49.0,1291.35,Mailed check,No,No,No
5777-KJIRB,One year,40,50.25,2023.55,Mailed check,No,Yes,No
0506-LVNGN,Month-to-month,5,75.55,349.65,Credit card (automatic),No,Yes,Yes
7677-SJJJK,One year,8,19.9,153.95,Credit card (automatic),No internet service,No,No
2480-EJWYP,One year,58,97.8,5458.8,Bank transfer (automatic),No,Yes,No
3253-HKOKL,One year,52,100.3,5244.45,Electronic check,No,No,No
7055-HNEOJ,Month-to-month,3,55.8,154.55,Mailed check,Yes,Yes,No
5514-YQENT,Two year,41,111.15,4507.15,Electronic check,Yes,Yes,No
3211-AAPKX,Month-to-month,20,98.55,2031.95,Mailed check,Yes,Yes,No
8445-DNBAE,Month-to-month,1,50.05,50.05,Electronic check,No,Yes,No
2951-QOQTK,Month-to-month,4,80.8,332.45,Credit card (automatic),Yes,No,Yes
2958-NHPPS,Month-to-month,23,20.85,473.9,Electronic check,No internet service,No,No
6806-YDEUL,Month-to-month,6,19.5,106.8,Bank transfer (automatic),No internet service,No,No
1735-XMJVH,Month-to-month,8,19.35,152.6,Mailed check,No internet service,Yes,No
6890-PFRQX,Month-to-month,18,69.5,1199.4,Mailed check,No,No,No
0222-CNVPT,Month-to-month,52,48.8,2555.05,Credit card (automatic),No,Yes,No
5899-OUVKV,Month-to-month,31,94.5,2979.2,Electronic check,No,Yes,No
8681-ICONS,Month-to-month,29,20.65,654.85,Mailed check,No internet service,Yes,No
1621-YNCJH,Two year,36,106.05,3834.4,Credit card (automatic),Yes,Yes,No
3473-XIIIT,Month-to-month,16,100.0,1534.75,Electronic check,No,Yes,Yes
6362-QHAFM,One year,42,108.3,4586.15,Electronic check,Yes,Yes,No
7893-IXHRQ,Month-to-month,1,20.55,20.55,Electronic check,No internet service,No,Yes
3070-BDOQC,Two year,60,99.65,5941.05,Electronic check,No,Yes,No
2952-QAYZF,Month-to-month,5,85.3,424.15,Electronic check,No,Yes,Yes
6234-PFPXL,Month-to-month,22,95.9,2234.95,Credit card (automatic),Yes,No,No
9824-QCJPK,One year,36,20.0,666.75,Mailed check,No internet service,No,No
4763-PGDPO,Month-to-month,4,70.4,281.0,Electronic check,No,No,Yes
4283-IVYCI,Month-to-month,9,64.95,547.8,Mailed check,Yes,No,No
1866-OBPNR,Month-to-month,1,74.6,74.6,Credit card (automatic),No,No,No
8205-MQUGY,Month-to-month,12,49.2,571.15,Electronic check,No,Yes,No
8970-ANWXO,One year,23,73.75,1756.6,Mailed check,Yes,Yes,No
9480-BQJEI,One year,62,92.3,5731.45,Bank transfer (automatic),No,Yes,No
5394-SVGJV,Month-to-month,37,98.8,3475.55,Bank transfer (automatic),Yes,No,Yes
6979-TNDEU,Month-to-month,8,19.2,156.85,Mailed check,No internet service,No,No
9777-WJJPR,Month-to-month,31,88.65,2683.2,Credit card (automatic),No,No,No
9283-LZQOH,Month-to-month,13,74.4,896.75,Credit card (automatic),No,Yes,Yes
7079-QRCBC,Month-to-month,24,98.75,2407.3,Electronic check,No,Yes,Yes
9495-SKLKD,Month-to-month,45,95.95,4456.65,Bank transfer (automatic),No,Yes,No
6048-UWKAL,Two year,69,105.4,6998.95,Credit card (automatic),Yes,No,No
5067-DGXLL,Month-to-month,2,20.25,36.8,Mailed check,No internet service,No,No
5469-CTCWN,One year,61,106.0,6547.7,Electronic check,No,Yes,Yes
9851-QXEEQ,Month-to-month,41,104.7,4346.4,Electronic check,No,Yes,Yes
6281-FKEWS,One year,44,49.05,2265.0,Electronic check,No,Yes,No
8898-KASCD,One year,39,35.55,1309.15,Mailed check,Yes,No,No
9242-TKFSV,Two year,72,65.1,4754.3,Credit card (automatic),Yes,Yes,No
9290-SHCMB,Month-to-month,13,96.85,1235.55,Electronic check,No,Yes,No
0743-HNPFG,One year,51,69.75,3562.5,Credit card (automatic),Yes,Yes,No
2277-BKJKN,Two year,71,99.2,7213.75,Electronic check,No,Yes,No
9809-IMGCQ,Month-to-month,22,96.7,2082.95,Electronic check,No,Yes,Yes
5208-HFSBT,Month-to-month,2,55.05,102.75,Credit card (automatic),Yes,Yes,Yes
5035-PGZXH,One year,56,106.8,5914.4,Electronic check,No,Yes,No
8695-WDYEA,Month-to-month,1,51.25,51.25,Mailed check,No,No,No
6543-JXSOO,One year,23,57.75,1282.85,Mailed check,Yes,Yes,No
8016-ZMGMO,One year,66,70.85,4738.85,Bank transfer (automatic),No,Yes,No
8605-ITULD,Month-to-month,1,19.55,19.55,Mailed check,No internet service,No,No
3254-YRILK,Month-to-month,19,88.2,1775.8,Electronic check,No,Yes,Yes
6416-YJTTB,Month-to-month,11,79.5,795.65,Bank transfer (automatic),No,Yes,No
2667-WYLWJ,One year,8,19.75,145.0,Mailed check,No internet service,Yes,Yes
4472-VESGY,Month-to-month,52,98.15,4993.4,Bank transfer (automatic),No,No,No
3195-TQDZX,Month-to-month,3,20.25,61.45,Electronic check,No internet service,Yes,No
3128-YOVTD,Month-to-month,51,79.15,4018.55,Bank transfer (automatic),No,Yes,No
0529-ONKER,Month-to-month,15,75.65,1146.65,Electronic check,No,No,Yes
1728-CXQBE,Month-to-month,64,94.25,6081.4,Electronic check,No,Yes,No
7041-TXQJH,Month-to-month,37,40.2,1478.85,Credit card (automatic),No,Yes,No
5014-GSOUQ,Two year,13,19.95,243.65,Mailed check,No internet service,No,No
5724-BIDBU,One year,49,55.35,2633.95,Electronic check,No,Yes,No
0481-SUMCB,One year,45,102.15,4735.35,Bank transfer (automatic),No,Yes,No
1769-GRUIK,Month-to-month,18,71.1,1247.75,Electronic check,No,Yes,No
5240-IJOQT,Month-to-month,1,74.7,74.7,Electronic check,No,Yes,Yes
8819-WFGGJ,Two year,68,54.1,3794.5,Bank transfer (automatic),No,Yes,No
7427-AUFPY,Two year,54,19.65,1008.7,Credit card (automatic),No internet service,No,No
2811-POVEX,Month-to-month,23,88.45,2130.55,Bank transfer (automatic),No,Yes,No
1092-GANHU,Month-to-month,17,76.65,1313.55,Electronic check,No,Yes,Yes
7898-PDWQE,Two year,71,80.4,5727.15,Credit card (automatic),Yes,No,No
9972-EWRJS,Two year,67,19.25,1372.9,Bank transfer (automatic),No internet service,Yes,No
9314-IJWSQ,Month-to-month,14,84.8,1203.9,Electronic check,No,Yes,No
0661-XEYAN,Month-to-month,1,25.8,25.8,Mailed check,No,Yes,Yes
5799-JRCZO,Two year,63,19.5,1215.1,Credit card (automatic),No internet service,No,No
1921-KYSAY,One year,41,68.6,2877.05,Electronic check,Yes,Yes,No
6198-RTPMF,Month-to-month,17,92.6,1579.7,Electronic check,No,No,No
2924-KHUVI,One year,56,100.55,5514.95,Electronic check,No,Yes,No
1925-GMVBW,Month-to-month,5,20.55,96.1,Credit card (automatic),No internet service,No,No
7881-EVUAD,Month-to-month,2,42.6,72.4,Electronic check,No,Yes,Yes
6184-DYUOB,Month-to-month,3,19.6,55.25,Mailed check,No internet service,Yes,No
9207-ZPANB,One year,37,67.45,2443.3,Electronic check,Yes,No,No
5766-XQXMQ,Month-to-month,29,68.85,1970.5,Bank transfer (automatic),No,Yes,Yes
9327-QSDED,Month-to-month,8,43.55,335.4,Mailed check,No,No,No
1656-DRSMG,Month-to-month,63,109.85,7002.95,Credit card (automatic),Yes,Yes,No
3012-VFFMN,Month-to-month,7,20.65,158.95,Mailed check,No internet service,No,No
2984-AFWNC,Month-to-month,3,95.4,293.15,Electronic check,No,No,No
0640-YJTPY,Two year,72,21.0,1493.75,Bank transfer (automatic),No internet service,No,No
8096-LOIST,Month-to-month,19,56.2,1093.4,Electronic check,No,Yes,No
9764-REAFF,Two year,59,18.4,1057.85,Bank transfer (automatic),No internet service,No,No
3703-VAVCL,Month-to-month,2,90.0,190.05,Credit card (automatic),Yes,No,Yes
7107-UBYKY,Month-to-month,35,25.75,882.55,Electronic check,No internet service,Yes,No
4881-GQJTW,Month-to-month,14,19.6,300.4,Credit card (automatic),No internet service,No,No
8519-QJGJD,Month-to-month,14,75.35,1025.95,Electronic check,No,No,Yes
7876-DNYAP,Two year,69,19.8,1436.95,Credit card (automatic),No internet service,No,No
7905-NJMXS,Month-to-month,7,64.2,475.0,Electronic check,Yes,No,No
2882-WDTBA,Two year,69,75.75,5388.15,Bank transfer (automatic),Yes,Yes,No
2091-GPPIQ,Two year,72,78.95,5730.15,Electronic check,Yes,Yes,No
6326-MTTXK,Month-to-month,8,100.85,819.55,Electronic check,No,No,Yes
5071-FBJFS,Month-to-month,4,50.3,217.1,Electronic check,No,No,No
2796-UUZZO,Month-to-month,63,80.3,4896.35,Credit card (automatic),No,Yes,No
2429-AYKKO,Two year,72,19.85,1434.1,Bank transfer (automatic),No internet service,No,No
9798-OPFEM,Two year,46,21.1,937.1,Electronic check,No internet service,Yes,No
0330-IVZHA,Month-to-month,5,69.95,330.15,Electronic check,No,No,Yes
3794-NFNCH,Month-to-month,30,50.0,1474.9,Mailed check,No,Yes,No
5193-QLVZB,Two year,63,104.75,6536.5,Bank transfer (automatic),No,Yes,No
7114-AEOZE,Two year,60,19.85,1128.1,Bank transfer (automatic),No internet service,No,No
2886-KEFUM,One year,63,107.5,6873.75,Electronic check,No,Yes,Yes
5522-NYKPB,Month-to-month,25,85.9,2199.05,Electronic check,Yes,No,No
4237-RLAQD,Month-to-month,1,45.85,45.85,Mailed check,No,Yes,Yes
9957-YODKZ,Month-to-month,6,80.8,457.1,Electronic check,No,Yes,No
6518-KZXCB,Two year,22,25.25,566.5,Mailed check,No internet service,No,No
2245-ADZFJ,Two year,31,80.55,2471.6,Bank transfer (automatic),Yes,No,No
7776-QGYJC,Month-to-month,39,81.5,3107.3,Bank transfer (automatic),Yes,Yes,No
9313-QOLTZ,Month-to-month,26,20.9,518.3,Mailed check,No internet service,No,No
9651-GTSAQ,One year,53,106.1,5769.75,Bank transfer (automatic),No,Yes,Yes
3186-BAXNB,Month-to-month,1,91.7,91.7,Electronic check,Yes,No,Yes
4672-FOTSD,Month-to-month,12,67.25,832.3,Electronic check,Yes,Yes,No
0637-YLETY,Month-to-month,16,95.6,1555.65,Credit card (automatic),No,Yes,Yes
9818-XQCUV,Month-to-month,2,20.35,45.3,Mailed check,No internet service,No,No
7338-ERIVA,One year,39,45.05,1790.6,Bank transfer (automatic),Yes,No,No
1157-BQCUW,Month-to-month,1,74.95,74.95,Electronic check,No,Yes,Yes
8259-NFJTV,Month-to-month,7,34.65,246.6,Mailed check,Yes,No,No
3223-DWFIO,Month-to-month,4,69.35,261.65,Electronic check,No,No,No
2660-EMUBI,Month-to-month,10,95.35,898.35,Electronic check,No,Yes,Yes
6968-GMKPR,Month-to-month,55,81.55,4509.5,Electronic check,No,Yes,No
4751-ERMAN,Two year,72,75.4,5480.25,Bank transfer (automatic),No,Yes,No
1436-ZMJAN,Month-to-month,10,67.8,653.15,Credit card (automatic),No,Yes,No
3292-PBZEJ,Month-to-month,11,111.4,1183.05,Electronic check,Yes,Yes,No
0799-DDIHE,Month-to-month,15,46.3,639.45,Electronic check,No,No,No
3070-FNFZQ,Two year,23,20.4,478.75,Bank transfer (automatic),No internet service,No,No
2812-SFXMJ,Month-to-month,1,20.05,20.05,Mailed check,No internet service,No,No
7675-OZCZG,Month-to-month,3,45.0,127.1,Electronic check,No,No,Yes
5014-WUQMG,One year,47,96.1,4391.45,Electronic check,No,Yes,No
5312-TSZVC,One year,15,19.65,270.6,Mailed check,No internet service,No,No
2003-CKLOR,Month-to-month,66,99.5,6710.5,Electronic check,No,No,Yes
0993-OSGPT,One year,68,60.65,3975.9,Bank transfer (automatic),Yes,Yes,No
9254-RBFON,One year,17,98.6,1704.95,Bank transfer (automatic),Yes,No,Yes
1205-WNWPJ,Month-to-month,7,59.5,415.95,Mailed check,Yes,Yes,Yes
9391-EOYLI,Month-to-month,12,80.45,950.2,Electronic check,No,Yes,Yes
7108-DGVUU,One year,21,71.7,1497.05,Bank transfer (automatic),No,No,No
2782-JEEBU,Month-to-month,21,36.0,780.15,Mailed check,Yes,Yes,No
5127-BZENZ,One year,56,65.2,3512.15,Bank transfer (automatic),No,No,No
2720-FVBQP,Month-to-month,6,48.95,273.25,Credit card (automatic),No,Yes,No
9906-NHHVC,Two year,65,53.5,3517.9,Bank transfer (automatic),No,Yes,No
4522-XRWWI,One year,42,80.45,3375.9,Credit card (automatic),Yes,No,No
3766-EJLFL,Two year,68,109.05,7508.55,Bank transfer (automatic),Yes,Yes,No
5939-SXWHM,Two year,48,26.3,1245.05,Bank transfer (automatic),No internet service,No,No
8152-UOBNY,One year,50,106.8,5347.95,Electronic check,Yes,Yes,No
7351-KYHQH,Month-to-month,7,64.95,493.65,Electronic check,No,Yes,No
7643-RCHXS,Two year,63,19.35,1263.85,Electronic check,No internet service,No,No
8246-SHFGA,Month-to-month,17,21.1,385.55,Credit card (automatic),No internet service,No,No
8387-MOJJT,Month-to-month,42,77.95,3384.0,Credit card (automatic),No,Yes,Yes
0620-XEFWH,Month-to-month,4,18.85,84.2,Mailed check,No internet service,No,No
6485-QXWWE,Two year,62,26.0,1638.7,Bank transfer (automatic),No internet service,No,No
2761-OCIAX,Month-to-month,2,74.7,165.4,Electronic check,No,Yes,Yes
7321-VGNKU,Month-to-month,2,70.35,120.25,Electronic check,No,Yes,No
5327-CNLUQ,Two year,48,96.9,4473.45,Bank transfer (automatic),No,Yes,No
7552-KEYGT,Two year,27,19.55,520.55,Bank transfer (automatic),No internet service,No,No
5816-JMLGY,Two year,70,80.4,5717.85,Bank transfer (automatic),Yes,Yes,No
3068-OMWZA,Month-to-month,1,88.8,88.8,Electronic check,No,Yes,Yes
2927-QRRQV,One year,46,94.65,4312.5,Electronic check,No,Yes,No
6032-KRXXO,Month-to-month,30,90.25,2755.35,Electronic check,No,Yes,Yes
7459-RRWQZ,Month-to-month,15,64.65,994.55,Bank transfer (automatic),No,Yes,Yes
6265-SXWBU,One year,69,95.75,6511.25,Credit card (automatic),No,No,No
7941-RCJOW,Two year,65,19.55,1218.65,Credit card (automatic),No internet service,Yes,No
6374-NTQLP,Two year,72,104.1,7447.7,Credit card (automatic),Yes,Yes,No
4154-AQUGT,Month-to-month,13,89.05,1169.35,Bank transfer (automatic),Yes,Yes,Yes
2387-KDZQY,One year,17,20.1,279.5,Mailed check,No internet service,Yes,No
3584-WKTTW,One year,51,111.55,5720.35,Electronic check,Yes,Yes,No
3399-BMLVW,Two year,51,60.5,3121.45,Credit card (automatic),Yes,No,No
1971-DTCZB,Two year,72,90.95,6468.6,Bank transfer (automatic),Yes,Yes,No
3092-IGHWF,One year,67,87.4,5918.8,Electronic check,No,No,Yes
3374-PZLXD,Month-to-month,34,19.7,675.6,Mailed check,No internet service,No,No
3813-DHBBB,Two year,67,50.95,3521.7,Bank transfer (automatic),Yes,Yes,No
2812-REYAT,One year,49,20.05,923.1,Bank transfer (automatic),No internet service,Yes,No
6518-PPLMZ,Two year,53,19.4,1110.35,Mailed check,No internet service,Yes,No
4939-KYYPY,Month-to-month,27,59.45,1611.65,Electronic check,Yes,No,No
8017-LXHFA,Month-to-month,23,94.75,2293.6,Electronic check,No,Yes,Yes
5930-GBIWP,Two year,69,81.5,5553.25,Credit card (automatic),Yes,Yes,No
6022-KOUQO,Month-to-month,2,29.05,44.75,Bank transfer (automatic),Yes,No,No
6352-TWCAU,Month-to-month,35,86.45,3029.1,Electronic check,No,Yes,Yes
2361-UPSND,One year,46,70.6,3231.05,Mailed check,Yes,No,No
6035-RIIOM,Two year,54,97.2,5129.45,Bank transfer (automatic),No,Yes,No
2929-QNSRW,One year,56,98.25,5508.35,Electronic check,No,Yes,Yes
1262-OPMFY,Month-to-month,9,75.75,655.9,Bank transfer (automatic),No,Yes,Yes
9504-DSHWM,Month-to-month,20,59.2,1191.2,Bank transfer (automatic),Yes,No,No
5035-BVCXS,Month-to-month,11,75.9,866.4,Mailed check,No,Yes,No
6267-DCFFZ,Month-to-month,30,90.05,2627.2,Electronic check,No,Yes,No
3533-UVMOM,Two year,68,70.95,4741.45,Bank transfer (automatic),No,No,No
2439-LYPMQ,Month-to-month,38,102.6,4009.2,Electronic check,No,Yes,No
4248-QPAVC,Month-to-month,17,85.35,1463.45,Bank transfer (automatic),No,Yes,Yes
1899-VXWXM,One year,48,106.1,5082.8,Credit card (automatic),No,Yes,Yes
1478-VPOAD,Month-to-month,1,43.8,43.8,Electronic check,No,No,No
9995-HOTOH,Two year,63,59.0,3707.6,Electronic check,No,No,No
2988-PLAHS,One year,3,69.95,220.45,Electronic check,No,Yes,No
1371-OJCEK,One year,48,24.35,1133.7,Bank transfer (automatic),No internet service,No,No
4999-IEZLT,One year,66,29.45,1983.15,Credit card (automatic),Yes,No,No
8883-ANODQ,Two year,68,84.4,5746.75,Credit card (automatic),No,Yes,No
4690-LLKUA,Month-to-month,17,45.05,770.6,Electronic check,No,Yes,Yes
2351-RRBUE,One year,7,20.65,134.05,Mailed check,No internet service,No,No
5980-BDHPY,Two year,72,87.1,6230.1,Bank transfer (automatic),Yes,Yes,No
1498-DQNRX,Month-to-month,29,19.85,573.05,Mailed check,No internet service,No,No
9469-WEJBT,Month-to-month,37,90.35,3419.3,Electronic check,Yes,Yes,No
3331-HQDTW,Month-to-month,34,109.8,3587.25,Mailed check,No,Yes,Yes
9490-DFPMD,Month-to-month,42,84.65,3541.35,Electronic check,No,Yes,Yes
2581-VKIRT,One year,59,65.5,3801.3,Mailed check,Yes,No,No
5442-XSDCW,Month-to-month,11,79.5,868.5,Bank transfer (automatic),No,Yes,Yes
7426-WEIJX,Month-to-month,60,80.95,4859.1,Electronic check,No,Yes,No
2851-MMUTZ,Month-to-month,27,56.15,1439.35,Mailed check,Yes,Yes,No
3049-NDXFL,Month-to-month,1,85.8,85.8,Mailed check,No,No,Yes
8580-AECUZ,Month-to-month,1,79.1,79.1,Electronic check,No,Yes,Yes
3307-TLCUD,Month-to-month,17,34.4,592.75,Mailed check,No,No,No
6625-FLENO,Two year,58,20.75,1185.95,Mailed check,No internet service,No,No
2967-MXRAV,One year,1,18.8,18.8,Mailed check,No internet service,No,No
7963-GQRMY,Month-to-month,3,44.3,134.5,Mailed check,No,No,Yes
8189-HBVRW,Month-to-month,53,90.8,4921.2,Electronic check,No,No,No
4163-KIUHY,Month-to-month,35,25.6,901.25,Electronic check,No internet service,Yes,No
1228-FZFRV,Month-to-month,50,105.95,5341.8,Credit card (automatic),No,No,Yes
3500-NSDOA,Two year,68,70.8,4859.95,Credit card (automatic),Yes,No,No
1171-TYKUR,Month-to-month,47,25.4,1139.2,Electronic check,No internet service,No,No
3761-FLYZI,Month-to-month,65,108.8,7082.45,Bank transfer (automatic),No,Yes,No
2058-DCJBE,Month-to-month,5,69.75,324.6,Electronic check,No,Yes,Yes
5364-XYIRR,Month-to-month,51,94.65,4812.75,Electronic check,No,Yes,Yes
4829-AUOAX,Month-to-month,46,96.05,4399.5,Bank transfer (automatic),No,No,Yes
1219-NNDDO,Month-to-month,9,76.85,663.55,Electronic check,No,Yes,No
8388-DMKAE,Two year,8,20.25,174.65,Mailed check,No internet service,No,No
4403-BWPAY,One year,14,24.8,321.7,Credit card (automatic),No internet service,Yes,No
9659-QEQSY,Month-to-month,45,115.65,5125.5,Electronic check,Yes,Yes,No
5405-ZMYXQ,Month-to-month,8,74.6,548.9,Credit card (automatic),No,Yes,No
5047-LHVLY,Month-to-month,1,50.15,50.15,Mailed check,No,Yes,Yes
1442-OKRJE,One year,66,103.15,7031.3,Bank transfer (automatic),No,Yes,No
4737-AQCPU,Two year,72,72.1,5016.65,Credit card (automatic),Yes,No,No
9158-VCTQB,Month-to-month,41,113.6,4594.95,Bank transfer (automatic),Yes,Yes,Yes
2808-CHTDM,Two year,23,25.1,611.45,Mailed check,No internet service,No,No
6311-UEUME,Month-to-month,29,78.9,2384.15,Electronic check,No,Yes,Yes
0793-TWELN,Month-to-month,4,80.15,319.85,Electronic check,No,Yes,No
3283-WCWXT,Two year,6,25.4,153.3,Mailed check,No internet service,No,No
1060-ENTOF,One year,67,105.4,7035.6,Credit card (automatic),Yes,Yes,No
0999-QXNSA,Month-to-month,7,45.75,344.2,Mailed check,No,Yes,No
5451-MHQOF,One year,56,24.45,1431.65,Mailed check,No internet service,Yes,No
4836-WNFNO,Two year,72,25.0,1849.2,Credit card (automatic),No internet service,No,No
9225-BZLNZ,Two year,72,85.25,6083.1,Electronic check,No,Yes,No
0354-VXMJC,Two year,23,19.6,426.65,Credit card (automatic),No internet service,No,No
4422-QVIJA,Month-to-month,35,50.15,1655.35,Mailed check,No,No,No
9365-SRSZE,Month-to-month,27,70.55,1943.9,Electronic check,No,Yes,No
6839-ITVZJ,Month-to-month,26,60.05,1616.15,Electronic check,Yes,Yes,Yes
8332-OSJDW,One year,12,26.4,314.95,Mailed check,No internet service,No,No
4735-BJKOU,Two year,40,20.15,804.85,Mailed check,No internet service,No,No
0274-JKUJR,Month-to-month,7,58.85,465.7,Mailed check,No,No,No
5740-YHGTW,Month-to-month,70,97.55,6669.05,Credit card (automatic),No,Yes,No
8917-SZTTJ,Two year,60,19.65,1161.75,Credit card (automatic),No internet service,No,No
1696-MZVAU,One year,39,25.25,947.75,Credit card (automatic),No,Yes,No
7359-WWYJV,Two year,72,114.45,8375.05,Credit card (automatic),Yes,No,No
0375-HVGXO,Month-to-month,1,34.7,34.7,Electronic check,No,Yes,Yes
4906-ZHGPK,One year,54,70.7,3770.0,Electronic check,Yes,Yes,No
8593-WHYHV,Month-to-month,3,85.3,264.8,Electronic check,No,Yes,Yes
3795-GWTRD,Two year,63,75.55,4707.85,Credit card (automatic),Yes,No,No
1298-PHBTI,Two year,71,84.8,6152.4,Electronic check,Yes,Yes,No
6223-DHJGV,One year,42,20.65,958.1,Mailed check,No internet service,Yes,No
6961-MJKBO,Two year,47,20.45,943.0,Bank transfer (automatic),No internet service,No,No
6097-EQISJ,One year,66,102.45,6615.15,Credit card (automatic),No,Yes,Yes
4423-YLHDV,Month-to-month,21,104.4,2200.25,Bank transfer (automatic),No,Yes,Yes
8158-WPEZG,Month-to-month,11,35.65,425.1,Electronic check,Yes,Yes,No
0107-YHINA,Month-to-month,1,99.75,99.75,Electronic check,No,Yes,Yes
4918-FYJNT,Month-to-month,55,90.45,5044.8,Electronic check,Yes,No,No
0727-BNRLG,Two year,69,97.65,6743.55,Credit card (automatic),Yes,Yes,No
4854-CIDCF,Month-to-month,3,73.85,196.4,Electronic check,No,No,No
8640-SDGKB,Month-to-month,4,74.4,299.7,Electronic check,Yes,Yes,Yes
3280-MRDOF,Two year,30,69.1,2093.9,Credit card (automatic),Yes,Yes,No
6435-SRWBJ,Month-to-month,5,82.75,417.75,Electronic check,Yes,Yes,No
9964-WBQDJ,Two year,71,24.4,1725.4,Credit card (automatic),No internet service,Yes,No
6303-KFWSL,One year,29,55.25,1620.2,Electronic check,No,Yes,No
1702-CCFNJ,Month-to-month,52,61.35,3169.55,Bank transfer (automatic),Yes,No,No
8932-CZHRQ,One year,68,76.75,5233.25,Credit card (automatic),No,No,No
0386-CWRGM,Two year,46,19.4,967.85,Mailed check,No internet service,No,No
5515-RUGKN,Month-to-month,8,54.75,438.05,Credit card (automatic),No,Yes,No
0404-AHASP,Two year,72,19.7,1421.9,Credit card (automatic),No internet service,No,No
7279-NMVJC,One year,17,19.9,323.15,Bank transfer (automatic),No internet service,No,No
2081-VEYEH,Month-to-month,3,107.95,318.6,Electronic check,Yes,Yes,No
6407-UTSLV,Month-to-month,2,83.8,163.7,Bank transfer (automatic),No,Yes,No
4116-TZAQJ,Month-to-month,9,74.25,639.65,Credit card (automatic),No,Yes,Yes
9060-HJJRW,One year,51,56.4,2928.5,Credit card (automatic),No,Yes,No
2587-YNLES,Two year,6,20.1,100.35,Mailed check,No internet service,No,No
7398-SKNQZ,Month-to-month,3,94.9,273.2,Electronic check,No,No,No
5935-FCCNB,Month-to-month,17,94.2,1608.15,Electronic check,No,Yes,No
1958-RNRKS,Month-to-month,30,49.9,1441.95,Electronic check,No,No,No
5136-RGMZO,Month-to-month,31,71.05,2168.15,Electronic check,Yes,Yes,No
8345-MVDYC,Two year,45,81.65,3618.7,Bank transfer (automatic),Yes,No,No
8226-BXGES,One year,64,89.45,5692.65,Bank transfer (automatic),No,No,No
3877-JRJIP,Month-to-month,1,59.85,59.85,Electronic check,No,Yes,Yes
8375-DKEBR,Month-to-month,1,69.6,69.6,Electronic check,No,Yes,Yes
9705-IOVQQ,One year,61,99.0,5969.3,Electronic check,No,No,No
1015-OWJKI,Month-to-month,1,19.05,19.05,Mailed check,No internet service,No,No
7511-YMXVQ,Month-to-month,9,45.4,418.8,Electronic check,No,Yes,Yes
2040-XBAVJ,Two year,72,114.45,8100.55,Bank transfer (automatic),Yes,No,No
7551-JOHTI,Month-to-month,1,19.5,19.5,Mailed check,No internet service,No,Yes
8887-IPQNC,Month-to-month,7,44.25,313.45,Mailed check,No,Yes,No
8646-JCOMS,One year,66,90.55,6130.95,Bank transfer (automatic),Yes,Yes,No
9804-ICWBG,Month-to-month,1,69.9,69.9,Electronic check,No,Yes,Yes
1222-KJNZD,Month-to-month,40,20.4,745.3,Bank transfer (automatic),No internet service,Yes,No
0106-GHRQR,Month-to-month,16,71.4,1212.1,Bank transfer (automatic),No,Yes,No
5318-IXUZF,Month-to-month,2,87.15,183.75,Bank transfer (automatic),No,Yes,Yes
3768-VHXQO,Two year,67,24.85,1583.5,Credit card (automatic),No internet service,No,No
8952-WCVCD,One year,41,104.45,4162.05,Bank transfer (automatic),No,Yes,No
2418-TPEUN,Two year,56,19.8,1119.9,Credit card (automatic),No internet service,Yes,No
3963-RYFNS,Two year,72,116.45,8013.55,Bank transfer (automatic),Yes,Yes,No
3198-VELRD,Month-to-month,3,84.75,264.85,Bank transfer (automatic),No,Yes,Yes
8540-ZQGEA,Two year,54,20.05,1102.4,Credit card (automatic),No internet service,No,No
1320-REHCS,Month-to-month,52,110.75,5832.0,Electronic check,Yes,Yes,No
4137-JOPHL,Two year,50,89.7,4304.5,Bank transfer (automatic),Yes,Yes,No
9436-ZBZCT,Month-to-month,14,89.95,1178.4,Electronic check,Yes,Yes,Yes
7801-CEDNV,One year,27,48.7,1421.75,Credit card (automatic),No,No,No
2057-BOYKM,Two year,72,96.6,6827.5,Bank transfer (automatic),Yes,Yes,No
3658-QQJYD,One year,62,74.3,4698.05,Credit card (automatic),No,Yes,No
1803-BGNBD,Month-to-month,12,54.3,654.5,Electronic check,Yes,Yes,No
0134-XWXCE,One year,44,74.85,3268.05,Bank transfer (automatic),Yes,No,No
6950-TWMYB,Two year,54,79.95,4362.05,Bank transfer (automatic),Yes,Yes,No
5848-FHRFC,Two year,68,20.05,1386.9,Bank transfer (automatic),No internet service,No,No
2243-FNMMI,Month-to-month,20,19.4,415.4,Mailed check,No internet service,No,No
2511-MORQY,One year,50,54.9,2614.1,Bank transfer (automatic),No,No,No
5356-KZCKT,Two year,58,24.45,1513.6,Credit card (automatic),No internet service,Yes,No
9470-XCCEM,Month-to-month,35,89.65,3161.6,Bank transfer (automatic),No,Yes,No
6519-CFDBX,Month-to-month,2,45.4,80.95,Electronic check,No,Yes,No
3902-MIVLE,Two year,63,75.7,4676.7,Mailed check,Yes,No,No
0409-WTMPL,One year,58,110.65,6526.65,Credit card (automatic),No,Yes,No
8763-KIAFH,One year,27,20.55,583.3,Mailed check,No internet service,Yes,No
3669-WHAFY,Two year,71,115.15,8078.1,Credit card (automatic),Yes,Yes,No
3055-VTCGS,One year,63,58.55,3503.5,Credit card (automatic),No,No,No
3144-KMTWZ,Month-to-month,71,93.25,6669.45,Bank transfer (automatic),No,Yes,No
7279-BUYWN,Month-to-month,41,113.2,4689.5,Electronic check,No,Yes,Yes
7156-MHUGY,Month-to-month,13,90.5,1201.15,Electronic check,No,Yes,Yes
7198-GLXTC,Month-to-month,2,79.0,143.65,Electronic check,No,No,Yes
2007-QVGAW,Two year,68,19.35,1292.65,Bank transfer (automatic),No internet service,Yes,No
5207-PLSTK,Month-to-month,1,48.75,48.75,Mailed check,No,Yes,No
2307-FYNNL,Two year,65,109.05,7108.2,Electronic check,Yes,Yes,No
5605-XNWEN,Two year,72,25.0,1802.55,Bank transfer (automatic),No internet service,Yes,No
2155-AMQRX,Month-to-month,28,54.9,1505.15,Credit card (automatic),Yes,Yes,No
6181-AXXYF,Two year,72,24.75,1859.1,Credit card (automatic),No internet service,No,No
5091-HFAZW,Month-to-month,2,91.15,168.5,Electronic check,No,Yes,No
0516-VRYBW,One year,18,20.15,390.85,Bank transfer (automatic),No internet service,No,Yes
2519-LBNQL,One year,60,104.35,6339.45,Electronic check,No,Yes,No
8623-ULFNQ,Month-to-month,26,66.05,1652.4,Electronic check,Yes,Yes,No
8380-PEFPE,Month-to-month,1,71.65,71.65,Electronic check,No,Yes,Yes
5687-DKDTV,Month-to-month,4,20.35,77.5,Mailed check,No internet service,No,Yes
1568-LJSZU,Two year,68,92.2,6392.85,Credit card (automatic),Yes,Yes,No
7530-HDYDS,Month-to-month,38,84.25,3264.5,Credit card (automatic),Yes,Yes,Yes
7789-HKSBS,One year,42,105.2,4599.15,Bank transfer (automatic),No,Yes,No
7416-CKTEP,Two year,57,19.6,1134.25,Bank transfer (automatic),No internet service,Yes,No
2586-CWXVV,Month-to-month,54,30.4,1621.35,Electronic check,No,No,No
3096-IZETN,Month-to-month,12,78.1,947.3,Bank transfer (automatic),No,No,Yes
2348-KCJLT,One year,44,61.5,2722.2,Mailed check,No,Yes,No
8401-EMUWF,Month-to-month,42,69.4,3058.3,Bank transfer (automatic),No,Yes,No
4193-IBKSW,Two year,72,24.75,1769.6,Bank transfer (automatic),No internet service,No,No
5377-NDTOU,Two year,71,91.05,6293.75,Mailed check,Yes,No,No
5922-ABDVO,Month-to-month,19,89.65,1761.05,Mailed check,No,No,Yes
2474-LCNUE,Month-to-month,23,73.65,1642.75,Credit card (automatic),Yes,Yes,No
0839-QNXME,Two year,30,19.4,578.5,Credit card (automatic),No internet service,No,No
3506-OVLKD,One year,35,26.2,954.9,Bank transfer (automatic),No internet service,No,No
9172-ANCRX,Month-to-month,10,98.7,973.25,Electronic check,No,Yes,Yes
6650-VJONK,Month-to-month,1,43.85,43.85,Bank transfer (automatic),No,Yes,No
2178-PMGCJ,Month-to-month,22,69.7,1490.4,Mailed check,No,Yes,No
7492-TAFJD,Two year,7,38.55,280.0,Mailed check,No,No,No
2773-MADBQ,Two year,36,53.1,1901.25,Mailed check,Yes,Yes,No
6016-LVTJQ,Month-to-month,34,20.65,716.4,Mailed check,No internet service,No,No
7860-KSUGX,Two year,72,64.45,4720.0,Credit card (automatic),No,No,No
8966-KZXXA,Two year,36,25.1,930.95,Credit card (automatic),No internet service,No,No
6910-HADCM,Month-to-month,1,76.35,76.35,Electronic check,No,No,Yes
4816-LXZYW,Month-to-month,23,79.15,1676.95,Electronic check,No,Yes,Yes
9606-PBKBQ,Month-to-month,32,85.0,2642.05,Electronic check,No,Yes,Yes
5149-QYTTU,One year,71,95.15,6770.85,Credit card (automatic),Yes,Yes,No
2070-XYMFH,Month-to-month,23,79.35,1835.3,Mailed check,No,Yes,No
2085-BOJKI,One year,17,96.65,1588.25,Bank transfer (automatic),No,Yes,No
0817-HSUSE,Month-to-month,1,75.5,75.5,Electronic check,Yes,Yes,No
5442-PPTJY,Two year,12,19.7,258.35,Mailed check,No internet service,No,No
1927-QEWMY,Two year,72,20.5,1502.25,Credit card (automatic),No internet service,No,No
1663-MHLHE,Month-to-month,1,19.2,19.2,Mailed check,No internet service,No,No
5663-QBGIS,Two year,72,98.35,6929.4,Bank transfer (automatic),No,No,No
4450-MDZFX,Month-to-month,60,74.35,4453.3,Bank transfer (automatic),No,No,No
6701-DHKWQ,Two year,61,51.35,3244.4,Credit card (automatic),Yes,No,No
7554-AKDQF,Month-to-month,6,45.65,323.45,Mailed check,No,No,No
3536-IQCTX,Month-to-month,32,85.3,2661.1,Electronic check,No,No,Yes
4911-BANWH,Month-to-month,31,86.55,2697.4,Credit card (automatic),No,Yes,Yes
8496-EJAUI,Month-to-month,19,73.85,1424.5,Credit card (automatic),No,Yes,Yes
0794-YVSGE,Two year,72,20.3,1401.15,Bank transfer (automatic),No internet service,No,No
5423-BHIXO,Month-to-month,32,54.2,1739.6,Electronic check,No,Yes,No
6908-VVYHM,Month-to-month,65,90.65,5931.0,Electronic check,No,Yes,No
2959-EEXWB,Month-to-month,45,50.9,2333.85,Bank transfer (automatic),No,Yes,No
1839-UMACK,One year,42,25.05,949.85,Electronic check,No internet service,No,No
3030-YDNRM,Month-to-month,8,74.85,572.45,Electronic check,No,Yes,No
7321-KKSDU,Two year,32,20.5,696.8,Mailed check,No internet service,No,No
3402-XRIUO,Month-to-month,22,63.55,1381.8,Mailed check,Yes,Yes,No
3132-TVFDZ,Month-to-month,57,44.85,2572.95,Electronic check,No,Yes,Yes
8286-AFUYI,Month-to-month,1,47.95,47.95,Electronic check,No,No,No
8080-DDEMJ,Month-to-month,1,45.1,45.1,Electronic check,No,No,Yes
8356-WUAOJ,Month-to-month,1,45.0,45.0,Electronic check,No,Yes,No
6365-MTGZX,Month-to-month,24,96.0,2122.45,Electronic check,Yes,Yes,Yes
1349-WXNGG,Month-to-month,1,20.05,20.05,Bank transfer (automatic),No internet service,No,Yes
8058-DMYRU,Month-to-month,54,90.05,4931.8,Electronic check,No,Yes,No
9350-ZXYJC,Two year,4,25.3,116.95,Credit card (automatic),No internet service,Yes,No
6990-YNRIO,Two year,65,108.65,6937.95,Bank transfer (automatic),Yes,No,Yes
8958-JPTRR,One year,56,24.3,1261.7,Electronic check,No internet service,No,No
6959-GQEGV,Month-to-month,45,75.95,3273.8,Electronic check,No,Yes,No
3173-WSSUE,Two year,71,19.7,1415.85,Credit card (automatic),No internet service,No,No
1265-HVPZB,One year,59,66.4,3958.2,Credit card (automatic),No,No,No
4115-UMJFQ,One year,69,35.75,2492.25,Bank transfer (automatic),No,Yes,No
7369-TRPFD,One year,19,18.8,279.2,Mailed check,No internet service,No,No
1098-KFQEC,Two year,55,19.4,1083.0,Credit card (automatic),No internet service,No,No
7190-XHTWJ,One year,38,19.3,755.5,Mailed check,No internet service,No,No
0621-TWIEM,Month-to-month,10,45.55,402.6,Electronic check,No,Yes,Yes
3537-RYBHH,Month-to-month,47,67.45,3252.0,Credit card (automatic),No,Yes,No
2485-ITVKB,Month-to-month,2,35.1,68.75,Electronic check,No,Yes,Yes
3669-OYSJI,Month-to-month,1,46.2,46.2,Credit card (automatic),No,No,Yes
1612-EOHDH,Month-to-month,1,45.15,45.15,Electronic check,No,No,Yes
6702-OHFWR,Month-to-month,1,43.3,43.3,Electronic check,No,Yes,Yes
5296-BFCYD,Two year,46,20.1,936.85,Mailed check,No internet service,Yes,No
4510-PYUSH,Month-to-month,38,57.15,2250.65,Credit card (automatic),No,Yes,Yes
9359-JANWS,Two year,65,58.9,3857.1,Credit card (automatic),Yes,No,No
7517-SAWMO,Month-to-month,19,73.2,1441.1,Electronic check,No,Yes,Yes
4143-HHPMK,Month-to-month,52,85.35,4338.6,Electronic check,No,Yes,Yes
3279-DYZQM,Two year,71,19.45,1378.45,Mailed check,No internet service,No,No
7054-LGEQW,Month-to-month,1,45.95,45.95,Mailed check,No,No,Yes
0523-VNGTF,Month-to-month,52,50.5,2566.3,Electronic check,Yes,Yes,No
9575-IWCAZ,One year,6,25.1,171.0,Mailed check,No internet service,No,No
7105-MXJLL,One year,26,60.7,1597.4,Mailed check,No,No,No
7064-FRRSW,One year,48,99.0,4744.35,Electronic check,No,Yes,No
7940-UQQUG,One year,64,104.4,6721.6,Bank transfer (automatic),Yes,Yes,No
0923-PNFUB,Month-to-month,3,83.75,247.25,Electronic check,No,No,Yes
3961-SXAXY,Month-to-month,1,44.05,44.05,Bank transfer (automatic),No,Yes,No
7010-BRBUU,Two year,72,24.1,1734.65,Credit card (automatic),No internet service,No,No
3566-HJGPK,Month-to-month,1,45.55,45.55,Mailed check,No,Yes,No
3062-ICYZQ,Month-to-month,51,93.8,4539.35,Electronic check,No,Yes,No
9938-PRCVK,Two year,41,19.7,804.25,Bank transfer (automatic),No internet service,No,No
0973-KYVNF,Two year,72,70.65,5011.15,Credit card (automatic),No,Yes,No
5129-HHMZC,Two year,43,86.45,3574.5,Credit card (automatic),Yes,No,No
9637-CDTKZ,Two year,72,114.1,8086.4,Credit card (automatic),Yes,Yes,No
3946-JEWRQ,One year,47,95.2,4563.0,Credit card (automatic),No,Yes,No
7873-CVMAW,Two year,72,88.55,6362.35,Credit card (automatic),Yes,No,No
0463-WZZKO,Month-to-month,3,20.75,67.1,Credit card (automatic),No internet service,Yes,No
3494-JCHRQ,Month-to-month,1,70.05,70.05,Electronic check,No,Yes,Yes
6474-FVJLC,Month-to-month,2,86.0,165.45,Electronic check,No,Yes,Yes
4524-QCSSM,Month-to-month,26,44.65,1156.55,Bank transfer (automatic),No,Yes,No
5832-EXGTT,Month-to-month,29,60.2,1834.15,Mailed check,No,Yes,No
8840-DQLGN,Month-to-month,35,100.5,3653.35,Bank transfer (automatic),Yes,Yes,Yes
2039-JONDJ,One year,27,55.45,1477.65,Bank transfer (automatic),No,No,No
7217-JYHOQ,Month-to-month,24,70.3,1706.45,Credit card (automatic),Yes,Yes,No
6695-FRVEC,Two year,67,60.4,3953.7,Bank transfer (automatic),Yes,Yes,No
4547-LYTDD,Month-to-month,16,72.65,1194.3,Electronic check,No,No,Yes
9894-QMIMJ,One year,23,55.8,1327.85,Bank transfer (automatic),No,No,No
8069-YQQAJ,Month-to-month,14,31.1,419.7,Mailed check,No,Yes,No
6770-XUAGN,Month-to-month,1,21.0,21.0,Electronic check,No internet service,Yes,Yes
4193-ORFCL,Month-to-month,1,45.1,45.1,Mailed check,No,No,Yes
1636-NTNCO,Month-to-month,4,50.95,207.35,Credit card (automatic),No,Yes,No
3466-WAESX,Month-to-month,16,69.1,1083.7,Electronic check,No,Yes,No
9281-PKKZE,Month-to-month,46,43.95,2007.85,Electronic check,No,Yes,No
3638-VBZTA,Two year,68,86.5,5882.75,Bank transfer (automatic),Yes,Yes,No
7459-IMVYU,Month-to-month,38,69.95,2657.55,Electronic check,Yes,No,No
7776-QWNFX,Month-to-month,30,50.4,1527.5,Bank transfer (automatic),No,Yes,Yes
6689-TCZHQ,Month-to-month,5,78.95,378.4,Electronic check,No,No,Yes
8563-OYMQY,Month-to-month,17,90.95,1612.2,Credit card (automatic),No,Yes,No
0754-EEBDC,Two year,4,19.9,76.65,Mailed check,No internet service,No,No
5777-ZPQNC,One year,12,20.15,260.7,Electronic check,No internet service,No,No
1951-IEYXM,Two year,72,90.6,6441.85,Credit card (automatic),Yes,Yes,No
3318-NMQXL,Month-to-month,3,92.0,266.8,Electronic check,No,Yes,No
3143-ILDAL,Month-to-month,56,94.45,5124.6,Electronic check,Yes,Yes,Yes
1022-RKXDR,One year,41,24.85,962.25,Mailed check,No internet service,Yes,No
2361-FJWNO,One year,40,36.0,1382.9,Credit card (automatic),Yes,No,No
2272-UOINI,Month-to-month,7,78.5,571.05,Electronic check,Yes,Yes,No
8232-UTFOZ,Two year,69,19.95,1399.35,Credit card (automatic),No internet service,No,No
3750-YHRYO,One year,7,20.65,150.0,Mailed check,No internet service,No,No
6637-KYRCV,Month-to-month,5,30.5,167.2,Electronic check,No,Yes,No
5668-MEISB,Two year,72,106.1,7657.4,Credit card (automatic),Yes,No,No
0129-QMPDR,One year,44,20.5,865.05,Bank transfer (automatic),No internet service,Yes,No
7188-CBBBA,One year,65,95.5,6153.85,Electronic check,No,Yes,No
5356-CSVSQ,Month-to-month,3,64.6,174.2,Electronic check,Yes,No,No
3221-CJMSG,Month-to-month,24,51.1,1269.6,Credit card (automatic),Yes,Yes,No
4720-VSTSI,Month-to-month,44,84.8,3862.55,Bank transfer (automatic),No,Yes,Yes
3219-JQRSL,Two year,72,89.1,6352.4,Credit card (automatic),Yes,No,No
2801-NISEI,Month-to-month,24,54.95,1348.5,Electronic check,Yes,No,No
3946-MHCZW,Month-to-month,1,50.9,50.9,Mailed check,No,No,Yes
4623-ZKHLY,Month-to-month,22,20.45,471.55,Bank transfer (automatic),No internet service,Yes,No
6732-VAILE,Two year,70,85.95,5931.75,Credit card (automatic),Yes,Yes,No
8201-AAXCB,Month-to-month,25,60.35,1404.65,Electronic check,No,No,No
7696-CFTAT,Two year,37,19.8,726.1,Bank transfer (automatic),No internet service,No,No
1845-CSBRZ,Month-to-month,22,85.35,1961.6,Bank transfer (automatic),No,No,No
2123-VSCOT,Two year,59,72.1,4194.85,Bank transfer (automatic),Yes,Yes,No
6651-AZVTJ,Month-to-month,49,99.8,4872.45,Electronic check,No,Yes,Yes
4566-GOLUK,Month-to-month,47,107.35,5118.95,Bank transfer (automatic),Yes,Yes,Yes
2484-DGXPZ,Month-to-month,31,19.55,658.95,Mailed check,No internet service,Yes,Yes
2018-QKYGT,Month-to-month,1,81.05,81.05,Electronic check,No,Yes,No
2792-VPPET,Month-to-month,3,20.5,76.95,Electronic check,No internet service,Yes,No
7409-JURKQ,One year,53,111.8,5809.75,Bank transfer (automatic),Yes,Yes,No
3247-MHJKM,Month-to-month,1,20.2,20.2,Mailed check,No internet service,No,No
1964-SVLEA,One year,20,19.7,415.9,Mailed check,No internet service,Yes,No
4587-NUKOX,Month-to-month,3,79.1,246.5,Electronic check,No,Yes,Yes
7297-DVYGA,One year,51,19.85,996.95,Bank transfer (automatic),No internet service,Yes,No
2239-CGBUZ,One year,51,60.5,3145.15,Bank transfer (automatic),Yes,Yes,No
0854-UYHZD,Two year,13,19.55,265.3,Mailed check,No internet service,No,No
7243-LCGGZ,Month-to-month,1,20.9,20.9,Mailed check,No internet service,No,No
8267-KFGYD,Month-to-month,1,21.05,21.05,Mailed check,No internet service,Yes,No
4890-VMUAV,One year,63,71.5,4576.3,Electronic check,Yes,No,No
9261-WDCAF,Month-to-month,3,54.65,189.1,Mailed check,No,No,No
3764-MNMOI,Two year,46,19.2,908.15,Credit card (automatic),No internet service,No,No
7442-YGZFK,Month-to-month,1,49.8,49.8,Credit card (automatic),No,Yes,No
0420-BWTPW,Month-to-month,8,25.5,215.2,Mailed check,No,No,Yes
8229-BUJHX,Two year,71,20.5,1500.95,Bank transfer (automatic),No internet service,No,No
7449-HVPIV,Month-to-month,55,90.4,5099.15,Credit card (automatic),No,Yes,No
5504-WSIUR,One year,70,90.25,6385.95,Bank transfer (automatic),Yes,Yes,No
8183-ONMXC,Month-to-month,2,80.75,159.45,Electronic check,No,No,Yes
8466-PZBLH,Two year,67,104.6,6885.75,Bank transfer (automatic),Yes,No,No
9614-RMGHA,Month-to-month,65,91.85,5940.85,Bank transfer (automatic),No,Yes,Yes
8735-IJJEG,Month-to-month,14,50.2,668.85,Credit card (automatic),No,No,No
0564-MUUQK,Month-to-month,20,95.5,1916.2,Bank transfer (automatic),Yes,Yes,No
5054-IEXZT,Month-to-month,1,75.35,75.35,Electronic check,No,Yes,Yes
5834-ASPWA,Month-to-month,1,75.45,75.45,Electronic check,No,Yes,Yes
0701-RFGFI,Month-to-month,49,95.4,4613.95,Bank transfer (automatic),No,Yes,No
0019-EFAEP,Two year,72,101.3,7261.25,Bank transfer (automatic),No,Yes,No
5619-PTMIK,Month-to-month,46,53.1,2459.8,Electronic check,No,No,No
3737-XBQDD,Month-to-month,24,84.85,2048.8,Bank transfer (automatic),No,Yes,No
5882-CMAZQ,Month-to-month,5,34.25,163.55,Electronic check,Yes,No,No
5846-QFDFI,Month-to-month,33,88.6,2888.7,Credit card (automatic),Yes,No,No
4445-KWOKW,One year,42,60.15,2421.6,Bank transfer (automatic),No,Yes,No
3511-APPBJ,One year,23,99.95,2292.75,Credit card (automatic),No,Yes,No
7967-HYCDE,Month-to-month,8,70.7,553.4,Bank transfer (automatic),No,No,No
2430-RRYUW,One year,66,54.8,3465.7,Mailed check,No,Yes,No
3948-XHGNA,Month-to-month,24,49.55,1210.4,Bank transfer (automatic),No,Yes,Yes
3723-BFBGR,Month-to-month,24,54.8,1291.3,Credit card (automatic),No,No,No
0565-IYCGT,One year,69,78.6,5356.45,Credit card (automatic),Yes,Yes,Yes
5447-WZAFP,One year,53,100.3,5200.8,Mailed check,No,Yes,No
5110-CHOPY,Two year,60,53.6,3237.05,Electronic check,No,No,No
5445-UTODQ,Month-to-month,7,81.1,576.65,Electronic check,No,Yes,Yes
4425-OWHWB,One year,20,19.35,433.75,Credit card (automatic),No internet service,Yes,No
7892-QVYKW,Month-to-month,23,85.6,1868.4,Electronic check,No,No,No
9675-ICXCT,Two year,72,80.8,5728.55,Electronic check,Yes,Yes,No
1024-VRZHF,Month-to-month,11,74.95,825.7,Electronic check,No,Yes,Yes
4703-MQYKT,Two year,21,19.6,390.4,Mailed check,No internet service,No,No
9497-QCMMS,Month-to-month,1,93.55,93.55,Electronic check,No,Yes,Yes
5692-ICXLW,Month-to-month,31,90.7,2845.15,Electronic check,No,Yes,No
0602-DDUML,Two year,57,69.75,3894.4,Mailed check,Yes,No,No
2208-MPXIO,Two year,45,20.0,886.4,Bank transfer (automatic),No internet service,Yes,No
1960-UYCNN,Month-to-month,10,95.25,1021.55,Electronic check,No,Yes,No
0348-SDKOL,Month-to-month,58,102.1,5885.4,Credit card (automatic),Yes,Yes,Yes
3190-FZATL,Month-to-month,14,19.95,268.4,Mailed check,No internet service,No,No
7336-RLLRH,One year,27,80.85,2204.35,Mailed check,Yes,No,No
4373-MAVJG,Month-to-month,14,90.9,1259.0,Bank transfer (automatic),No,Yes,Yes
8901-HJXTF,Month-to-month,12,29.2,309.1,Mailed check,No,No,Yes
7710-JSYOA,Two year,69,93.3,6398.05,Bank transfer (automatic),Yes,Yes,No
5419-KLXBN,Month-to-month,25,89.15,2257.75,Bank transfer (automatic),No,Yes,Yes
3424-NMNBO,One year,58,108.85,6287.25,Electronic check,No,Yes,Yes
9885-MFVSU,Two year,35,46.35,1662.05,Credit card (automatic),Yes,Yes,No
4514-GFCFI,Month-to-month,16,84.75,1350.15,Electronic check,No,Yes,Yes
0607-MVMGC,One year,45,78.75,3600.65,Credit card (automatic),No,No,No
3365-SAIGS,Month-to-month,17,83.55,1329.15,Electronic check,No,Yes,No
9828-AOQLM,Month-to-month,1,45.7,45.7,Electronic check,No,Yes,Yes
8022-BECSI,One year,22,19.6,422.5,Mailed check,No internet service,No,No
8000-REIQB,Month-to-month,1,69.95,69.95,Electronic check,No,Yes,Yes
9993-LHIEB,Two year,67,67.85,4627.65,Mailed check,Yes,No,No
0266-CLZKZ,Two year,67,105.65,6717.9,Bank transfer (automatic),Yes,Yes,No
7615-ESMYF,Month-to-month,2,44.6,97.1,Electronic check,No,No,Yes
3858-VOBET,Month-to-month,23,74.95,1710.45,Electronic check,No,Yes,Yes
7020-OZKXZ,Month-to-month,9,75.5,637.4,Credit card (automatic),No,No,No
3977-QCRSL,Month-to-month,5,20.15,117.95,Mailed check,No internet service,No,No
0017-DINOC,Two year,54,45.2,2460.55,Credit card (automatic),Yes,No,No
1447-PJGGA,Two year,57,95.25,5464.65,Electronic check,No,Yes,Yes
8565-CLBZW,Month-to-month,24,89.85,2165.05,Mailed check,No,Yes,Yes
9139-WQQDY,One year,49,100.45,4941.8,Mailed check,No,No,Yes
0224-HJAPT,Month-to-month,5,47.15,223.15,Electronic check,No,No,Yes
8086-OVPWV,Month-to-month,2,80.2,181.1,Electronic check,No,Yes,Yes
9430-FRQOC,Month-to-month,4,87.1,341.45,Mailed check,Yes,Yes,Yes
7639-OPLNG,Two year,70,79.25,5731.85,Bank transfer (automatic),Yes,Yes,No
3074-GQWYX,Month-to-month,5,75.9,357.75,Bank transfer (automatic),No,Yes,Yes
1492-QGCLU,Month-to-month,53,85.7,4616.1,Electronic check,Yes,No,No
6845-RGTYS,Month-to-month,47,98.75,4533.7,Electronic check,No,Yes,Yes
7328-OWMOM,One year,31,20.1,589.25,Credit card (automatic),No internet service,No,No
4418-LZMSV,Month-to-month,13,61.8,750.1,Bank transfer (automatic),Yes,No,No
5155-AZQPB,Month-to-month,28,49.9,1410.25,Mailed check,No,No,No
8861-HGGKB,Month-to-month,10,86.45,830.85,Electronic check,No,No,Yes
1087-GRUYI,Two year,38,20.4,743.5,Bank transfer (automatic),No internet service,No,No
7065-YUNRY,Month-to-month,1,45.3,45.3,Mailed check,No,Yes,Yes
7694-VLBWQ,One year,67,104.1,7040.85,Electronic check,No,No,Yes
2546-KZAAT,One year,52,75.4,3865.45,Mailed check,No,Yes,No
0181-RITDD,Two year,62,108.15,6825.65,Mailed check,Yes,No,No
5989-PGKJB,Month-to-month,16,86.25,1340.1,Electronic check,No,Yes,No
4795-KTRTH,Month-to-month,5,81.0,371.65,Electronic check,No,Yes,Yes
8272-ONJLV,One year,12,95.7,1184.0,Electronic check,No,No,No
1488-PBLJN,Two year,72,116.85,8477.7,Bank transfer (automatic),Yes,Yes,No
0308-GIQJT,One year,71,105.75,7382.85,Bank transfer (automatic),Yes,No,No
3778-FOAQW,One year,24,20.15,456.85,Mailed check,No internet service,No,No
4452-ROHMO,Two year,15,19.6,331.6,Mailed check,No internet service,No,No
6481-OGDOO,One year,67,90.6,6056.15,Credit card (automatic),No,Yes,Yes
3090-LETTY,Month-to-month,2,60.95,134.6,Bank transfer (automatic),No,No,No
5349-AZPEW,Month-to-month,5,25.05,125.5,Mailed check,No,No,No
3753-TSEMP,Month-to-month,15,88.15,1390.6,Electronic check,No,No,Yes
8305-VHZBZ,Month-to-month,1,20.2,20.2,Mailed check,No internet service,Yes,Yes
9720-JJJOR,One year,41,60.3,2511.3,Bank transfer (automatic),No,Yes,No
8100-HZZLJ,Month-to-month,43,63.95,2737.05,Electronic check,No,Yes,No
8775-ERLNB,Month-to-month,1,74.3,74.3,Electronic check,No,No,No
8309-IEYJD,Month-to-month,1,70.6,70.6,Mailed check,No,Yes,No
9172-JITSM,Month-to-month,26,90.8,2361.8,Electronic check,No,Yes,Yes
6298-QDFNH,Month-to-month,22,79.35,1730.35,Electronic check,No,Yes,Yes
7398-HPYZQ,Two year,71,90.55,6404.0,Bank transfer (automatic),Yes,No,No
3546-GHEAE,Two year,7,19.45,165.35,Mailed check,No internet service,No,No
7361-YPXFS,Month-to-month,28,64.45,1867.6,Bank transfer (automatic),Yes,No,No
6557-BZXLQ,Month-to-month,16,69.65,1043.3,Electronic check,No,No,No
2550-QHZGP,One year,7,19.5,128.6,Mailed check,No internet service,No,No
7519-JTWQH,Two year,69,110.5,7455.45,Bank transfer (automatic),Yes,Yes,No
2538-OIMXF,Month-to-month,1,24.7,24.7,Mailed check,No,No,No
8543-MSDMF,Month-to-month,3,77.4,206.15,Electronic check,No,Yes,No
9961-JBNMK,Month-to-month,21,96.8,2030.3,Bank transfer (automatic),No,Yes,Yes
1170-SASML,Month-to-month,69,85.4,5869.4,Bank transfer (automatic),No,Yes,No
4872-JCVCA,Two year,71,47.6,3377.8,Bank transfer (automatic),Yes,Yes,No
5346-BZCHP,Two year,69,19.4,1346.2,Mailed check,No internet service,No,No
2038-LLMLM,Month-to-month,48,103.85,4946.05,Electronic check,Yes,Yes,No
6173-ITPWD,Month-to-month,47,83.35,4065.0,Bank transfer (automatic),No,Yes,Yes
9734-UYXQI,Month-to-month,2,49.4,106.55,Electronic check,No,Yes,Yes
1216-BGTSP,Month-to-month,45,108.45,4964.7,Credit card (automatic),Yes,Yes,No
4138-NAXED,Month-to-month,51,81.0,4085.75,Bank transfer (automatic),No,No,No
2189-UXTKY,Month-to-month,22,79.2,1742.75,Electronic check,Yes,Yes,Yes
0744-BIKKF,Two year,72,86.65,6224.8,Bank transfer (automatic),Yes,No,No
7483-IQWIB,Month-to-month,37,92.95,3415.25,Electronic check,No,Yes,No
5248-KWLAR,Two year,71,90.35,6325.25,Electronic check,Yes,No,No
4958-GZWIY,Month-to-month,7,48.7,340.25,Electronic check,No,No,Yes
7996-MHXLW,Two year,66,25.15,1683.6,Credit card (automatic),No internet service,Yes,No
7833-PKIHD,One year,51,76.4,3966.3,Bank transfer (automatic),Yes,Yes,No
7061-OVMIM,One year,30,19.55,608.5,Bank transfer (automatic),No internet service,No,No
5153-RTHKF,Month-to-month,34,85.35,2896.6,Electronic check,No,No,No
1852-QSWCD,Two year,64,24.8,1514.85,Mailed check,No internet service,Yes,No
4832-VRBMR,One year,65,103.15,6792.45,Bank transfer (automatic),No,Yes,No
9079-LWTFD,Month-to-month,47,100.75,4669.2,Mailed check,Yes,No,No
6356-ELRKD,Month-to-month,1,95.6,95.6,Electronic check,No,Yes,Yes
8624-GIOUT,Month-to-month,49,59.75,2934.3,Credit card (automatic),No,Yes,Yes
3392-EHMNK,Two year,67,94.1,6302.8,Credit card (automatic),Yes,No,No
5986-WWXDV,One year,39,19.35,779.2,Bank transfer (automatic),No internet service,No,No
3061-BCKYI,Month-to-month,14,19.9,283.75,Mailed check,No internet service,No,No
6179-GJPSO,Month-to-month,43,108.15,4600.7,Credit card (automatic),Yes,Yes,Yes
7901-TBKJX,Month-to-month,56,101.05,5594.0,Electronic check,No,Yes,No
7228-PAQPD,One year,14,59.1,772.85,Credit card (automatic),Yes,No,No
3177-LASXD,Month-to-month,1,71.35,71.35,Electronic check,No,No,Yes
7746-QYVCO,One year,16,55.85,857.8,Mailed check,No,Yes,No
5804-HYIEZ,Month-to-month,70,106.05,7554.05,Electronic check,No,Yes,No
9919-FZDED,Two year,72,84.1,5981.65,Credit card (automatic),No,Yes,No
5934-TSSAU,Month-to-month,23,75.3,1702.9,Credit card (automatic),No,Yes,No
3486-KHMLI,Month-to-month,21,24.7,467.15,Mailed check,No internet service,No,No
4897-QSUYC,Month-to-month,1,20.15,20.15,Mailed check,No internet service,Yes,Yes
1084-UQCHV,Month-to-month,1,69.75,69.75,Bank transfer (automatic),No,No,Yes
8290-YWKHZ,Month-to-month,32,93.2,2931.0,Electronic check,No,Yes,Yes
2955-BJZHG,Month-to-month,17,80.85,1400.85,Electronic check,No,No,Yes
3806-DXQOM,Month-to-month,4,33.65,137.85,Electronic check,No,Yes,Yes
6784-XYJAE,One year,36,55.8,1941.5,Electronic check,No,No,No
3933-DQPWX,Two year,50,39.7,1932.75,Credit card (automatic),Yes,No,No
6661-EIPZC,Month-to-month,48,29.5,1423.05,Credit card (automatic),Yes,Yes,No
8957-THMOA,Two year,50,20.15,970.85,Credit card (automatic),No internet service,No,No
2251-PYLPB,Two year,72,79.55,5810.9,Credit card (automatic),Yes,No,No
5555-RNPGT,Month-to-month,10,24.8,223.9,Credit card (automatic),No internet service,No,No
1057-FOGLZ,Month-to-month,18,19.65,391.7,Mailed check,No internet service,No,No
9300-RENDD,Month-to-month,1,79.95,79.95,Electronic check,No,Yes,Yes
0761-AETCS,Month-to-month,1,19.3,19.3,Electronic check,No internet service,No,Yes
8087-LGYHQ,Month-to-month,9,94.05,811.65,Electronic check,No,Yes,No
4137-BTIKL,Month-to-month,2,90.75,174.75,Mailed check,No,No,No
2190-BCXEC,Month-to-month,40,78.85,3126.85,Credit card (automatic),Yes,Yes,No
6227-FBDXH,One year,69,99.5,6841.45,Bank transfer (automatic),No,No,No
2153-MREFK,One year,37,99.2,3754.6,Electronic check,Yes,Yes,Yes
2911-WDXMV,Month-to-month,18,80.55,1406.65,Credit card (automatic),No,Yes,No
7206-PQBBZ,Month-to-month,11,70.2,834.7,Electronic check,No,Yes,No
3106-ULWFW,Month-to-month,8,85.2,627.4,Credit card (automatic),No,Yes,Yes
0925-VYDLG,Month-to-month,3,75.25,242.0,Electronic check,No,No,Yes
4547-FZJWE,One year,55,59.45,3157.0,Credit card (automatic),No,No,No
7422-WNBTY,Month-to-month,33,93.35,3092.0,Electronic check,No,Yes,No
0842-IWYCP,Month-to-month,46,44.95,2168.9,Bank transfer (automatic),No,No,No
3521-HTQTV,Two year,34,26.1,980.35,Bank transfer (automatic),No internet service,No,No
3744-ZBHON,Month-to-month,3,20.2,65.95,Electronic check,No internet service,No,No
3373-DIUUN,Two year,30,21.25,711.9,Mailed check,No internet service,No,No
8383-SGHJU,One year,33,59.4,1952.8,Electronic check,Yes,No,No
7607-QKKTJ,One year,45,95.0,4368.85,Credit card (automatic),No,Yes,No
7707-PYBBH,Month-to-month,40,61.9,2647.1,Mailed check,Yes,Yes,No
8984-HPEMB,Two year,71,118.65,8477.6,Electronic check,Yes,Yes,No
4349-GFQHK,Month-to-month,1,54.35,54.35,Electronic check,No,No,Yes
4139-DETXS,Two year,72,64.45,4528.0,Bank transfer (automatic),Yes,No,No
9779-DPNEJ,Month-to-month,22,80.15,1790.65,Electronic check,No,Yes,No
9805-FILKB,One year,46,20.2,845.6,Bank transfer (automatic),No internet service,Yes,No
5793-YOLJN,Two year,55,21.0,1210.3,Mailed check,No internet service,No,No
0673-IGUQO,Month-to-month,1,20.45,20.45,Mailed check,No internet service,No,No
4123-FCVCB,One year,12,75.85,854.45,Mailed check,Yes,Yes,No
8819-IMISP,Month-to-month,31,80.45,2429.1,Electronic check,No,Yes,No
7802-EFKNY,Month-to-month,5,24.95,100.4,Electronic check,No,Yes,Yes
8311-UEUAB,Two year,67,75.5,5229.45,Electronic check,No,Yes,No
5858-EAFCZ,Month-to-month,1,44.45,44.45,Mailed check,No,No,No
8035-BUYVG,One year,40,42.35,1716.45,Electronic check,No,Yes,Yes
1163-ONYEY,Month-to-month,41,74.55,3023.55,Credit card (automatic),No,Yes,No
9787-XVQIU,Month-to-month,1,75.3,75.3,Electronic check,No,Yes,Yes
8945-MUQUF,One year,51,94.8,4837.6,Electronic check,No,Yes,Yes
5656-MJEFC,Two year,42,48.15,2032.3,Credit card (automatic),Yes,No,No
6082-OQFBA,One year,23,19.65,436.9,Mailed check,No internet service,No,No
8051-HJRLT,Month-to-month,1,70.55,70.55,Electronic check,No,Yes,Yes
8974-OVACP,Month-to-month,1,20.15,20.15,Mailed check,No internet service,No,No
4010-YLMVT,Month-to-month,56,106.6,5893.95,Credit card (automatic),No,Yes,No
1379-FRVEB,Month-to-month,15,91.0,1430.05,Electronic check,No,Yes,No
8612-GXIDD,Two year,12,25.4,313.0,Bank transfer (automatic),No internet service,Yes,No
6288-CHQJB,Two year,54,69.95,3871.85,Bank transfer (automatic),Yes,No,No
8160-HOWOX,Month-to-month,7,66.85,458.1,Electronic check,No,Yes,No
3023-GFLBR,Month-to-month,33,86.15,2745.7,Credit card (automatic),No,No,Yes
6648-INWPS,Month-to-month,16,20.15,341.35,Electronic check,No internet service,No,No
4223-BKEOR,One year,21,64.85,1336.8,Mailed check,No,No,No
4079-VTGLK,Two year,30,74.85,2181.75,Electronic check,No,No,No
1763-WQFUK,Month-to-month,3,50.5,147.75,Mailed check,Yes,Yes,No
1391-UBDAR,Month-to-month,11,72.9,818.45,Electronic check,No,No,No
8894-JVDCV,One year,62,115.05,7133.45,Credit card (automatic),Yes,Yes,No
2023-VQFDL,Month-to-month,18,19.0,348.8,Electronic check,No internet service,No,No
1345-GKDZZ,Month-to-month,6,19.55,128.6,Mailed check,No internet service,No,No
2014-MKGMH,One year,46,101.1,4674.4,Electronic check,No,Yes,No
5628-FCGYG,Month-to-month,21,84.1,1737.45,Electronic check,No,Yes,No
2560-WBWXF,Two year,68,24.15,1498.85,Bank transfer (automatic),No internet service,Yes,No
0248-IPDFW,Month-to-month,1,50.1,50.1,Electronic check,No,Yes,No
7978-DKUQH,Month-to-month,25,74.6,1797.75,Electronic check,No,Yes,No
4335-UPJSI,Two year,24,19.75,498.1,Mailed check,No internet service,No,No
0524-IAVZO,Month-to-month,30,85.0,2624.25,Electronic check,No,Yes,Yes
2737-YNGYW,Month-to-month,2,80.55,184.1,Electronic check,No,No,Yes
1784-EZDKJ,One year,51,106.8,5498.8,Bank transfer (automatic),No,Yes,No
9297-FVVDH,Two year,57,84.5,4845.4,Electronic check,Yes,Yes,No
8007-YYPWD,Two year,15,25.05,369.1,Bank transfer (automatic),No internet service,No,No
7101-HRBLJ,Two year,72,83.7,6096.9,Bank transfer (automatic),Yes,Yes,No
5159-YFPKQ,Month-to-month,2,75.8,160.75,Electronic check,No,Yes,Yes
6635-CPNUN,Month-to-month,28,96.6,2684.35,Credit card (automatic),No,No,No
4021-RQSNY,Month-to-month,29,98.5,3004.15,Electronic check,No,Yes,Yes
5453-YBTWV,Two year,70,101.1,6994.8,Credit card (automatic),Yes,Yes,No
5039-LZRQT,One year,13,20.2,273.25,Mailed check,No internet service,No,No
2931-VUVJN,One year,59,94.05,5483.9,Electronic check,Yes,Yes,No
9061-TIHDA,Month-to-month,13,95.25,1233.65,Electronic check,No,Yes,Yes
8699-ASUFO,Month-to-month,7,74.4,527.9,Mailed check,No,Yes,Yes
6418-PIQSP,Two year,62,81.0,4985.9,Mailed check,Yes,No,No
8220-OCUFY,One year,21,60.25,1258.35,Electronic check,Yes,Yes,No
3995-WFCSM,Month-to-month,2,60.85,111.4,Electronic check,No,No,No
1895-QTKDO,Month-to-month,1,43.95,43.95,Credit card (automatic),No,No,No
2038-OEQZH,Month-to-month,4,86.05,308.1,Electronic check,No,No,No
1178-PZGAB,One year,19,20.25,383.65,Credit card (automatic),No internet service,No,No
7927-AUXBZ,Month-to-month,30,85.15,2555.9,Electronic check,Yes,No,Yes
2626-VEEWG,Two year,67,19.4,1284.2,Credit card (automatic),No internet service,Yes,No
2878-RMWXY,Two year,72,102.65,7550.3,Credit card (automatic),No,Yes,No
1657-DYMBM,Two year,53,19.9,1110.05,Credit card (automatic),No internet service,No,No
7311-MQJCH,One year,5,19.55,99.6,Electronic check,No internet service,No,No
7375-WMVMT,Two year,71,95.5,6707.15,Credit card (automatic),Yes,Yes,No
1136-XGEQU,One year,50,84.15,4164.4,Credit card (automatic),Yes,Yes,No
2530-FMFXO,Two year,56,103.2,5873.75,Electronic check,Yes,Yes,No
6844-DZKRF,Month-to-month,2,50.2,109.25,Credit card (automatic),Yes,Yes,No
4695-WJZUE,Month-to-month,2,88.55,179.25,Electronic check,No,Yes,Yes
7619-ODSGN,Month-to-month,24,54.75,1338.15,Electronic check,No,No,Yes
5970-GHJAW,Two year,46,19.95,862.4,Credit card (automatic),No internet service,No,No
8879-XUAHX,Two year,71,116.25,8564.75,Electronic check,Yes,Yes,No
3689-MOZGR,Month-to-month,29,31.2,926.2,Electronic check,Yes,Yes,No
4195-PNGZS,Two year,69,24.45,1718.2,Bank transfer (automatic),No internet service,No,No
5003-XZWWO,Two year,71,84.2,5956.85,Credit card (automatic),Yes,No,No
3988-RQIXO,Month-to-month,1,91.3,91.3,Electronic check,No,Yes,Yes
7622-FWGEW,Two year,56,85.65,4824.45,Bank transfer (automatic),Yes,Yes,No
6922-NCEDI,One year,56,21.2,1238.65,Mailed check,No internet service,Yes,No
2514-GINMM,Month-to-month,1,79.5,79.5,Electronic check,No,Yes,Yes
9891-NQDBD,One year,28,25.55,672.2,Mailed check,No internet service,No,No
6131-IUNXN,Month-to-month,19,20.2,382.2,Mailed check,No internet service,No,No
8548-AWOFC,Month-to-month,66,63.85,4264.6,Electronic check,Yes,No,No
9798-DRYDS,One year,17,61.95,1070.7,Mailed check,Yes,Yes,No
8532-UEFWH,Two year,52,25.75,1345.85,Mailed check,No internet service,No,No
6296-DDOOR,One year,19,58.2,1045.25,Electronic check,No,No,No
7951-VRDVK,One year,36,85.85,3003.55,Bank transfer (automatic),Yes,No,No
5931-FLJJF,Month-to-month,7,70.1,467.55,Mailed check,No,Yes,Yes
4815-YOSUK,One year,72,104.9,7537.5,Credit card (automatic),Yes,Yes,No
2659-VXMWZ,One year,67,111.3,7482.1,Electronic check,No,Yes,Yes
0380-NEAVX,One year,34,99.85,3343.15,Electronic check,No,Yes,No
3207-OYBWH,Month-to-month,57,95.25,5427.05,Bank transfer (automatic),No,Yes,Yes
4285-GYRQC,Month-to-month,7,86.25,587.1,Electronic check,No,Yes,Yes
7216-EWTRS,Month-to-month,1,100.8,100.8,Electronic check,No,Yes,Yes
4365-MSDYN,Month-to-month,8,19.55,161.15,Bank transfer (automatic),No internet service,Yes,No
7036-TYDEC,Two year,69,104.0,7028.5,Electronic check,Yes,No,No
5802-ADBRC,One year,50,104.4,5232.9,Mailed check,No,Yes,No
8076-FEZKJ,One year,10,19.5,225.85,Mailed check,No internet service,No,No
5197-YPYBZ,Two year,12,25.25,274.7,Credit card (automatic),No internet service,No,No
8337-MSSXB,Month-to-month,14,86.3,1180.95,Electronic check,No,Yes,Yes
4312-GVYNH,Two year,70,49.85,3370.2,Bank transfer (automatic),Yes,Yes,No
8495-LJDFO,Month-to-month,64,108.95,7111.3,Bank transfer (automatic),Yes,Yes,No
0839-JTCUD,Two year,66,89.9,5958.85,Credit card (automatic),Yes,No,No
5494-WOZRZ,Two year,71,82.0,5999.85,Credit card (automatic),Yes,Yes,No
1302-UHBDD,Month-to-month,20,89.95,1648.45,Electronic check,No,No,No
2234-EOFPT,Two year,72,79.35,5753.25,Bank transfer (automatic),Yes,Yes,No
8619-IJNDK,Two year,71,64.05,4492.9,Credit card (automatic),Yes,No,No
8378-LKJAF,Month-to-month,38,101.15,3956.7,Credit card (automatic),No,Yes,No
8182-BJDSI,Month-to-month,28,89.95,2625.55,Electronic check,No,Yes,Yes
2528-HFYZX,Month-to-month,17,76.45,1233.4,Electronic check,No,Yes,Yes
1153-GNOLC,One year,33,39.1,1309.0,Electronic check,No,Yes,No
3298-QEICA,Two year,23,34.6,813.45,Mailed check,Yes,No,No
0788-DXBFY,One year,58,19.55,1108.8,Electronic check,No internet service,Yes,No
3597-YASZG,Two year,70,104.45,7349.35,Bank transfer (automatic),Yes,Yes,No
3496-LFSZU,Month-to-month,4,70.5,294.2,Electronic check,No,No,No
5242-UOWHD,Two year,45,20.35,929.2,Mailed check,No internet service,No,No
2482-CZGBB,Month-to-month,10,70.0,740.0,Electronic check,No,Yes,Yes
6479-SZPLM,Two year,36,19.45,754.5,Credit card (automatic),No internet service,No,No
8097-VBQTZ,Month-to-month,54,69.9,3883.3,Mailed check,Yes,Yes,No
4500-HKANN,Two year,23,59.7,1414.2,Mailed check,Yes,No,No
9917-KWRBE,One year,41,78.35,3211.2,Credit card (automatic),No,Yes,No
3420-ZDBMA,Month-to-month,5,71.45,371.6,Mailed check,No,Yes,No
2212-LYASK,One year,27,45.85,1246.4,Credit card (automatic),No,Yes,No
1393-IMKZG,Month-to-month,1,95.85,95.85,Electronic check,Yes,Yes,No
8069-RHUXK,Two year,67,35.7,2545.7,Credit card (automatic),Yes,No,No
3398-GCPMU,Two year,72,89.55,6448.85,Credit card (automatic),Yes,Yes,No
2908-WGAXL,Two year,56,24.95,1468.9,Credit card (automatic),No internet service,Yes,No
3378-AJRAO,One year,44,24.85,1013.6,Electronic check,No internet service,No,No
1013-QCWAM,Month-to-month,66,100.8,6690.75,Electronic check,No,Yes,No
0866-QLSIR,One year,34,64.4,2088.75,Mailed check,Yes,Yes,Yes
6050-FFXES,Two year,69,105.35,7240.65,Bank transfer (automatic),Yes,No,No
7181-BQYBV,Month-to-month,1,102.45,102.45,Electronic check,No,Yes,Yes
0362-RAOQO,Two year,40,19.65,830.25,Credit card (automatic),No internet service,No,No
9554-DFKIC,Month-to-month,30,54.45,1588.7,Bank transfer (automatic),No,Yes,No
5527-ACHSO,Month-to-month,11,70.5,829.3,Mailed check,Yes,No,No
0829-DDVLK,One year,15,20.1,302.45,Credit card (automatic),No internet service,No,No
1399-UBQIU,Month-to-month,11,69.35,712.25,Electronic check,No,Yes,No
1813-JLKWR,One year,64,19.8,1336.65,Bank transfer (automatic),No internet service,No,No
0336-PIKEI,Two year,72,74.4,5360.75,Bank transfer (automatic),Yes,No,No
7322-OCWHC,Two year,72,93.05,6735.05,Bank transfer (automatic),Yes,Yes,No
9537-VHDTA,Month-to-month,1,51.2,51.2,Mailed check,No,No,No
4957-TIALW,One year,15,65.6,1010.0,Credit card (automatic),Yes,No,No
2054-PJOCK,One year,60,80.55,4847.05,Credit card (automatic),Yes,No,No
9150-HEPMB,One year,56,52.7,3019.7,Mailed check,No,No,No
9030-QGZNL,Two year,8,20.85,161.65,Mailed check,No internet service,No,No
6204-IEUXJ,Month-to-month,3,80.1,217.55,Credit card (automatic),Yes,No,Yes
3126-WQMGH,Month-to-month,49,52.15,2583.75,Credit card (automatic),No,Yes,No
4529-CKBCL,Month-to-month,2,80.2,146.05,Electronic check,No,Yes,Yes
2506-CLAKW,Month-to-month,6,98.15,567.45,Bank transfer (automatic),Yes,Yes,Yes
7176-WRTNX,Two year,70,114.95,7711.25,Bank transfer (automatic),Yes,Yes,No
1583-IHQZE,Month-to-month,12,112.95,1384.75,Mailed check,Yes,Yes,Yes
5732-IKGQH,One year,52,104.45,5481.25,Bank transfer (automatic),Yes,Yes,No
9239-GZHZE,Two year,72,113.65,8124.2,Credit card (automatic),Yes,Yes,No
7205-BAIAD,Two year,40,20.6,827.3,Bank transfer (automatic),No internet service,Yes,No
0151-ONTOV,Month-to-month,1,70.9,70.9,Mailed check,No,No,Yes
4140-MUHUG,Month-to-month,3,86.85,220.95,Electronic check,No,Yes,Yes
0093-EXYQL,Month-to-month,40,91.55,3673.6,Electronic check,No,Yes,No
8064-RAVOH,Month-to-month,1,49.85,49.85,Electronic check,No,Yes,No
0219-QAERP,One year,30,19.8,576.65,Credit card (automatic),No internet service,No,No
0320-JDNQG,Month-to-month,23,99.85,2331.3,Electronic check,Yes,Yes,Yes
7180-PISOG,Month-to-month,1,74.5,74.5,Electronic check,No,Yes,Yes
9168-INPSZ,Month-to-month,44,104.15,4495.65,Electronic check,Yes,No,No
3571-RFHAR,Month-to-month,65,109.15,6941.2,Electronic check,Yes,Yes,Yes
0015-UOCOJ,Month-to-month,7,48.2,340.35,Electronic check,No,Yes,No
5334-AFQJB,Two year,72,25.1,1789.9,Credit card (automatic),No internet service,Yes,No
2754-SDJRD,Month-to-month,8,100.15,908.55,Credit card (automatic),Yes,Yes,No
9578-VRMNM,Month-to-month,16,65.2,1043.35,Credit card (automatic),No,Yes,Yes
1587-FKLZB,Month-to-month,66,99.5,6822.15,Credit card (automatic),No,Yes,Yes
6140-QNRQQ,Month-to-month,1,71.55,71.55,Mailed check,No,Yes,Yes
8963-JLGJT,Month-to-month,3,55.9,157.55,Mailed check,No,No,No
4307-KTUMW,Month-to-month,53,93.9,5029.2,Electronic check,No,No,Yes
1465-LNTLJ,Month-to-month,8,64.4,581.7,Credit card (automatic),Yes,Yes,No
5440-FLBQG,Two year,69,108.4,7318.2,Bank transfer (automatic),Yes,Yes,Yes
2135-DQWAQ,Month-to-month,5,85.3,420.45,Mailed check,No,Yes,No
4056-QHXHZ,Two year,72,107.45,7576.7,Mailed check,Yes,No,No
7470-MCQTK,Month-to-month,13,48.75,633.4,Bank transfer (automatic),No,Yes,Yes
7488-MXJIV,Month-to-month,4,85.65,321.65,Electronic check,No,Yes,Yes
7401-JIXNM,Two year,54,91.3,4965.0,Credit card (automatic),Yes,No,No
9339-FIIJL,Two year,72,85.95,6151.9,Bank transfer (automatic),Yes,No,No
2027-FECZV,Month-to-month,12,106.7,1253.9,Electronic check,No,Yes,Yes
2672-DZUOY,Month-to-month,1,25.15,25.15,Electronic check,No,Yes,Yes
4706-DGAHW,Month-to-month,1,45.2,45.2,Electronic check,No,No,No
3870-MQAMG,One year,54,110.35,5893.15,Electronic check,Yes,No,Yes
6670-MFRPK,Two year,69,79.2,5420.65,Credit card (automatic),No,Yes,No
6177-PEVRA,Two year,48,55.5,2627.35,Credit card (automatic),No,No,No
4800-CZMPC,One year,48,103.25,5037.55,Credit card (automatic),No,Yes,Yes
4813-HQMGZ,Month-to-month,8,90.25,743.75,Electronic check,Yes,Yes,No
7579-KKLOE,Two year,71,91.25,6589.6,Mailed check,Yes,Yes,No
7377-DMMRI,Month-to-month,2,47.8,92.45,Electronic check,No,Yes,Yes
8402-EIVQS,One year,67,100.9,6733.15,Credit card (automatic),No,Yes,No
4947-DSMXK,Month-to-month,34,97.7,3410.0,Bank transfer (automatic),No,Yes,No
7245-NIIWQ,Month-to-month,3,69.85,199.85,Electronic check,No,Yes,No
0002-ORFBO,One year,9,65.6,593.3,Mailed check,Yes,Yes,No
3324-OIRTO,One year,71,104.65,7288.4,Bank transfer (automatic),No,Yes,No
5414-OFQCB,Two year,57,90.45,5229.8,Credit card (automatic),Yes,Yes,No
4967-WPNCF,Two year,72,63.7,4464.8,Bank transfer (automatic),Yes,Yes,No
8552-OBVRU,Month-to-month,48,104.5,5068.05,Electronic check,Yes,Yes,No
8499-BRXTD,One year,18,20.1,401.85,Mailed check,No internet service,No,No
9154-QDGTH,One year,43,104.3,4451.85,Credit card (automatic),Yes,Yes,No
8197-BFWVU,Two year,72,93.25,6688.95,Bank transfer (automatic),Yes,Yes,No
2577-GVSIL,One year,35,73.45,2661.1,Bank transfer (automatic),Yes,Yes,No
9367-OIUXP,Month-to-month,4,20.7,73.05,Mailed check,No internet service,No,No
6770-UAYGJ,Two year,49,25.25,1211.65,Mailed check,No internet service,No,No
6463-HHXJR,Two year,71,100.5,7030.65,Bank transfer (automatic),No,No,No
7928-VJYAB,Month-to-month,11,90.6,1020.2,Electronic check,No,No,No
1187-WILMM,Two year,63,89.4,5597.65,Credit card (automatic),Yes,Yes,No
9776-OJUZI,Month-to-month,65,95.45,6223.3,Bank transfer (automatic),No,Yes,No
1306-RPWXZ,Two year,49,20.45,1024.65,Credit card (automatic),No internet service,No,No
8949-JTMAY,Month-to-month,29,98.6,2933.2,Credit card (automatic),No,Yes,Yes
2774-LVQUS,Month-to-month,15,83.05,1258.3,Electronic check,Yes,Yes,Yes
3097-PYWXL,Month-to-month,4,19.95,82.9,Electronic check,No internet service,Yes,No
2266-SJNAT,One year,72,109.15,7789.6,Credit card (automatic),Yes,No,No
0869-PAPRP,Month-to-month,26,85.7,2067.0,Credit card (automatic),No,Yes,No
4238-JSSWH,Month-to-month,35,102.05,3452.55,Bank transfer (automatic),No,No,No
2972-YDYUW,One year,57,94.7,5468.95,Electronic check,Yes,No,No
1104-FEJAM,Month-to-month,28,64.4,1802.15,Electronic check,No,No,No
2809-ILCYT,One year,25,26.8,733.55,Mailed check,No internet service,Yes,No
5499-ECUTN,One year,47,66.05,3021.45,Credit card (automatic),No,Yes,No
4981-FLTMF,Month-to-month,57,65.2,3687.85,Bank transfer (automatic),Yes,No,No
9121-PHQSR,Month-to-month,16,85.05,1391.15,Credit card (automatic),No,Yes,No
3113-IWHLC,Month-to-month,5,55.8,274.35,Mailed check,No,Yes,No
3211-ILJTT,Month-to-month,17,70.4,1214.05,Bank transfer (automatic),No,Yes,Yes
4612-THJBS,One year,56,104.75,5510.65,Bank transfer (automatic),No,Yes,Yes
4277-BWBML,Two year,72,19.95,1322.85,Bank transfer (automatic),No internet service,No,No
4094-NSEDU,Month-to-month,21,94.25,1973.75,Electronic check,No,Yes,Yes
0234-TEVTT,One year,48,45.0,2196.3,Credit card (automatic),No,No,No
4304-TSPVK,Two year,68,114.9,7843.55,Bank transfer (automatic),Yes,No,No
1552-AAGRX,Month-to-month,30,106.4,3211.9,Bank transfer (automatic),Yes,No,No
2637-FKFSY,Month-to-month,3,46.1,130.15,Mailed check,No,Yes,No
9796-MVYXX,Two year,14,39.7,692.35,Mailed check,Yes,No,No
7874-ECPQJ,Month-to-month,4,20.05,85.5,Bank transfer (automatic),No internet service,Yes,No
0020-INWCK,Two year,71,95.75,6849.4,Credit card (automatic),No,Yes,No
7089-RKVSZ,One year,8,24.4,203.95,Mailed check,No internet service,No,No
2683-JXWQQ,Month-to-month,61,33.6,2117.2,Bank transfer (automatic),No,No,No
9548-ZMVTX,Two year,72,90.45,6565.85,Bank transfer (automatic),Yes,No,No
8739-XNIKG,Month-to-month,5,84.0,424.75,Electronic check,No,Yes,No
9755-JHNMN,Two year,49,67.4,3306.85,Bank transfer (automatic),Yes,No,No
3981-QSVQI,Month-to-month,8,19.7,168.9,Bank transfer (automatic),No internet service,Yes,No
2789-HQBOU,Month-to-month,3,80.35,253.8,Electronic check,No,Yes,No
9424-CMPOG,Two year,9,19.6,197.4,Mailed check,No internet service,No,No
5067-WJEUN,Two year,67,54.2,3838.2,Bank transfer (automatic),No,Yes,No
3450-WXOAT,Month-to-month,46,45.2,2065.15,Credit card (automatic),No,Yes,No
9251-WNSOD,One year,67,75.1,5064.45,Mailed check,No,No,No
6974-DAFLI,One year,55,19.7,1140.05,Electronic check,No internet service,No,No
2616-UUTFK,Month-to-month,33,72.75,2447.45,Bank transfer (automatic),No,Yes,No
7064-JHXCE,Two year,62,20.05,1263.9,Credit card (automatic),No internet service,No,No
5103-MHMHY,Month-to-month,1,45.95,45.95,Mailed check,No,No,Yes
7989-AWGEH,Month-to-month,49,39.2,1838.15,Electronic check,No,Yes,No
4373-VVHQL,Month-to-month,1,44.75,44.75,Electronic check,No,Yes,No
4559-UWIHT,Month-to-month,14,82.65,1185.0,Electronic check,No,Yes,No
7268-IGMFD,Month-to-month,18,93.9,1743.9,Bank transfer (automatic),Yes,No,No
1846-XWOQN,Month-to-month,1,70.15,70.15,Electronic check,No,Yes,Yes
0235-KGSLC,Month-to-month,1,85.55,85.55,Credit card (automatic),No,Yes,Yes
6650-BWFRT,Two year,72,117.15,8529.5,Credit card (automatic),Yes,Yes,No
9570-KYEUA,Two year,64,99.25,6549.45,Credit card (automatic),Yes,No,No
6993-YGFJV,Two year,69,112.55,7806.5,Bank transfer (automatic),Yes,Yes,No
2712-SYWAY,Month-to-month,1,25.7,25.7,Electronic check,No internet service,Yes,No
0730-BGQGF,Two year,71,90.3,6287.3,Credit card (automatic),Yes,No,No
5498-IBWPI,One year,66,49.4,3251.85,Credit card (automatic),Yes,Yes,No
9101-NTIXF,Month-to-month,2,19.4,50.6,Mailed check,No internet service,No,No
0013-SMEOE,Two year,71,109.7,7904.25,Bank transfer (automatic),Yes,Yes,No
9314-QDMDW,One year,11,61.25,729.95,Electronic check,No,Yes,No
9308-ANMVE,Month-to-month,47,55.3,2654.05,Electronic check,No,Yes,No
2884-GBPFB,Month-to-month,35,70.3,2416.55,Electronic check,No,Yes,Yes
3757-NJYBX,Month-to-month,32,106.35,3520.75,Bank transfer (automatic),No,No,Yes
3413-DHLPB,Month-to-month,60,103.75,5969.95,Bank transfer (automatic),Yes,Yes,No
7649-PHJVR,One year,11,19.5,226.8,Mailed check,No internet service,No,No
6114-TCFID,One year,29,39.5,1082.75,Credit card (automatic),Yes,No,No
3787-TRIAL,Month-to-month,21,26.05,565.75,Electronic check,No,Yes,No
2573-GYRUU,Month-to-month,48,91.05,4370.75,Credit card (automatic),No,Yes,No
5156-UMKOW,Month-to-month,3,29.65,90.05,Mailed check,No,No,No
1247-QBVSH,Month-to-month,43,50.2,2169.4,Mailed check,No,No,No
6734-GMPVK,Month-to-month,5,105.3,550.6,Electronic check,No,No,No
9822-OAOVB,Month-to-month,1,55.45,55.45,Electronic check,No,Yes,No
6161-ERDGD,One year,71,85.45,6300.85,Electronic check,Yes,No,No
1226-JZNKR,One year,8,19.8,160.05,Electronic check,No internet service,No,No
7318-EIVKO,Month-to-month,8,59.25,436.6,Electronic check,No,Yes,No
3771-PZOBW,Month-to-month,20,90.7,1781.35,Credit card (automatic),No,Yes,No
5136-KCKGI,One year,33,103.7,3467.0,Mailed check,No,Yes,Yes
8231-BSWXX,One year,71,79.05,5552.5,Credit card (automatic),No,Yes,No
6486-LHTMA,One year,31,90.7,2835.5,Electronic check,No,Yes,No
4083-BFNYK,One year,38,95.0,3591.25,Credit card (automatic),No,No,No
3722-WPXTK,Month-to-month,1,88.35,88.35,Electronic check,No,Yes,Yes
7389-KBFIT,Month-to-month,2,30.25,63.75,Mailed check,No,Yes,No
7176-WIONM,Month-to-month,12,49.85,617.15,Bank transfer (automatic),No,Yes,No
5141-ZUVBH,Month-to-month,9,93.0,870.25,Bank transfer (automatic),Yes,No,No
1089-HDMKP,Month-to-month,11,54.55,601.25,Electronic check,Yes,Yes,No
7623-HKYRK,Month-to-month,6,19.7,111.65,Mailed check,No internet service,No,No
0310-SUCIN,One year,71,84.8,6046.1,Bank transfer (automatic),Yes,Yes,No
5197-PYEPU,One year,42,94.45,3923.8,Credit card (automatic),No,Yes,No
2929-ERCFZ,Month-to-month,8,94.2,777.3,Electronic check,No,Yes,Yes
7548-SEPYI,Month-to-month,5,96.25,512.45,Electronic check,No,Yes,Yes
8835-VSDSE,Month-to-month,2,70.7,141.45,Electronic check,No,Yes,Yes
6619-RPLQZ,Two year,45,20.85,892.15,Mailed check,No internet service,No,No
3275-RHRNE,One year,28,60.0,1682.05,Credit card (automatic),Yes,Yes,No
3503-TYDAY,Month-to-month,43,80.45,3398.9,Electronic check,No,No,No
6901-GOGZG,Two year,60,84.95,4984.85,Electronic check,Yes,Yes,No
1623-NLDOT,One year,42,33.55,1445.3,Mailed check,Yes,No,Yes
7021-XSNYE,Two year,7,49.65,305.55,Credit card (automatic),Yes,No,No
9621-OUPYD,One year,25,20.2,507.9,Bank transfer (automatic),No internet service,Yes,No
9898-KZQDZ,Month-to-month,40,94.55,3640.45,Credit card (automatic),No,Yes,Yes
8982-NHAVY,One year,27,100.5,2673.45,Bank transfer (automatic),No,Yes,No
4307-KWMXE,Month-to-month,10,35.75,389.8,Electronic check,Yes,No,No
0141-YEAYS,Month-to-month,27,86.45,2401.05,Bank transfer (automatic),No,Yes,No
2450-ZKEED,One year,11,53.8,651.55,Bank transfer (automatic),Yes,No,No
3694-DELSO,Month-to-month,4,38.55,156.1,Credit card (automatic),No,No,No
3893-JRNFS,Month-to-month,68,39.9,2796.35,Bank transfer (automatic),No,Yes,No
9603-OAIHC,Month-to-month,1,70.05,70.05,Electronic check,No,Yes,No
1133-KXCGE,One year,18,20.1,407.05,Mailed check,No internet service,No,No
5236-PERKL,Two year,57,112.95,6465.0,Bank transfer (automatic),No,Yes,Yes
0142-GVYSN,Month-to-month,26,20.3,511.25,Electronic check,No internet service,Yes,No
1049-FYSYG,Month-to-month,17,35.65,646.05,Credit card (automatic),No,Yes,No
7854-FOKSF,Month-to-month,1,35.9,35.9,Electronic check,No,No,Yes
2519-FAKOD,Month-to-month,38,99.25,3777.15,Bank transfer (automatic),No,Yes,Yes
8406-LNMHF,One year,59,82.95,4903.15,Credit card (automatic),No,Yes,No
1821-BUCWY,Two year,30,55.65,1653.85,Mailed check,No,Yes,No
8263-JQAIK,Month-to-month,2,24.45,47.5,Mailed check,No,Yes,Yes
0023-UYUPN,One year,50,25.2,1306.3,Electronic check,No internet service,No,No
8314-DPQHL,One year,9,50.8,463.6,Mailed check,Yes,No,No
1465-WCZVT,Month-to-month,3,19.65,60.65,Mailed check,No internet service,No,No
9481-SFCQY,Month-to-month,14,59.8,824.85,Credit card (automatic),No,Yes,No
6360-SVNWV,Month-to-month,31,73.55,2094.65,Credit card (automatic),No,Yes,No
0567-GGCAC,Month-to-month,7,61.4,438.9,Electronic check,No,No,No
7089-IVVAZ,Month-to-month,8,103.35,847.3,Bank transfer (automatic),Yes,Yes,Yes
8884-MRNSU,One year,17,19.9,329.75,Bank transfer (automatic),No internet service,No,No
2171-UDMFD,Month-to-month,32,19.45,674.55,Credit card (automatic),No internet service,Yes,No
9050-IKDZA,Month-to-month,2,81.5,162.55,Mailed check,No,No,No
2205-YMZZJ,Month-to-month,7,84.8,546.95,Electronic check,No,Yes,Yes
9802-CAQUT,Two year,72,109.55,7887.25,Credit card (automatic),No,No,No
1254-IZEYF,Month-to-month,31,99.95,3186.65,Electronic check,No,Yes,Yes
0187-WZNAB,Month-to-month,27,74.4,1972.35,Mailed check,No,No,No
9492-TOKRI,Month-to-month,18,90.0,1527.35,Credit card (automatic),No,Yes,Yes
1475-VWVDO,Month-to-month,7,74.9,490.55,Electronic check,No,Yes,No
9221-OTIVJ,Month-to-month,14,104.85,1531.4,Electronic check,No,Yes,Yes
1357-MVDOZ,Month-to-month,11,59.65,683.25,Bank transfer (automatic),No,Yes,No
7602-MVRMB,Two year,72,110.45,8058.85,Bank transfer (automatic),Yes,Yes,No
3325-FUYCG,One year,28,106.1,2847.4,Electronic check,No,No,Yes
5908-QMGOE,Month-to-month,15,74.2,1133.9,Credit card (automatic),No,Yes,Yes
1197-BVMVG,Month-to-month,4,74.45,294.45,Electronic check,No,Yes,No
5406-KGRMX,Two year,71,24.55,1719.15,Electronic check,No internet service,No,No
8481-YYXWG,Month-to-month,5,89.35,461.7,Electronic check,Yes,Yes,Yes
5968-HYJRZ,Two year,47,24.55,1160.45,Mailed check,No internet service,No,No
5198-EFNBM,One year,57,90.65,5199.8,Electronic check,No,Yes,No
7516-GMHUV,Two year,50,105.05,5163.3,Credit card (automatic),No,Yes,No
7140-ADSMJ,Month-to-month,8,20.45,162.3,Credit card (automatic),No internet service,Yes,No
2230-XTUWL,Two year,48,19.55,883.35,Mailed check,No internet service,No,No
7706-YLMQA,One year,70,19.7,1341.5,Bank transfer (automatic),No internet service,No,No
2585-KTFRE,Month-to-month,1,70.45,70.45,Bank transfer (automatic),Yes,Yes,No
7994-UYIVZ,Month-to-month,8,85.65,659.45,Bank transfer (automatic),No,Yes,No
2609-IAICY,Month-to-month,1,77.15,77.15,Electronic check,No,Yes,Yes
1740-CSDJP,Month-to-month,1,35.25,35.25,Bank transfer (automatic),No,Yes,Yes
7717-BICXI,Two year,60,20.55,1205.05,Mailed check,No internet service,No,No
6559-RAKOZ,One year,49,97.95,4917.9,Electronic check,Yes,Yes,No
2636-OHFMN,Month-to-month,4,48.55,201.0,Electronic check,No,Yes,Yes
4716-MRVEN,One year,29,20.0,599.3,Mailed check,No internet service,No,No
2143-LJULT,Two year,67,25.25,1733.15,Credit card (automatic),No internet service,Yes,No
1323-OOEPC,Month-to-month,53,98.4,5149.5,Credit card (automatic),No,Yes,Yes
3200-MNQTF,Two year,67,70.9,4677.1,Credit card (automatic),Yes,No,No
6164-HXUGH,Month-to-month,6,19.85,119.3,Mailed check,No internet service,No,No
5630-IXDXV,Month-to-month,47,106.35,4849.1,Electronic check,No,Yes,No
0320-DWVTU,Two year,53,99.5,5424.25,Mailed check,Yes,No,No
9135-MGVPY,Two year,69,84.7,5878.9,Mailed check,Yes,Yes,No
1212-GLHMD,Month-to-month,3,86.05,244.85,Mailed check,No,Yes,No
7878-JGDKK,Month-to-month,4,44.55,220.75,Mailed check,No,No,No
1088-AUUZZ,Two year,56,75.85,4261.2,Credit card (automatic),Yes,Yes,No
0397-GZBBC,Month-to-month,59,93.85,5574.75,Bank transfer (automatic),No,Yes,Yes
6614-YWYSC,Two year,61,25.0,1501.75,Bank transfer (automatic),No internet service,No,No
9588-OZDMQ,Month-to-month,2,45.0,89.75,Electronic check,No,Yes,No
7641-EUYET,Month-to-month,46,100.7,4541.2,Electronic check,No,Yes,Yes
6476-EPYZR,Month-to-month,12,20.5,255.5,Mailed check,No internet service,No,No
9921-ZVRHG,Month-to-month,14,80.45,1072.0,Electronic check,No,Yes,Yes
1174-FGIFN,One year,28,90.45,2509.25,Electronic check,Yes,Yes,No
6620-HVDUJ,Month-to-month,24,60.45,1440.75,Bank transfer (automatic),Yes,No,No
4701-MLJPN,Month-to-month,31,55.25,1715.65,Electronic check,Yes,Yes,Yes
1032-MAELW,One year,68,78.45,5333.35,Electronic check,Yes,Yes,No
7641-TQFHN,Two year,39,100.55,3895.35,Mailed check,Yes,No,No
1552-TKMXS,Month-to-month,42,20.35,869.9,Credit card (automatic),No internet service,No,No
9206-GVPEQ,Month-to-month,13,54.45,706.85,Electronic check,Yes,Yes,Yes
8622-ZLFKO,Month-to-month,6,90.75,512.25,Electronic check,No,Yes,No
1596-BBVTG,Month-to-month,35,75.35,2636.05,Credit card (automatic),No,No,Yes
6188-UXBBR,One year,38,20.25,814.75,Credit card (automatic),No internet service,Yes,No
2333-KWEWW,Two year,18,20.05,388.6,Credit card (automatic),No internet service,No,No
5702-SKUOB,Month-to-month,4,19.6,93.45,Mailed check,No internet service,No,No
1134-YWTYF,Month-to-month,27,53.8,1389.85,Electronic check,Yes,Yes,No
6061-GWWAV,One year,41,70.2,2894.55,Mailed check,No,No,No
0679-TDGAK,One year,50,75.5,4025.6,Electronic check,Yes,No,No
6585-WCEWR,Two year,72,20.35,1354.4,Electronic check,No internet service,No,No
9067-YGSCA,One year,70,26.05,1856.4,Credit card (automatic),No internet service,No,No
9067-SQTNS,One year,44,20.6,926.0,Bank transfer (automatic),No internet service,No,No
8433-WXGNA,Month-to-month,2,75.7,189.2,Electronic check,No,Yes,Yes
1776-SPBWV,One year,34,20.1,682.1,Bank transfer (automatic),No internet service,Yes,No
8735-SDUFN,Two year,72,24.3,1778.7,Bank transfer (automatic),No internet service,No,No
9668-PUGNU,Two year,71,24.5,1816.2,Electronic check,No internet service,Yes,No
9405-GPBBG,Two year,64,110.5,7069.25,Credit card (automatic),Yes,Yes,No
1926-QUZNN,Two year,72,25.25,1841.2,Bank transfer (automatic),No internet service,Yes,No
3707-GNWHM,Month-to-month,1,74.25,74.25,Mailed check,No,Yes,Yes
7016-NVRIC,One year,29,90.1,2656.7,Bank transfer (automatic),No,No,No
5829-NVSQN,One year,23,68.75,1689.45,Bank transfer (automatic),Yes,Yes,No
9565-AXSMR,Two year,52,19.2,1054.75,Mailed check,No internet service,No,No
8922-LIEGH,Month-to-month,25,89.7,2187.55,Electronic check,No,Yes,Yes
8869-LIHMK,Two year,64,115.1,7334.05,Bank transfer (automatic),Yes,Yes,No
8245-UMPYT,Month-to-month,16,96.4,1581.2,Electronic check,No,Yes,Yes
5186-SAMNZ,Month-to-month,1,69.5,69.5,Bank transfer (automatic),No,Yes,Yes
0447-RXSGD,Month-to-month,24,99.65,2404.85,Bank transfer (automatic),No,Yes,No
4927-WWOOZ,Month-to-month,2,91.45,171.45,Electronic check,No,Yes,No
5788-YPOEG,Two year,34,84.75,2839.45,Mailed check,Yes,No,No
5373-SFODM,Month-to-month,36,85.25,3132.75,Credit card (automatic),No,Yes,Yes
0661-KBKPA,One year,53,78.75,3942.45,Mailed check,Yes,Yes,No
9081-WWXKP,Two year,47,20.25,873.4,Credit card (automatic),No internet service,No,No
0784-ZQJZX,Two year,72,19.9,1529.65,Credit card (automatic),No internet service,No,No
3133-PZNSR,Two year,72,97.75,6991.6,Credit card (automatic),Yes,Yes,No
5766-ZJYBB,Month-to-month,1,19.4,19.4,Mailed check,No internet service,No,Yes
8931-GJJIQ,Month-to-month,9,83.3,803.3,Electronic check,No,Yes,Yes
4277-PVRAN,Month-to-month,8,80.1,679.3,Bank transfer (automatic),No,Yes,Yes
0022-TCJCI,One year,45,62.7,2791.5,Credit card (automatic),No,No,Yes
0722-SVSFK,Month-to-month,7,100.4,715.0,Electronic check,Yes,Yes,No
3612-YVGSJ,Two year,71,24.45,1681.6,Credit card (automatic),No internet service,Yes,No
9825-YCXWZ,One year,41,101.1,4016.2,Bank transfer (automatic),Yes,Yes,No
5397-NSKQG,Two year,67,50.9,3281.65,Credit card (automatic),No,No,No
8565-HBFNN,One year,69,107.2,7317.1,Credit card (automatic),Yes,Yes,No
2000-DHJUY,Two year,70,92.2,6474.45,Bank transfer (automatic),Yes,Yes,No
0203-HHYIJ,One year,25,25.3,676.35,Bank transfer (automatic),No internet service,No,Yes
8670-ERCJH,Two year,72,113.4,8164.1,Bank transfer (automatic),Yes,No,No
7758-UJWYS,Two year,34,40.55,1325.85,Electronic check,Yes,Yes,No
2050-ONYDQ,Two year,65,26.0,1654.85,Credit card (automatic),No internet service,No,No
7055-JCGNI,Two year,70,111.95,7795.95,Credit card (automatic),Yes,Yes,No
0739-UUAJR,Two year,72,53.8,3952.45,Credit card (automatic),No,Yes,No
4826-DXMUP,One year,35,72.1,2495.15,Mailed check,Yes,Yes,No
0952-KMEEH,Month-to-month,13,98.15,1230.25,Mailed check,No,No,Yes
7285-KLOTR,One year,12,78.85,876.75,Electronic check,No,No,No
0654-PQKDW,One year,62,70.75,4263.45,Bank transfer (automatic),Yes,Yes,No
7175-NTIXE,Month-to-month,25,76.15,1992.95,Credit card (automatic),Yes,Yes,No
7963-SHNDT,Two year,52,39.1,1982.1,Mailed check,Yes,No,No
9796-BPKIW,Month-to-month,8,69.95,562.7,Credit card (automatic),No,Yes,No
0188-GWFLE,Month-to-month,2,20.05,33.7,Mailed check,No internet service,No,No
8129-GMVGI,Two year,56,20.05,1090.1,Mailed check,No internet service,No,No
2882-DDZPG,Month-to-month,12,19.45,227.45,Bank transfer (automatic),No internet service,No,No
3547-LQRIK,One year,47,26.9,1250.85,Electronic check,No internet service,No,No
9137-NOQKA,Month-to-month,2,19.2,37.2,Electronic check,No internet service,No,No
5843-TTHGI,Month-to-month,18,50.0,892.7,Mailed check,No,Yes,No
1849-RJYIG,Month-to-month,8,60.0,487.75,Electronic check,No,Yes,No
8868-GAGIO,Month-to-month,45,84.55,3713.95,Mailed check,No,Yes,No
4061-UKJWL,Month-to-month,3,45.45,141.7,Mailed check,No,No,No
5380-XPJNZ,One year,38,20.05,678.2,Mailed check,No internet service,No,No
8263-QMNTJ,Two year,72,115.55,8425.3,Electronic check,Yes,Yes,No
8178-EYZUO,Month-to-month,46,93.7,4154.8,Electronic check,No,Yes,Yes
3230-JCNZS,Two year,71,99.0,7061.65,Credit card (automatic),No,Yes,No
0277-ORXQS,Two year,66,50.55,3364.55,Bank transfer (automatic),Yes,No,No
5130-IEKQT,Month-to-month,25,105.95,2655.25,Mailed check,No,No,Yes
3230-WYKIR,One year,18,82.0,1425.45,Credit card (automatic),Yes,Yes,Yes
7996-BPXHY,Two year,13,25.0,332.5,Bank transfer (automatic),No internet service,Yes,No
3227-WLKLI,Two year,65,91.55,5963.95,Bank transfer (automatic),Yes,No,No
0407-BDJKB,Month-to-month,60,95.75,5742.9,Electronic check,No,Yes,Yes
2266-FUBDZ,Two year,15,19.35,278.85,Mailed check,No internet service,No,No
8237-ULIXL,Two year,72,24.85,1871.85,Credit card (automatic),No internet service,No,No
9600-UDOPK,Month-to-month,30,94.05,2866.45,Credit card (automatic),No,Yes,Yes
8216-AZUUZ,Two year,42,100.4,4303.65,Electronic check,Yes,Yes,No
9153-BTBVV,Two year,71,25.0,1753.0,Bank transfer (automatic),No internet service,No,No
4074-SJFFA,Month-to-month,1,54.75,54.75,Mailed check,No,Yes,Yes
3269-ATYWD,Month-to-month,39,95.65,3759.05,Bank transfer (automatic),No,Yes,Yes
5186-PEIZU,Month-to-month,35,19.25,617.65,Bank transfer (automatic),No internet service,No,No
1074-AMIOH,Month-to-month,53,108.25,5935.1,Bank transfer (automatic),Yes,Yes,No
4910-GMJOT,Month-to-month,1,94.6,94.6,Electronic check,No,Yes,Yes
0354-WYROK,Month-to-month,31,98.9,2911.3,Electronic check,Yes,Yes,Yes
4361-FEBGN,Two year,48,20.15,982.95,Credit card (automatic),No internet service,No,No
7748-UMTRK,Month-to-month,30,101.3,2974.5,Electronic check,Yes,Yes,No
0380-ZCSBI,Month-to-month,10,20.0,198.7,Credit card (automatic),No internet service,No,No
7145-FEJWU,Month-to-month,12,105.3,1275.65,Electronic check,No,Yes,No
6463-MVYRY,Two year,57,69.85,4003.0,Bank transfer (automatic),Yes,No,No
3969-JQABI,Month-to-month,58,65.25,3791.6,Credit card (automatic),No,Yes,No
9624-EGDEQ,Two year,37,19.8,813.3,Mailed check,No internet service,No,No
1051-EQPZR,Month-to-month,44,19.6,780.25,Mailed check,No internet service,No,No
5849-ASHZJ,One year,27,20.05,552.9,Credit card (automatic),No internet service,No,No
5780-INQIK,Month-to-month,8,49.4,408.25,Electronic check,Yes,No,No
7576-OYWBN,Month-to-month,3,76.05,231.8,Electronic check,No,Yes,Yes
4526-ZJJTM,Month-to-month,25,88.4,2191.15,Bank transfer (automatic),No,No,No
8384-FZBJK,Month-to-month,57,100.6,5611.7,Electronic check,No,Yes,No
3750-RNQKR,Month-to-month,12,19.45,246.25,Mailed check,No internet service,No,No
0962-CQPWQ,Two year,62,20.3,1296.15,Bank transfer (automatic),No internet service,No,No
3096-YXENJ,Two year,65,107.65,7082.85,Bank transfer (automatic),Yes,Yes,No
1265-BCFEO,Two year,71,80.45,5662.25,Bank transfer (automatic),Yes,Yes,No
5837-LXSDN,One year,21,58.85,1215.45,Credit card (automatic),No,Yes,No
5945-AZYHT,One year,71,109.6,7854.15,Electronic check,No,Yes,No
8325-QRPZR,Month-to-month,7,75.15,525.0,Electronic check,No,Yes,No
6384-VMJHP,Two year,72,73.0,5265.2,Credit card (automatic),Yes,Yes,No
2262-SLNVK,Month-to-month,1,70.1,70.1,Electronic check,No,No,No
7730-CLDSV,Two year,72,98.65,7129.45,Bank transfer (automatic),Yes,Yes,No
1135-HIORI,One year,64,111.45,7266.95,Electronic check,Yes,Yes,No
0164-APGRB,Two year,72,114.9,8496.7,Electronic check,Yes,Yes,No
6481-ESCNL,Month-to-month,29,100.55,2878.75,Bank transfer (automatic),No,No,No
1790-NESIO,Two year,13,20.4,261.3,Mailed check,No internet service,Yes,No
1550-EENBN,Month-to-month,31,104.35,3205.6,Electronic check,No,No,No
5539-TMZLF,Month-to-month,1,69.75,69.75,Electronic check,No,Yes,Yes
4323-SADQS,Month-to-month,7,34.5,279.25,Electronic check,Yes,Yes,Yes
4446-BZKHU,Month-to-month,61,105.55,6281.45,Electronic check,No,Yes,Yes
5202-IVJNU,Month-to-month,39,30.1,1131.3,Credit card (automatic),No,No,Yes
5976-JCJRH,Month-to-month,10,70.3,738.2,Electronic check,No,Yes,Yes
8198-RKSZG,Month-to-month,14,80.45,1137.05,Credit card (automatic),Yes,No,No
0137-OCGAB,Month-to-month,1,80.2,80.2,Mailed check,No,Yes,Yes
3351-NQLDI,One year,67,94.35,6341.45,Credit card (automatic),Yes,Yes,Yes
9297-EONCV,Two year,72,91.35,6697.2,Bank transfer (automatic),Yes,Yes,No
7593-JNWRU,Month-to-month,6,44.6,260.8,Bank transfer (automatic),No,Yes,Yes
4588-YBNIB,Month-to-month,1,19.6,19.6,Mailed check,No internet service,Yes,Yes
1069-QJOEE,One year,25,19.9,505.45,Electronic check,No internet service,No,No
3336-JORSO,Month-to-month,33,110.45,3655.45,Electronic check,Yes,Yes,Yes
7799-DSEWS,Month-to-month,18,68.35,1299.8,Electronic check,Yes,Yes,No
8766-PAFNE,Two year,71,79.1,5564.85,Credit card (automatic),Yes,Yes,No
5315-CKEQK,One year,28,51.0,1381.8,Electronic check,No,Yes,No
3130-ICDUP,Month-to-month,2,80.55,188.1,Credit card (automatic),No,No,No
0820-FNRNX,Month-to-month,17,66.7,1077.05,Mailed check,Yes,Yes,No
0880-FVFWF,Month-to-month,56,86.4,4922.4,Electronic check,No,Yes,No
4611-ANLQC,One year,60,50.05,2911.5,Electronic check,No,No,No
4213-HKBJO,Two year,33,25.7,826.1,Credit card (automatic),No internet service,No,No
2792-LSHWX,Month-to-month,1,83.4,83.4,Mailed check,Yes,Yes,No
5028-GZLDO,Month-to-month,2,70.7,140.7,Credit card (automatic),No,No,Yes
0014-BMAQU,Two year,63,84.65,5377.8,Credit card (automatic),Yes,Yes,No
6861-XWTWQ,Month-to-month,7,99.25,665.45,Electronic check,No,Yes,Yes
9018-PCIOK,Two year,55,64.75,3617.1,Mailed check,No,Yes,No
4837-QUSFT,One year,65,100.15,6643.5,Bank transfer (automatic),Yes,Yes,No
6877-TJMBR,Month-to-month,1,84.8,84.8,Electronic check,Yes,Yes,Yes
9953-ZMKSM,Two year,63,25.25,1559.3,Mailed check,No internet service,No,No
0907-HQNTS,Two year,70,113.0,7987.6,Credit card (automatic),Yes,Yes,No
7665-NKLAV,Two year,36,40.65,1547.35,Credit card (automatic),Yes,No,No
6769-DCQLI,One year,52,105.0,5426.85,Bank transfer (automatic),Yes,Yes,Yes
2433-KMEAS,Month-to-month,22,54.45,1127.35,Electronic check,No,Yes,Yes
4391-LNRXK,Month-to-month,22,94.95,2142.8,Bank transfer (automatic),Yes,Yes,No
8250-ZNGGW,Month-to-month,5,59.9,287.85,Credit card (automatic),Yes,No,No
2195-ZRVAX,Month-to-month,47,85.3,4045.65,Electronic check,No,Yes,Yes
3550-SAHFP,Month-to-month,33,83.35,2757.85,Electronic check,No,Yes,Yes
2011-TRQYE,Month-to-month,18,33.5,600.0,Credit card (automatic),No,Yes,Yes
8562-GHPPI,Month-to-month,1,19.8,19.8,Credit card (automatic),No internet service,No,No
5893-PYOLZ,Two year,56,81.8,4534.45,Credit card (automatic),Yes,Yes,No
4986-MXSFP,Month-to-month,2,20.0,40.9,Mailed check,No internet service,Yes,No
6131-FOYAS,Month-to-month,35,59.6,2094.9,Electronic check,No,Yes,No
3027-YNWZU,Two year,64,25.0,1584.8,Credit card (automatic),No internet service,No,No
5609-IMCGG,Month-to-month,15,84.35,1302.65,Credit card (automatic),No,Yes,No
4873-ILOLJ,Month-to-month,24,90.35,2238.5,Electronic check,No,Yes,Yes
4727-MCYZG,Month-to-month,1,55.55,55.55,Mailed check,No,No,No
9481-WHGWY,Two year,70,75.35,5437.75,Credit card (automatic),Yes,No,No
2725-KXXWT,Month-to-month,1,90.75,90.75,Electronic check,No,Yes,Yes
9565-DJPIB,Month-to-month,4,89.6,365.65,Mailed check,No,No,Yes
4328-VUFWD,One year,39,59.3,2209.15,Electronic check,Yes,No,No
3301-LSLWQ,Month-to-month,29,66.1,1912.15,Electronic check,No,Yes,No
7473-ZBDSN,Two year,14,18.8,255.55,Mailed check,No internet service,No,No
3166-PNEOF,Two year,61,86.45,5175.3,Credit card (automatic),Yes,No,No
5639-NTUPK,Month-to-month,13,52.1,670.65,Credit card (automatic),No,Yes,No
8780-YRMTT,Two year,66,47.4,3177.25,Mailed check,Yes,Yes,No
8348-HFYIV,Month-to-month,2,49.25,90.35,Electronic check,No,Yes,Yes
5140-FOMCQ,One year,59,109.15,6557.75,Credit card (automatic),No,Yes,No
6242-SGYTS,One year,62,94.95,5791.85,Credit card (automatic),No,Yes,No
8166-ORCHU,One year,33,93.55,3055.5,Electronic check,Yes,Yes,No
8414-OOEEL,Two year,66,79.5,5196.1,Credit card (automatic),Yes,Yes,No
8454-AATJP,Two year,72,115.05,8405.0,Credit card (automatic),Yes,No,No
6849-WLEYG,Month-to-month,1,19.75,19.75,Mailed check,No internet service,No,Yes
4659-NZRUF,Month-to-month,19,95.15,1789.25,Electronic check,No,Yes,Yes
4531-AUZNK,One year,51,95.15,5000.05,Mailed check,Yes,Yes,No
4191-XOVOM,Month-to-month,63,105.4,6713.2,Electronic check,Yes,No,No
2150-OEGBV,One year,27,20.1,562.6,Bank transfer (automatic),No internet service,No,No
8429-XIBUM,Month-to-month,22,101.35,2317.1,Bank transfer (automatic),No,Yes,Yes
1855-CFULU,Month-to-month,4,20.05,91.45,Mailed check,No internet service,No,No
4878-BUNFV,Two year,42,20.7,828.85,Mailed check,No internet service,No,No
1872-EBWSC,One year,29,20.35,617.35,Mailed check,No internet service,No,No
2608-BHKFN,Month-to-month,4,70.05,266.9,Credit card (automatic),No,Yes,Yes
7026-YMSBE,One year,30,19.7,625.05,Mailed check,No internet service,No,No
7341-LXCAF,Month-to-month,4,74.65,301.4,Electronic check,No,Yes,Yes
6997-UVGOX,Two year,71,85.45,6029.9,Bank transfer (automatic),Yes,No,No
9674-EHPPG,Two year,46,40.4,1842.7,Credit card (automatic),Yes,No,No
9462-MJUAW,Month-to-month,4,50.4,206.6,Mailed check,No,No,Yes
8128-YVJRG,Month-to-month,7,79.65,604.7,Mailed check,No,Yes,Yes
5440-VHLUL,One year,69,105.2,7386.05,Bank transfer (automatic),Yes,Yes,No
5781-BKHOP,Two year,72,100.65,7334.05,Bank transfer (automatic),No,No,No
4283-FUTGF,Month-to-month,19,79.85,1471.75,Electronic check,No,Yes,Yes
5213-TWWJU,Month-to-month,28,91.0,2626.15,Electronic check,Yes,No,No
1569-TTNYJ,Month-to-month,5,78.75,412.1,Electronic check,No,Yes,Yes
8628-MFKAX,Two year,72,116.75,8277.05,Credit card (automatic),Yes,Yes,No
2397-BRLOM,Month-to-month,8,80.45,583.45,Credit card (automatic),No,Yes,Yes
7629-WIXZF,One year,7,59.1,369.25,Electronic check,No,Yes,No
5445-GLVOT,Month-to-month,22,49.8,1049.05,Electronic check,No,Yes,No
3976-HXHCE,Two year,72,19.3,1414.8,Bank transfer (automatic),No internet service,No,No
2466-NEJOJ,Month-to-month,8,19.65,169.75,Credit card (automatic),No internet service,No,No
0254-KCJGT,One year,52,81.4,4354.45,Credit card (automatic),Yes,Yes,No
5472-CVMDX,Two year,68,38.9,2719.2,Mailed check,Yes,No,No
6461-SZMCV,Two year,71,87.95,6365.35,Bank transfer (automatic),Yes,No,No
8150-QUDFX,Month-to-month,2,19.85,51.6,Mailed check,No internet service,No,No
9508-ILZDG,Month-to-month,34,96.35,3190.25,Electronic check,Yes,Yes,No
2346-DJQTB,Month-to-month,35,24.15,812.5,Electronic check,No,No,No
1697-LYYYX,One year,61,19.1,1143.8,Credit card (automatic),No internet service,No,No
1942-OQFRW,Month-to-month,1,44.0,44.0,Electronic check,No,No,No
4749-VFKVB,Month-to-month,1,50.1,50.1,Mailed check,No,Yes,Yes
9640-ZSLDC,One year,53,60.6,3297.0,Credit card (automatic),No,No,No
4231-LZUYM,Two year,72,25.65,1887.0,Bank transfer (automatic),No internet service,No,No
7598-UAASY,Month-to-month,2,76.4,151.8,Electronic check,No,No,Yes
7938-OUHIO,Month-to-month,3,98.7,293.65,Electronic check,Yes,Yes,Yes
8510-AWCXC,Month-to-month,13,100.8,1308.1,Electronic check,No,Yes,Yes
6128-AQBMT,Month-to-month,41,53.95,2215.4,Electronic check,No,Yes,No
3594-BDSOA,One year,24,20.4,482.8,Credit card (automatic),No internet service,No,No
0431-APWVY,One year,28,90.1,2598.95,Bank transfer (automatic),No,Yes,Yes
5133-VRSAB,Month-to-month,8,29.35,216.45,Mailed check,No,No,No
5996-DAOQL,Month-to-month,1,20.45,20.45,Mailed check,No internet service,Yes,No
6838-YAUVY,Two year,54,95.1,5064.85,Bank transfer (automatic),Yes,Yes,No
0484-JPBRU,Month-to-month,41,25.25,996.45,Bank transfer (automatic),No internet service,Yes,No
7883-ROJOC,Month-to-month,19,44.9,839.65,Mailed check,No,No,No
0244-LGNFY,Two year,72,92.65,6733.0,Bank transfer (automatic),Yes,No,No
7274-CGTOD,Two year,62,43.7,2618.3,Bank transfer (automatic),Yes,Yes,No
4295-YURET,Two year,56,72.6,4084.35,Credit card (automatic),Yes,Yes,No
3426-NIYYL,Month-to-month,15,51.55,765.5,Electronic check,No,No,Yes
8225-BTJAU,Month-to-month,10,79.25,793.55,Electronic check,No,Yes,Yes
4635-EJYPD,Two year,32,18.95,613.95,Mailed check,No internet service,No,No
1866-ZSLJM,Month-to-month,21,20.5,402.85,Credit card (automatic),No internet service,No,No
4636-TVXVG,One year,62,19.95,1244.8,Bank transfer (automatic),No internet service,No,No
4236-UJPWO,Month-to-month,2,24.5,46.4,Electronic check,No,No,No
9392-XBGTD,Two year,27,20.6,581.85,Mailed check,No internet service,No,No
3387-VATUS,Month-to-month,5,94.85,462.8,Bank transfer (automatic),No,Yes,Yes
6402-SSEJG,One year,25,61.05,1540.2,Electronic check,No,No,No
1143-NMNQJ,Month-to-month,2,85.7,169.8,Electronic check,No,Yes,Yes
1169-SAOCL,One year,49,106.65,5168.1,Bank transfer (automatic),Yes,Yes,No
1110-KYLGQ,Month-to-month,63,108.25,6780.1,Credit card (automatic),No,No,No
9929-PLVPA,Month-to-month,4,20.4,94.5,Credit card (automatic),No internet service,No,No
3518-PZXZQ,Month-to-month,1,55.3,55.3,Mailed check,No,Yes,No
2371-JUNGC,Month-to-month,11,20.25,208.0,Mailed check,No internet service,No,No
7693-QPEFS,Month-to-month,52,72.95,3829.75,Bank transfer (automatic),No,Yes,No
0924-BJCRC,Month-to-month,60,89.45,5294.6,Electronic check,No,No,No
5074-FBGHB,One year,64,104.65,6889.8,Credit card (automatic),Yes,Yes,No
2351-BKRZW,Two year,43,75.2,3254.35,Bank transfer (automatic),No,No,No
4455-BFSPD,One year,61,101.15,6383.9,Bank transfer (automatic),Yes,No,No
0415-MOSGF,Month-to-month,1,44.4,44.4,Mailed check,No,No,Yes
1724-BQUHA,Month-to-month,5,89.5,477.7,Electronic check,No,Yes,Yes
3948-KXDUF,Two year,66,68.75,4447.55,Bank transfer (automatic),Yes,No,No
2323-ARSVR,Two year,67,111.05,7321.05,Electronic check,Yes,Yes,No
0815-MFZGM,Two year,42,99.0,4135.0,Credit card (automatic),Yes,Yes,No
4826-XTSOH,Month-to-month,1,86.05,86.05,Electronic check,No,Yes,Yes
5480-XTFFL,Two year,31,21.0,697.7,Mailed check,No internet service,No,No
8295-FHIVV,Month-to-month,7,19.4,168.65,Mailed check,No internet service,Yes,No
2495-INZWQ,Month-to-month,4,44.55,174.3,Electronic check,No,Yes,Yes
9086-YJYXS,One year,34,77.2,2753.8,Bank transfer (automatic),No,No,No
1179-INLAT,One year,3,19.45,69.25,Mailed check,No internet service,Yes,No
7909-FIOIY,Month-to-month,19,24.85,434.8,Mailed check,No,Yes,No
4139-SUGLD,Month-to-month,31,35.4,1077.5,Bank transfer (automatic),Yes,No,Yes
6857-VWJDT,Month-to-month,1,95.65,95.65,Mailed check,No,No,Yes
6351-SCJKT,Month-to-month,3,41.35,107.25,Mailed check,Yes,No,No
5468-BPMMO,Month-to-month,46,19.6,851.2,Electronic check,No internet service,No,No
5624-BQSSA,Month-to-month,1,20.95,20.95,Mailed check,No internet service,No,Yes
0197-PNKNK,One year,69,84.45,5848.6,Bank transfer (automatic),No,No,No
2439-QKJUL,Month-to-month,5,20.25,109.8,Mailed check,No internet service,No,No
1194-SPVSP,Month-to-month,1,19.65,19.65,Bank transfer (automatic),No internet service,No,No
9534-NSXEM,One year,26,20.65,595.5,Credit card (automatic),No internet service,Yes,No
2408-WITXK,Month-to-month,10,34.7,329.8,Electronic check,No,Yes,Yes
8929-KSWIH,Two year,25,99.3,2513.5,Bank transfer (automatic),Yes,No,No
2250-IVBWA,Month-to-month,64,81.05,5135.35,Electronic check,No,No,No
1810-MVMAI,Month-to-month,30,67.6,2000.2,Electronic check,Yes,No,No
9506-UXUSK,Month-to-month,13,70.15,931.75,Electronic check,No,Yes,No
1229-RCALF,One year,64,115.0,7396.15,Electronic check,Yes,Yes,No
3572-UOLYZ,Month-to-month,46,84.8,3958.85,Bank transfer (automatic),Yes,Yes,No
1429-UYJSV,One year,12,19.7,260.9,Mailed check,No internet service,No,No
5577-OTWWW,Month-to-month,15,19.75,297.3,Bank transfer (automatic),No internet service,No,Yes
6100-QQHEB,Month-to-month,17,92.55,1515.1,Electronic check,No,Yes,Yes
6366-XIVKZ,Month-to-month,13,63.15,816.8,Mailed check,No,Yes,No
3470-OBUET,Two year,67,74.0,4868.4,Credit card (automatic),Yes,No,No
2770-NSVDG,Month-to-month,24,29.1,688.0,Electronic check,No,No,No
9375-MHRRS,Month-to-month,6,50.05,288.35,Mailed check,Yes,No,No
2634-HCZGT,One year,53,60.05,3229.65,Electronic check,Yes,Yes,Yes
7503-QQRVF,Month-to-month,16,74.3,1178.25,Credit card (automatic),No,Yes,Yes
4860-YZGZM,Month-to-month,10,20.0,185.4,Electronic check,No internet service,No,No
6599-GZWCM,One year,13,74.65,966.25,Mailed check,No,Yes,No
2691-NZETQ,Month-to-month,9,85.35,758.6,Electronic check,No,Yes,Yes
4404-HIBDJ,One year,25,74.3,1863.8,Mailed check,Yes,No,Yes
5533-NHFRF,Month-to-month,7,44.4,265.8,Electronic check,Yes,Yes,No
7037-MTYVW,Two year,38,85.4,3297.0,Bank transfer (automatic),Yes,Yes,No
4760-THGOT,Month-to-month,43,94.1,4107.3,Electronic check,No,Yes,No
7295-JOMMD,Month-to-month,4,98.1,396.3,Bank transfer (automatic),Yes,Yes,Yes
4016-BJKTZ,Two year,25,108.9,2809.05,Electronic check,Yes,No,No
6584-VQMYT,One year,27,56.2,1567.55,Mailed check,No,No,No
9838-BFCQT,Two year,72,26.1,1851.45,Mailed check,No internet service,No,No
2790-XUYMV,One year,71,85.45,6028.95,Credit card (automatic),No,Yes,No
0581-MDMPW,Month-to-month,24,88.95,2072.75,Credit card (automatic),No,Yes,No
5013-SBUIH,Two year,50,109.65,5551.15,Electronic check,Yes,Yes,Yes
1023-BQXZE,Two year,57,74.35,4317.35,Bank transfer (automatic),No,Yes,No
9163-GHAYE,Month-to-month,15,48.85,736.8,Electronic check,No,No,No
3904-UKFRE,Month-to-month,4,80.1,336.15,Electronic check,No,Yes,No
5353-WILCI,Month-to-month,28,56.05,1522.65,Electronic check,No,No,No
0709-TVGUR,Month-to-month,9,74.55,622.9,Electronic check,No,Yes,Yes
0058-EVZWM,Month-to-month,55,89.8,4959.6,Bank transfer (automatic),No,Yes,No
6023-YEBUP,Month-to-month,3,100.95,329.95,Electronic check,No,Yes,Yes
7209-JCUDS,Month-to-month,10,94.9,1048.85,Electronic check,No,Yes,Yes
7009-PCARS,One year,55,19.1,1001.5,Bank transfer (automatic),No internet service,No,No
0519-DRGTI,Month-to-month,20,20.35,442.6,Mailed check,No internet service,No,No
1017-FBQMM,One year,62,106.05,6703.5,Credit card (automatic),Yes,Yes,No
3001-CBHLQ,Month-to-month,32,104.9,3351.55,Electronic check,Yes,Yes,Yes
1985-MBRYP,Two year,43,19.65,779.25,Bank transfer (automatic),No internet service,Yes,No
6158-DWPZT,One year,9,24.1,259.8,Bank transfer (automatic),No,No,Yes
9372-TXXPS,Two year,60,59.85,3483.45,Bank transfer (automatic),Yes,No,No
3259-QMXUN,Two year,58,86.1,4890.5,Electronic check,No,Yes,No
1015-JPFYW,One year,7,19.45,136.75,Mailed check,No internet service,No,No
6645-MXQJT,Month-to-month,2,97.1,184.15,Electronic check,No,No,No
4360-QRAVE,Month-to-month,37,36.65,1315.0,Electronic check,No,No,No
8433-WPJTV,One year,65,103.9,6767.1,Bank transfer (automatic),Yes,Yes,No
5804-JMYIO,Two year,39,19.75,757.95,Mailed check,No internet service,No,No
3763-GCZHZ,One year,66,104.05,6890.0,Electronic check,Yes,Yes,Yes
6484-LATFU,Two year,68,24.55,1657.4,Mailed check,No internet service,No,No
7599-NTMDP,Two year,62,48.7,3008.55,Bank transfer (automatic),Yes,No,No
0772-GYEQQ,Month-to-month,3,88.35,262.05,Mailed check,Yes,Yes,Yes
0536-ACXIP,Two year,72,109.55,8165.1,Electronic check,No,Yes,No
0936-NQLJU,Two year,41,20.65,875.55,Credit card (automatic),No internet service,No,No
4831-EOBFE,Month-to-month,29,94.65,2649.15,Credit card (automatic),No,No,Yes
1575-KRZZE,Month-to-month,4,55.2,220.65,Electronic check,No,No,No
3251-YMVWZ,One year,53,24.05,1301.9,Bank transfer (automatic),No internet service,No,No
4102-OQUPX,Month-to-month,1,74.4,74.4,Electronic check,No,Yes,Yes
9170-GYZJC,Month-to-month,41,79.9,3326.2,Credit card (automatic),Yes,No,Yes
4884-LEVMQ,Two year,39,20.45,790.0,Bank transfer (automatic),No internet service,Yes,No
8857-CUPFQ,Two year,63,19.25,1237.65,Mailed check,No internet service,No,No
7610-TVOPG,Month-to-month,15,26.35,378.6,Electronic check,No internet service,Yes,No
3638-DIMPH,One year,13,43.8,592.65,Electronic check,No,No,No
1845-ZLLIG,Month-to-month,1,50.15,50.15,Mailed check,No,Yes,No
8559-WNQZS,Two year,1,20.45,20.45,Mailed check,No internet service,No,No
3999-QGRJH,Month-to-month,8,69.7,560.85,Electronic check,No,Yes,Yes
1699-UOTXU,Two year,60,61.4,3638.25,Electronic check,No,No,No
2454-RPBRZ,Month-to-month,12,98.1,1060.2,Electronic check,No,Yes,Yes
0635-WKOLD,One year,40,70.75,2921.75,Credit card (automatic),Yes,No,No
5993-JSUWV,Two year,66,61.15,4017.45,Bank transfer (automatic),No,Yes,No
4518-FZBSX,One year,42,20.25,854.9,Mailed check,No internet service,No,No
5387-ASZNZ,One year,66,63.85,4174.35,Credit card (automatic),Yes,Yes,No
6988-CJEYV,Month-to-month,49,98.7,4920.55,Electronic check,No,No,No
2002-MZHWP,Month-to-month,1,20.5,20.5,Mailed check,No internet service,No,Yes
3097-FQTVJ,Two year,41,20.0,810.3,Mailed check,No internet service,No,No
5465-BUBFA,Two year,41,19.3,772.4,Bank transfer (automatic),No internet service,No,No
7299-GNVPL,Month-to-month,23,84.4,1936.85,Mailed check,Yes,No,No
9743-DQKQW,Month-to-month,3,25.1,79.8,Electronic check,No,No,No
1215-VFYVK,Month-to-month,4,48.25,202.25,Mailed check,Yes,No,No
9371-BITHB,Two year,52,19.85,1070.5,Mailed check,No internet service,No,No
2265-CYWIV,Month-to-month,4,99.6,347.65,Electronic check,No,Yes,Yes
9093-FPDLG,Month-to-month,11,94.2,999.9,Electronic check,Yes,Yes,No
0541-FITGH,Month-to-month,2,62.15,113.1,Mailed check,No,Yes,No
6985-HAYWX,Month-to-month,26,79.3,2015.8,Bank transfer (automatic),No,No,No
7508-KBIMB,One year,24,56.25,1454.25,Credit card (automatic),No,Yes,No
6838-HVLXG,Month-to-month,12,20.3,246.7,Mailed check,No internet service,No,No
2277-DJJDL,Month-to-month,60,99.0,6017.9,Electronic check,Yes,Yes,No
1897-OKVMW,Two year,64,90.6,5817.45,Mailed check,Yes,Yes,No
5485-ITNPC,Two year,66,85.9,5595.3,Bank transfer (automatic),Yes,Yes,No
0233-FTHAV,One year,60,79.2,4765.0,Bank transfer (automatic),No,Yes,No
4644-PIZRT,One year,17,70.35,1201.65,Bank transfer (automatic),No,Yes,No
8922-NPKBJ,Two year,42,19.35,867.3,Mailed check,No internet service,No,No
2740-TVLFN,Month-to-month,1,50.15,50.15,Electronic check,No,Yes,No
7771-CFQRQ,Two year,47,63.8,3007.25,Bank transfer (automatic),Yes,No,No
9512-PHSMG,Month-to-month,10,20.55,252.75,Mailed check,No internet service,Yes,No
6963-EZQEE,Two year,70,88.55,6306.5,Credit card (automatic),Yes,Yes,No
2452-KDRRH,Month-to-month,67,101.4,6841.05,Credit card (automatic),No,Yes,No
2004-OCQXK,Month-to-month,1,81.95,81.95,Electronic check,No,Yes,Yes
5027-QPKTE,Month-to-month,7,69.35,451.1,Electronic check,No,Yes,Yes
4146-SVFUD,Month-to-month,1,44.6,44.6,Mailed check,No,No,No
1564-HJUVY,Month-to-month,4,63.75,226.2,Bank transfer (automatic),Yes,Yes,No
3617-XLSGQ,Two year,66,109.25,7082.5,Bank transfer (automatic),No,No,No
7517-LDMPS,Month-to-month,12,84.6,1017.35,Electronic check,No,Yes,No
7244-KXYZN,One year,24,20.45,527.35,Credit card (automatic),No internet service,No,No
5226-NOZFC,Month-to-month,26,85.75,2146.5,Electronic check,No,Yes,No
2672-HUYVI,Month-to-month,6,91.1,455.3,Electronic check,No,Yes,Yes
1400-WIVLL,Two year,57,107.95,5969.85,Electronic check,Yes,No,No
7508-MYBOG,Month-to-month,14,86.1,1235.55,Electronic check,No,Yes,Yes
8148-NLEGT,Two year,42,22.95,1014.25,Electronic check,No internet service,No,No
0148-DCDOS,Month-to-month,25,94.7,2362.1,Bank transfer (automatic),No,Yes,Yes
8347-GDTMP,Two year,64,19.45,1225.65,Credit card (automatic),No internet service,No,No
9992-RRAMN,Month-to-month,22,85.1,1873.7,Electronic check,No,Yes,Yes
6746-WAUWT,One year,19,19.7,386.5,Credit card (automatic),No internet service,Yes,No
0310-MVLET,Month-to-month,61,99.15,6010.05,Electronic check,No,Yes,Yes
0428-IKYCP,Month-to-month,22,87.0,1850.65,Bank transfer (automatic),No,Yes,No
4550-VBOFE,Month-to-month,70,102.95,7101.5,Electronic check,No,Yes,Yes
2187-PKZAY,Month-to-month,12,79.95,1043.4,Bank transfer (automatic),No,Yes,No
4003-OCTMP,One year,31,64.0,1910.75,Electronic check,Yes,Yes,No
6652-YFFJO,Month-to-month,11,64.9,716.1,Electronic check,No,Yes,No
7225-IILWY,Two year,68,25.75,1686.15,Mailed check,No internet service,No,No
5248-RPYWW,Two year,72,90.15,6716.45,Bank transfer (automatic),Yes,Yes,No
7923-IYJWY,Two year,67,116.1,7839.85,Credit card (automatic),Yes,Yes,No
3170-GWYKC,Month-to-month,60,104.95,6236.75,Bank transfer (automatic),Yes,Yes,No
5696-QURRL,Month-to-month,1,45.05,45.05,Mailed check,No,Yes,Yes
7409-KIUTL,Month-to-month,1,71.0,71.0,Electronic check,No,Yes,Yes
9830-ECLEN,One year,58,50.0,2919.85,Mailed check,No,No,No
1732-VHUBQ,Month-to-month,47,70.55,3309.25,Bank transfer (automatic),No,No,Yes
0495-RVCBF,Month-to-month,1,79.7,79.7,Electronic check,No,Yes,Yes
2668-TZSPS,Month-to-month,1,20.45,20.45,Mailed check,No internet service,No,No
7854-EDSSA,Month-to-month,22,59.0,1254.7,Electronic check,No,No,Yes
8869-TORSS,One year,48,60.35,2896.4,Credit card (automatic),Yes,Yes,Yes
7446-SFAOA,One year,37,19.85,717.5,Bank transfer (automatic),No internet service,Yes,No
9522-ZSINC,One year,13,19.95,253.8,Electronic check,No internet service,Yes,No
8234-GSZYK,Two year,43,26.45,1110.05,Bank transfer (automatic),No internet service,No,No
6505-OZNPG,Two year,6,63.4,348.8,Mailed check,Yes,Yes,No
6164-HAQTX,Two year,71,53.95,3888.65,Bank transfer (automatic),Yes,No,No
0679-IDSTG,Month-to-month,1,69.25,69.25,Electronic check,No,Yes,Yes
7765-LWVVH,Two year,72,95.1,6843.15,Electronic check,No,Yes,No
1658-TJVOA,Month-to-month,6,74.1,450.9,Electronic check,No,Yes,No
0953-LGOVU,Month-to-month,12,35.5,432.25,Mailed check,Yes,No,No
2115-BFTIW,Month-to-month,25,70.95,1767.35,Mailed check,No,No,Yes
4692-NNQRU,One year,21,79.2,1742.45,Electronic check,Yes,No,No
7742-MYPGI,Month-to-month,6,48.8,297.35,Mailed check,Yes,Yes,No
0611-DFXKO,Month-to-month,20,89.0,1820.45,Mailed check,No,Yes,Yes
7780-OTDSO,Month-to-month,18,99.4,1742.95,Electronic check,No,Yes,Yes
9619-GSATL,One year,43,55.45,2444.25,Electronic check,Yes,No,No
5622-UEJFI,Two year,35,25.4,949.8,Credit card (automatic),No internet service,Yes,No
9747-DDZOS,Month-to-month,1,73.5,73.5,Bank transfer (automatic),No,No,Yes
0674-DGMAQ,Month-to-month,32,93.5,2970.8,Electronic check,No,Yes,No
6203-HBZPA,Two year,52,63.9,3334.95,Credit card (automatic),Yes,No,No
0484-FFVBJ,One year,32,64.85,2010.95,Bank transfer (automatic),No,Yes,No
0301-FIDRB,Two year,72,63.8,4684.3,Bank transfer (automatic),Yes,Yes,No
4139-JPIAM,Month-to-month,51,44.45,2181.55,Credit card (automatic),Yes,Yes,No
2181-TIDSV,Two year,68,19.95,1303.25,Bank transfer (automatic),No internet service,Yes,No
2761-XECQW,Month-to-month,8,43.35,371.4,Mailed check,No,Yes,No
1936-CZAKF,Two year,49,49.65,2409.9,Credit card (automatic),No,No,No
9453-PATOS,Two year,72,85.1,6155.4,Mailed check,Yes,No,No
0564-JJHGS,Month-to-month,9,95.5,829.1,Electronic check,No,Yes,Yes
3348-CFRNX,Month-to-month,28,92.35,2602.9,Mailed check,No,Yes,Yes
4402-FTBXC,Month-to-month,54,89.8,4667.0,Mailed check,No,No,No
1428-GTBJJ,Month-to-month,11,74.55,824.75,Electronic check,No,Yes,Yes
2931-XIQBR,One year,50,103.05,5153.5,Mailed check,Yes,No,No
0106-UGRDO,Two year,69,116.0,8182.85,Electronic check,Yes,Yes,No
5542-TBBWB,Month-to-month,1,69.9,69.9,Electronic check,No,Yes,No
1930-QPBVZ,Two year,68,95.1,6683.4,Bank transfer (automatic),Yes,No,No
2606-PKWJB,One year,40,40.25,1564.05,Mailed check,Yes,No,No
5322-ZSMZY,Two year,31,25.75,755.6,Mailed check,No internet service,No,No
8059-UDZFY,Month-to-month,33,105.35,3465.05,Bank transfer (automatic),No,Yes,No
7740-BTPUX,Two year,55,113.6,6292.7,Electronic check,Yes,Yes,No
5220-AGAAX,Two year,68,24.0,1664.3,Bank transfer (automatic),No internet service,Yes,No
0208-BPQEJ,Month-to-month,12,19.4,198.1,Bank transfer (automatic),No internet service,No,No
9435-JMLSX,Two year,71,86.1,6045.9,Bank transfer (automatic),Yes,Yes,No
3352-ALMCK,Month-to-month,40,102.65,4108.15,Mailed check,No,Yes,No
5312-IRCFR,One year,64,92.85,5980.75,Electronic check,No,Yes,No
5294-IMHHT,One year,53,97.75,5043.2,Bank transfer (automatic),Yes,No,No
8802-UNOJF,Month-to-month,12,83.8,1029.75,Mailed check,Yes,Yes,Yes
6313-GIDIT,Month-to-month,53,54.45,2854.55,Electronic check,No,Yes,Yes
6176-YJWAS,Two year,72,97.95,7114.25,Credit card (automatic),No,Yes,No
5310-NOOVA,Two year,46,19.95,907.05,Electronic check,No internet service,No,No
4526-EXKKN,Two year,40,24.6,973.95,Mailed check,No internet service,Yes,No
5311-IHLEI,Month-to-month,12,50.95,605.75,Bank transfer (automatic),Yes,Yes,No
3987-KQDDU,Month-to-month,9,75.6,661.55,Electronic check,No,No,No
3404-JNXAX,Month-to-month,51,80.75,4116.9,Electronic check,Yes,Yes,No
5131-PONJI,Month-to-month,49,90.4,4494.65,Credit card (automatic),No,Yes,No
2845-AFFTX,Month-to-month,41,99.8,4259.3,Electronic check,No,Yes,Yes
3489-VSFRD,One year,56,60.25,3282.75,Credit card (automatic),Yes,Yes,No
3345-JHUEO,Month-to-month,4,20.2,55.7,Electronic check,No internet service,Yes,No
5815-HGGHV,One year,20,64.15,1274.45,Mailed check,Yes,Yes,No
5260-UMPWX,Month-to-month,26,20.25,493.95,Credit card (automatic),No internet service,Yes,No
2249-YPRNG,Month-to-month,20,105.85,2239.65,Bank transfer (automatic),No,Yes,Yes
7410-YTJIK,Month-to-month,7,75.45,480.75,Mailed check,No,No,Yes
4626-GYCZP,Month-to-month,7,93.85,635.6,Electronic check,No,Yes,Yes
5649-RXQTV,Month-to-month,51,99.0,5038.15,Electronic check,No,Yes,No
2674-MIAHT,Month-to-month,4,80.3,324.2,Mailed check,No,Yes,No
2576-HXMPA,Month-to-month,1,19.55,19.55,Credit card (automatic),No internet service,No,No
7587-AOVVU,Month-to-month,27,100.75,2793.55,Electronic check,Yes,No,No
5590-BYNII,Month-to-month,22,100.75,2095.0,Electronic check,No,Yes,Yes
6898-MDLZW,Month-to-month,12,53.75,648.65,Mailed check,Yes,Yes,No
3237-AJGEH,Month-to-month,3,31.0,95.05,Mailed check,Yes,Yes,Yes
4707-YNOQA,One year,34,25.6,917.15,Credit card (automatic),No internet service,Yes,No
9357-UJRUN,One year,24,58.35,1346.9,Electronic check,Yes,Yes,No
1591-NFNLQ,Month-to-month,51,80.0,4242.35,Credit card (automatic),No,No,Yes
8648-PFRMP,Month-to-month,14,46.35,672.7,Electronic check,No,Yes,No
7663-CUXZB,Two year,59,113.75,6561.25,Electronic check,Yes,No,No
0258-NOKBL,Month-to-month,3,90.4,268.45,Electronic check,No,No,No
1163-VIPRI,Two year,65,109.3,7337.55,Electronic check,Yes,No,No
2815-CPTUL,Month-to-month,5,70.25,331.9,Mailed check,No,Yes,Yes
9348-ROUAI,Two year,59,90.3,5194.05,Credit card (automatic),Yes,No,No
9443-JUBUO,Two year,72,65.25,4478.85,Credit card (automatic),Yes,Yes,No
0596-BQCEQ,Month-to-month,62,100.15,6283.3,Electronic check,No,Yes,Yes
1481-ZUWZA,Month-to-month,28,94.5,2659.4,Credit card (automatic),No,Yes,Yes
3043-TYBNO,Month-to-month,3,60.65,196.9,Mailed check,Yes,No,No
4830-FAXFM,Month-to-month,19,24.1,439.2,Credit card (automatic),No internet service,Yes,No
5906-BFOZT,Month-to-month,1,19.5,19.5,Mailed check,No internet service,Yes,No
2960-NKRSO,Month-to-month,24,85.95,2107.15,Electronic check,Yes,Yes,No
8996-ZROXE,One year,57,53.5,3035.8,Electronic check,Yes,Yes,No
5598-IKHQQ,Two year,72,25.45,1866.45,Credit card (automatic),No internet service,No,No
0397-ZXWQF,Two year,67,20.5,1430.95,Bank transfer (automatic),No internet service,No,No
5266-PFRQK,One year,52,20.85,1071.6,Credit card (automatic),No internet service,Yes,No
4674-HGNUA,Two year,71,89.9,6457.15,Credit card (automatic),Yes,No,No
6765-MBQNU,One year,26,26.0,684.05,Mailed check,No internet service,No,No
9786-IJYDL,Two year,35,113.2,3914.05,Mailed check,Yes,Yes,No
1303-SRDOK,Two year,55,69.05,3842.6,Credit card (automatic),No,Yes,No
3769-MHZNV,Two year,33,20.1,670.35,Mailed check,No internet service,No,No
6295-OSINB,Two year,72,109.65,7880.25,Electronic check,No,Yes,No
3308-MHOOC,Month-to-month,1,19.2,19.2,Mailed check,No internet service,Yes,No
2309-OSFEU,Month-to-month,10,33.9,298.45,Mailed check,No,Yes,Yes
2207-QPJED,Month-to-month,37,90.0,3371.75,Electronic check,Yes,No,No
4177-JPDFU,Month-to-month,12,34.0,442.45,Mailed check,Yes,No,No
2239-CFOUJ,One year,1,20.4,20.4,Mailed check,No internet service,No,No
8046-DNVTL,Two year,62,38.6,2345.55,Credit card (automatic),Yes,Yes,No
2209-XADXF,Month-to-month,1,25.25,25.25,Bank transfer (automatic),No,No,No
6620-JDYNW,Month-to-month,18,60.6,1156.35,Mailed check,No,Yes,No
1891-FZYSA,Month-to-month,69,89.95,6143.15,Electronic check,No,Yes,Yes
4770-UEZOX,Month-to-month,2,74.75,144.8,Electronic check,No,Yes,No
1038-RQOST,Month-to-month,19,20.6,414.95,Mailed check,No internet service,No,No
7613-LLQFO,Month-to-month,12,84.45,1059.55,Electronic check,No,Yes,Yes
4568-TTZRT,Month-to-month,9,20.4,181.8,Mailed check,No internet service,No,No
9513-DXHDA,One year,27,81.7,2212.55,Electronic check,Yes,No,No
2640-PMGFL,Month-to-month,27,79.5,2180.55,Electronic check,Yes,Yes,Yes
3801-HMYNL,Month-to-month,1,89.15,89.15,Mailed check,No,No,Yes
0516-QREYC,Month-to-month,24,20.3,459.95,Mailed check,No internet service,Yes,No
9685-WKZGT,Month-to-month,14,74.95,1036.75,Electronic check,No,Yes,Yes
6022-UGGSO,Month-to-month,32,74.4,2276.95,Electronic check,No,Yes,Yes
8084-OIVBS,One year,11,20.0,211.95,Mailed check,No internet service,No,No
8896-BQTTI,Month-to-month,1,25.0,25.0,Mailed check,No internet service,Yes,No
3865-QBWSJ,Month-to-month,38,80.45,3162.65,Mailed check,No,Yes,No
3352-RICWQ,Two year,9,19.75,210.65,Mailed check,No internet service,No,No
2160-GPFXD,Two year,54,65.65,3566.7,Credit card (automatic),Yes,Yes,No
2065-MMKGR,One year,29,71.0,2080.1,Credit card (automatic),No,Yes,No
5857-TYBCJ,Month-to-month,44,89.2,4040.2,Electronic check,No,Yes,No
1498-NHTLT,Two year,59,86.75,5186.0,Electronic check,Yes,Yes,No
4484-CGXFK,Month-to-month,3,55.3,196.15,Electronic check,No,Yes,Yes
1402-PTHGN,One year,18,61.5,1087.45,Mailed check,Yes,Yes,No
4176-RELJR,Two year,67,25.1,1672.15,Credit card (automatic),No internet service,No,No
6214-EDAKZ,Month-to-month,22,55.15,1206.05,Electronic check,Yes,No,Yes
5199-FPUSP,One year,33,34.05,1113.95,Credit card (automatic),Yes,No,No
6377-KSLXC,Month-to-month,5,19.95,107.05,Mailed check,No internet service,No,No
1796-JANOW,Month-to-month,2,19.95,38.15,Mailed check,No internet service,No,No
0238-WHBIQ,Two year,72,89.7,6339.3,Credit card (automatic),Yes,No,No
8735-NBLWT,Month-to-month,9,20.4,184.1,Mailed check,No internet service,No,No
6651-RLGGM,Two year,67,26.3,1688.9,Mailed check,No internet service,No,No
6127-ISGTU,Month-to-month,16,84.95,1378.25,Electronic check,No,Yes,Yes
1614-JBEBI,Month-to-month,8,20.7,137.6,Mailed check,No internet service,Yes,No
8740-XLHDR,Month-to-month,5,43.25,219.0,Mailed check,Yes,Yes,Yes
1208-DNHLN,One year,23,48.35,1067.15,Credit card (automatic),No,Yes,Yes
1761-AEZZR,Month-to-month,1,79.55,79.55,Electronic check,No,Yes,Yes
3923-CSIHK,Month-to-month,50,71.05,3444.85,Electronic check,No,Yes,Yes
5696-EXCYS,Two year,17,19.45,369.05,Credit card (automatic),No internet service,No,No
5795-KTGUD,Two year,68,110.8,7553.6,Bank transfer (automatic),No,Yes,No
7120-RFMVS,Month-to-month,1,84.5,84.5,Electronic check,No,No,Yes
7924-GJZFI,Month-to-month,25,69.3,1813.1,Electronic check,No,Yes,No
4702-HDRKD,One year,67,49.35,3321.35,Bank transfer (automatic),Yes,Yes,No
8512-WIWYV,One year,32,20.35,707.5,Credit card (automatic),No internet service,No,No
5897-ZYEKH,One year,67,105.6,7112.15,Electronic check,No,Yes,No
5456-ITGIC,Two year,72,64.45,4641.1,Credit card (automatic),Yes,Yes,No
7317-GGVPB,Two year,71,108.6,7690.9,Credit card (automatic),Yes,Yes,Yes
1406-PUQVY,Month-to-month,1,49.9,49.9,Electronic check,No,Yes,No
1322-AGOQM,Month-to-month,46,30.3,1380.1,Bank transfer (automatic),No,No,Yes
3677-IYRBF,Month-to-month,2,30.4,78.65,Electronic check,No,Yes,Yes
5692-FPTAH,Month-to-month,1,45.4,45.4,Mailed check,No,Yes,Yes
9114-AAFQH,One year,48,65.65,3094.65,Electronic check,No,Yes,No
8715-KKTFG,One year,61,103.3,6518.35,Bank transfer (automatic),Yes,Yes,No
1550-LOAHA,Month-to-month,32,84.15,2585.95,Bank transfer (automatic),No,No,Yes
1728-BQDMA,Month-to-month,2,44.45,82.7,Electronic check,No,No,No
0268-QKIWO,Month-to-month,3,19.75,58.85,Electronic check,No internet service,No,Yes
0876-WDUUZ,Month-to-month,5,85.4,425.9,Credit card (automatic),Yes,Yes,Yes
5117-ZSMHQ,Two year,71,89.9,6342.7,Bank transfer (automatic),Yes,No,No
5151-HQRDG,Month-to-month,37,55.05,2030.75,Mailed check,No,Yes,No
0960-HUWBM,Two year,65,104.1,6700.05,Bank transfer (automatic),Yes,Yes,No
6465-GSRCL,One year,67,106.6,7244.7,Bank transfer (automatic),Yes,Yes,No
0617-FHSGK,Month-to-month,49,75.2,3678.3,Credit card (automatic),No,No,Yes
0263-FJTQO,Two year,50,70.5,3486.65,Credit card (automatic),Yes,Yes,No
7319-ZNRTR,One year,25,19.6,411.15,Electronic check,No internet service,No,No
2858-MOFSQ,One year,17,55.85,937.5,Mailed check,No,Yes,Yes
7503-EPSZW,Two year,64,24.05,1559.15,Mailed check,No internet service,Yes,No
7089-XXAYG,One year,25,38.1,970.4,Credit card (automatic),No,Yes,No
8118-LSUEL,Month-to-month,23,106.4,2483.5,Electronic check,No,Yes,Yes
8070-AAWZP,Month-to-month,24,34.25,828.2,Mailed check,Yes,No,No
1666-JXLKU,Month-to-month,37,100.05,3810.55,Electronic check,No,Yes,No
7855-DIWPO,Month-to-month,21,68.65,1493.2,Electronic check,No,Yes,No
5133-POWUA,Month-to-month,1,45.8,45.8,Mailed check,No,Yes,No
5652-MSDEY,Month-to-month,10,75.75,777.3,Mailed check,No,Yes,No
7005-CCBKV,Month-to-month,6,84.4,556.35,Electronic check,No,Yes,Yes
1810-BOHSY,One year,51,96.4,4911.05,Credit card (automatic),No,Yes,No
1784-BXEFA,Month-to-month,10,20.55,187.35,Mailed check,No internet service,Yes,No
7351-MHQVU,Month-to-month,6,50.95,307.6,Credit card (automatic),Yes,No,No
9224-VTYID,Two year,47,90.5,4318.35,Mailed check,Yes,Yes,No
9500-IWPXQ,One year,61,79.4,4820.55,Electronic check,Yes,Yes,No
5762-TJXGK,Two year,52,58.75,3038.55,Bank transfer (automatic),No,Yes,No
4504-YOULA,Month-to-month,35,59.45,2136.9,Credit card (automatic),No,Yes,No
5569-IDSEY,One year,71,105.7,7472.15,Bank transfer (automatic),No,Yes,No
4250-FDVOU,Month-to-month,6,56.25,389.1,Electronic check,No,No,Yes
7284-ZZLOH,Two year,45,53.3,2296.25,Credit card (automatic),No,No,No
5277-ZLOOR,Month-to-month,2,85.55,187.45,Electronic check,No,Yes,Yes
2141-RRYGO,Month-to-month,4,68.65,261.25,Bank transfer (automatic),No,Yes,Yes
1777-JYQPJ,Month-to-month,2,24.3,38.45,Mailed check,No,No,No
6376-GAHQE,Month-to-month,4,77.85,299.2,Electronic check,No,No,Yes
3401-URHDA,One year,51,59.9,3043.6,Credit card (automatic),Yes,No,No
1599-EAHXY,One year,60,23.95,1506.4,Credit card (automatic),No internet service,No,No
8631-XVRZL,One year,9,20.15,163.7,Mailed check,No internet service,Yes,No
5052-PNLOS,Month-to-month,3,105.35,323.25,Bank transfer (automatic),No,Yes,Yes
3853-LYGAM,Month-to-month,17,95.65,1640.0,Bank transfer (automatic),Yes,Yes,No
6979-ZNSFF,Month-to-month,8,87.05,762.1,Electronic check,No,Yes,Yes
5751-USDBL,Two year,46,81.0,3846.35,Mailed check,Yes,No,No
5680-LQOGP,Two year,68,82.45,5646.6,Credit card (automatic),Yes,Yes,No
2386-LAHRK,Month-to-month,1,53.5,53.5,Mailed check,No,Yes,Yes
8189-DUKMV,One year,4,20.5,79.05,Bank transfer (automatic),No internet service,No,No
6032-IGALN,Month-to-month,1,25.1,25.1,Mailed check,No,Yes,Yes
9931-DCEZH,One year,28,54.4,1516.6,Credit card (automatic),Yes,Yes,No
1898-JSNDC,One year,39,58.6,2224.5,Credit card (automatic),No,Yes,No
0315-LVCRK,Month-to-month,11,84.8,888.75,Electronic check,No,No,No
3911-RSNHI,Two year,71,61.4,4310.35,Credit card (automatic),Yes,Yes,No
2410-CIYFZ,Month-to-month,2,20.4,42.9,Mailed check,No internet service,No,No
4248-HCETZ,Month-to-month,30,79.65,2365.15,Mailed check,No,Yes,Yes
5505-OVWQW,One year,17,20.15,353.65,Mailed check,No internet service,No,No
7271-AJDTL,Month-to-month,55,94.45,5073.1,Credit card (automatic),No,Yes,No
1867-TJHTS,Month-to-month,58,79.8,4526.85,Bank transfer (automatic),No,Yes,No
0516-WJVXC,Month-to-month,5,54.2,308.25,Electronic check,Yes,No,Yes
9174-FKWZE,Month-to-month,1,19.45,19.45,Electronic check,No internet service,Yes,Yes
6860-YRJZP,Month-to-month,9,74.05,678.45,Electronic check,No,Yes,No
4429-WYGFR,Month-to-month,26,49.15,1237.3,Bank transfer (automatic),Yes,No,No
2817-LVCPP,Two year,50,19.4,1023.95,Credit card (automatic),No internet service,No,No
5038-ETMLM,Two year,72,113.65,8182.75,Bank transfer (automatic),Yes,Yes,No
5056-FIMPT,One year,43,106.0,4532.3,Credit card (automatic),Yes,Yes,No
4521-WFJAI,Two year,56,25.95,1444.05,Bank transfer (automatic),No internet service,Yes,No
6569-KTMDU,Month-to-month,1,19.1,19.1,Mailed check,No internet service,No,No
8809-RIHDD,Two year,72,103.4,7372.65,Electronic check,No,Yes,Yes
8809-XKHMD,Two year,72,100.55,7325.1,Bank transfer (automatic),Yes,Yes,No
0396-YCHWO,Month-to-month,36,95.4,3474.2,Electronic check,No,Yes,No
0867-LDTTC,Month-to-month,5,75.15,392.65,Bank transfer (automatic),Yes,No,No
4822-NGOCH,Month-to-month,13,84.45,1058.6,Electronic check,No,Yes,Yes
9391-DXGGG,One year,44,89.15,3990.75,Credit card (automatic),No,No,No
9844-FELAJ,One year,70,107.9,7475.85,Electronic check,Yes,Yes,No
2122-SZZZD,One year,44,19.5,835.5,Credit card (automatic),No internet service,No,No
5307-DZCVC,Month-to-month,32,85.95,2628.6,Credit card (automatic),No,Yes,Yes
3148-AOIQT,Two year,69,24.95,1718.35,Credit card (automatic),No internet service,Yes,No
8679-JOEVF,Month-to-month,16,59.4,1023.9,Electronic check,Yes,No,Yes
8395-ETZKQ,One year,68,19.5,1193.55,Bank transfer (automatic),No internet service,No,No
6692-YQHXC,Month-to-month,16,69.95,1205.5,Credit card (automatic),No,Yes,No
3889-VWBID,Two year,68,82.85,5776.45,Bank transfer (automatic),Yes,No,No
5222-JCXZT,Month-to-month,4,19.0,78.9,Mailed check,No internet service,No,No
9754-CLVZW,Month-to-month,26,38.85,1025.15,Credit card (automatic),Yes,No,No
1432-FPAXX,Month-to-month,29,30.6,856.35,Electronic check,No,Yes,Yes
2739-CCZMB,Month-to-month,5,20.35,122.0,Credit card (automatic),No internet service,No,No
7080-TNUWP,One year,70,95.0,6602.9,Bank transfer (automatic),No,Yes,No
0496-AHOOK,One year,24,74.4,1712.9,Bank transfer (automatic),Yes,No,No
8336-TAVKX,Two year,72,78.45,5682.25,Bank transfer (automatic),Yes,No,No
2468-SJFLM,Month-to-month,1,74.3,74.3,Mailed check,Yes,Yes,No
3181-VTHOE,One year,70,51.05,3635.15,Bank transfer (automatic),Yes,Yes,No
7168-HDQHG,Month-to-month,36,19.2,702.9,Bank transfer (automatic),No internet service,No,No
4803-AXVYP,Month-to-month,38,99.55,3734.25,Electronic check,Yes,Yes,Yes
3884-HCSWG,Month-to-month,17,70.0,1144.5,Electronic check,No,Yes,Yes
4567-AKPIA,One year,41,109.1,4454.25,Bank transfer (automatic),Yes,Yes,No
5077-DXTCG,Month-to-month,1,45.3,45.3,Electronic check,No,Yes,Yes
1142-WACZW,Month-to-month,2,29.85,75.6,Bank transfer (automatic),Yes,No,Yes
7901-HXJVA,Month-to-month,14,76.45,1117.55,Electronic check,No,No,No
5649-ANRML,Month-to-month,2,95.1,180.25,Credit card (automatic),Yes,Yes,Yes
4892-VLANZ,Month-to-month,1,19.8,19.8,Mailed check,No internet service,No,Yes
5924-IFQTT,Month-to-month,13,72.8,930.05,Electronic check,Yes,Yes,No
7968-QUXNS,Month-to-month,6,18.95,110.15,Mailed check,No internet service,No,No
2919-HBCJO,Month-to-month,4,76.65,333.6,Bank transfer (automatic),No,Yes,Yes
4236-XPXAV,Month-to-month,5,99.15,465.05,Mailed check,Yes,Yes,Yes
8903-WMRNW,Month-to-month,15,101.75,1669.4,Electronic check,No,No,No
2452-SNHFZ,Month-to-month,47,75.45,3545.1,Credit card (automatic),No,No,No
3629-WEAAM,Month-to-month,8,64.1,504.05,Mailed check,Yes,No,No
6029-CSMJE,Month-to-month,17,25.65,440.2,Mailed check,No,Yes,No
7993-NQLJE,Month-to-month,15,75.1,1151.55,Mailed check,No,No,No
9909-DFRJA,One year,26,95.85,2475.35,Bank transfer (automatic),Yes,Yes,No
9099-FTUHS,Month-to-month,23,54.4,1249.25,Electronic check,No,No,No
0581-BXBUB,Month-to-month,4,72.75,317.75,Electronic check,No,No,No
4962-CHQPW,One year,29,19.85,535.05,Mailed check,No internet service,No,No
9467-ROOLM,Month-to-month,25,19.05,461.3,Mailed check,No internet service,No,No
3030-YZADT,Month-to-month,9,44.95,431.0,Mailed check,No,No,Yes
7410-KTVFV,Month-to-month,18,49.55,878.35,Mailed check,No,Yes,Yes
5150-ITWWB,Month-to-month,3,94.85,335.75,Electronic check,No,Yes,No
2253-KPMNB,Two year,69,46.25,3121.4,Bank transfer (automatic),Yes,No,No
1345-ZUKID,One year,14,19.35,324.8,Mailed check,No internet service,No,No
6429-SHBCB,Month-to-month,19,69.6,1394.55,Mailed check,No,No,No
9281-OFDMF,Month-to-month,39,90.7,3413.25,Electronic check,No,No,No
2603-HVKCG,Month-to-month,31,101.4,3143.65,Electronic check,No,Yes,No
1834-WULEG,One year,24,20.25,439.75,Mailed check,No internet service,No,No
9097-ZUBYC,Month-to-month,14,48.8,664.4,Bank transfer (automatic),Yes,No,No
5148-ORICT,Two year,64,74.35,4759.55,Mailed check,Yes,Yes,No
4893-GYUJU,One year,50,19.35,1033.0,Mailed check,No internet service,Yes,No
4578-PHJYZ,One year,52,68.75,3482.85,Electronic check,Yes,Yes,No
7272-QDCKA,One year,28,100.2,2688.45,Electronic check,No,No,No
8908-SLFCJ,Two year,21,20.85,435.25,Credit card (automatic),No internet service,Yes,No
8393-DLHGA,Month-to-month,25,95.9,2448.75,Electronic check,No,Yes,Yes
9766-HGEDE,One year,17,19.35,307.0,Mailed check,No internet service,No,No
6968-MHOMU,One year,58,45.0,2689.35,Credit card (automatic),No,Yes,No
7395-IGJOS,Month-to-month,17,81.5,1329.2,Bank transfer (automatic),No,No,Yes
5044-XDPYX,Two year,51,25.5,1281.25,Mailed check,No internet service,No,No
1814-WFGVS,Two year,72,48.9,3527.0,Mailed check,Yes,No,No
2834-SPCJV,Month-to-month,52,84.1,4348.65,Electronic check,No,No,Yes
3721-WKIIL,Two year,27,19.6,561.15,Mailed check,No internet service,Yes,No
6734-CKRSM,Month-to-month,3,20.0,63.6,Mailed check,No internet service,No,No
1265-ZFOSD,Two year,64,81.3,5129.3,Mailed check,Yes,Yes,No
6568-POCUI,Two year,45,95.2,4285.8,Credit card (automatic),Yes,Yes,No
7890-VYYWG,Month-to-month,3,36.45,93.7,Mailed check,No,Yes,Yes
5197-LQXXH,Two year,71,83.3,5894.5,Credit card (automatic),Yes,Yes,No
9907-SWKKF,Month-to-month,1,25.05,25.05,Mailed check,No,No,Yes
3457-PQBYH,Two year,58,20.3,1160.75,Credit card (automatic),No internet service,No,No
7682-AZNDK,Month-to-month,34,89.85,3091.75,Electronic check,No,Yes,No
0587-DMGBH,Month-to-month,8,49.85,365.55,Electronic check,No,Yes,Yes
5384-ZTTWP,Month-to-month,15,19.8,272.95,Mailed check,No internet service,No,No
3745-HRPHI,Two year,66,54.65,3632.0,Bank transfer (automatic),Yes,No,No
7636-OWBPG,Month-to-month,12,29.35,381.2,Credit card (automatic),No,Yes,No
1231-YNDEK,Two year,58,19.15,1035.5,Bank transfer (automatic),No internet service,Yes,No
1407-DIGZV,Two year,3,19.1,52.0,Mailed check,No internet service,No,No
6397-JNZZG,Month-to-month,43,55.55,2342.2,Credit card (automatic),No,No,Yes
0570-BFQHT,Month-to-month,9,80.55,653.9,Electronic check,No,No,No
4393-OBCRR,One year,3,20.25,71.2,Mailed check,No internet service,No,No
3523-QRQLL,One year,22,69.5,1498.2,Bank transfer (automatic),No,Yes,Yes
8564-LDKFL,One year,40,106.0,4178.65,Bank transfer (automatic),No,Yes,No
3696-DFHHB,Two year,68,25.5,1821.8,Bank transfer (automatic),No internet service,No,No
0895-DQHEW,Month-to-month,54,104.3,5278.15,Electronic check,No,Yes,Yes
4717-GHADL,Two year,50,79.6,4024.2,Mailed check,Yes,Yes,No
5501-TVMGM,Month-to-month,1,55.25,55.25,Electronic check,No,Yes,No
5879-HMFFH,Two year,72,88.05,6520.8,Bank transfer (automatic),Yes,No,No
6772-WFQRD,One year,40,20.4,854.9,Bank transfer (automatic),No internet service,Yes,No
3810-DVDQQ,Two year,72,117.6,8308.9,Bank transfer (automatic),Yes,Yes,No
6972-SNKKW,Month-to-month,6,20.0,109.2,Mailed check,No internet service,No,No
3694-GLTJM,Month-to-month,5,19.65,92.05,Credit card (automatic),No internet service,Yes,No
8550-XSXUQ,One year,48,70.55,3420.5,Credit card (automatic),No,Yes,No
8149-RSOUN,Month-to-month,1,93.85,93.85,Electronic check,No,Yes,Yes
9055-MOJJJ,One year,64,65.8,4068.0,Mailed check,Yes,No,No
4359-INNWN,One year,17,20.05,337.9,Credit card (automatic),No internet service,No,No
0585-EGDDA,Month-to-month,40,80.0,3168.75,Electronic check,No,Yes,No
4032-RMHCI,One year,41,35.4,1412.4,Credit card (automatic),No,No,No
0549-CYCQN,One year,51,79.6,3974.7,Bank transfer (automatic),No,Yes,No
3481-JHUZH,Month-to-month,41,80.25,3439.0,Electronic check,No,Yes,No
7250-EQKIY,Month-to-month,1,50.45,50.45,Mailed check,No,No,Yes
3594-IVHJZ,Month-to-month,2,20.45,42.45,Mailed check,No internet service,Yes,No
6869-FGJJC,One year,68,79.6,5461.45,Credit card (automatic),No,No,No
3896-ZVNET,Two year,24,24.7,571.75,Mailed check,No internet service,No,No
8205-VSLRB,Two year,70,77.3,5498.2,Credit card (automatic),Yes,No,No
5960-MVTUK,Month-to-month,3,29.75,96.85,Electronic check,Yes,Yes,No
6817-WTYHE,Month-to-month,2,44.9,111.05,Bank transfer (automatic),No,No,No
3082-VQXNH,Month-to-month,3,29.8,94.4,Credit card (automatic),No,No,No
4013-UBXWQ,Month-to-month,7,74.65,521.1,Electronic check,Yes,Yes,Yes
4931-TRZWN,Month-to-month,13,71.95,923.85,Electronic check,No,Yes,No
0750-EKNGL,Month-to-month,7,20.75,141.1,Mailed check,No internet service,No,No
7669-LCRSD,Month-to-month,12,56.3,628.65,Mailed check,No,Yes,No
3567-PQTSO,One year,53,105.25,5576.3,Electronic check,No,Yes,No
5519-NPHVG,Month-to-month,12,94.2,1046.1,Electronic check,No,Yes,Yes
8043-PNYSD,Two year,63,19.55,1245.6,Mailed check,No internet service,No,No
9938-EKRGF,Month-to-month,15,84.45,1287.85,Mailed check,Yes,No,No
2703-AMTUL,One year,36,53.65,1939.35,Mailed check,No,No,No
0928-JMXNP,Month-to-month,4,29.9,118.25,Electronic check,No,Yes,No
8173-RXAYP,Two year,24,19.7,452.55,Mailed check,No internet service,No,No
4825-XJGDM,One year,61,43.7,2696.55,Credit card (automatic),Yes,No,No
5402-HTOTQ,Month-to-month,16,55.3,875.35,Electronic check,No,No,No
6734-JDTTV,Two year,65,19.85,1267.05,Credit card (automatic),No internet service,Yes,No
7850-THJMU,Two year,26,19.65,494.9,Credit card (automatic),No internet service,No,No
3890-RTCMS,Month-to-month,16,49.45,799.0,Mailed check,Yes,Yes,No
8849-GYOKR,One year,54,106.55,5763.3,Bank transfer (automatic),No,No,Yes
3148-BLQJT,Month-to-month,1,20.1,20.1,Mailed check,No internet service,No,Yes
3717-FDJFU,Two year,5,20.45,106.9,Mailed check,No internet service,No,No
3665-JATSN,Month-to-month,19,39.7,710.05,Electronic check,No,Yes,No
7966-YOTQW,Month-to-month,10,54.5,568.2,Credit card (automatic),No,Yes,No
0461-CVKMU,Month-to-month,23,83.8,1900.25,Electronic check,Yes,No,Yes
8806-EAGWC,Month-to-month,3,55.15,159.15,Mailed check,No,No,Yes
8853-TZDGH,Two year,72,111.6,8012.75,Bank transfer (automatic),Yes,Yes,No
7779-LGOVN,Month-to-month,10,86.65,856.65,Electronic check,No,Yes,Yes
4324-BZCKL,Month-to-month,10,55.55,551.3,Mailed check,No,Yes,No
6924-TDGMT,One year,11,20.55,184.95,Mailed check,No internet service,Yes,No
9710-ZUSHQ,Month-to-month,37,106.75,4056.75,Bank transfer (automatic),No,Yes,Yes
1536-YHDOE,One year,17,62.1,1096.65,Mailed check,Yes,Yes,No
8123-QBNAZ,Month-to-month,36,104.5,3684.95,Credit card (automatic),No,Yes,No
3629-ZNKXA,Month-to-month,17,101.8,1752.45,Electronic check,No,Yes,No
4827-LTQRJ,One year,66,110.6,7210.85,Credit card (automatic),Yes,Yes,No
7711-YIJWC,One year,61,84.9,5264.5,Bank transfer (automatic),Yes,No,No
5482-VXSXJ,Month-to-month,22,93.2,2157.3,Mailed check,No,Yes,No
7365-BVCJH,Month-to-month,1,24.4,24.4,Electronic check,No,Yes,No
9620-ENEJV,Month-to-month,6,70.55,433.95,Credit card (automatic),No,No,No
4183-WCSEP,Month-to-month,31,78.45,2435.15,Electronic check,Yes,Yes,Yes
2378-YIZKA,Two year,68,85.0,5607.75,Credit card (automatic),Yes,Yes,No
5498-TXHLF,Month-to-month,34,87.45,2874.15,Electronic check,No,No,Yes
0689-DSXGL,Month-to-month,52,85.8,4433.3,Bank transfer (automatic),Yes,No,No
6818-DJXAA,Month-to-month,10,91.1,964.35,Electronic check,Yes,Yes,No
9722-UJOJR,Month-to-month,29,70.75,1974.8,Electronic check,No,Yes,Yes
0464-WJTKO,Two year,72,20.1,1460.85,Bank transfer (automatic),No internet service,No,No
8902-ZEOVF,One year,47,20.05,951.55,Mailed check,No internet service,No,No
6778-EICRF,One year,24,74.8,1821.2,Mailed check,No,No,No
2662-NNTDK,One year,65,24.8,1600.95,Credit card (automatic),No internet service,No,No
4132-KALRO,Month-to-month,4,100.85,399.25,Mailed check,Yes,Yes,No
3902-FOIGH,Month-to-month,12,101.35,1218.55,Electronic check,No,Yes,Yes
6772-KSATR,Month-to-month,1,81.7,81.7,Electronic check,No,Yes,Yes
7112-OPOTK,Month-to-month,33,68.25,2171.15,Electronic check,No,No,Yes
2874-YXVVA,Month-to-month,34,105.1,3634.8,Electronic check,Yes,Yes,No
1245-HARPS,Two year,14,20.4,292.4,Mailed check,No internet service,No,No
4210-QFJMF,Month-to-month,4,79.15,317.25,Electronic check,No,Yes,Yes
4323-ELYYB,One year,13,20.0,218.55,Mailed check,No internet service,No,No
4293-ETKAP,Two year,65,79.4,5071.9,Bank transfer (automatic),Yes,Yes,No
6064-PUPMC,One year,23,57.2,1423.35,Credit card (automatic),Yes,No,No
6504-VBLFL,Two year,55,58.6,3068.6,Electronic check,No,No,No
6322-PJJDJ,Two year,49,94.8,4690.65,Electronic check,No,Yes,No
0330-BGYZE,One year,60,102.5,6157.6,Bank transfer (automatic),No,No,No
1085-LDWAM,One year,69,20.35,1442.65,Credit card (automatic),No internet service,Yes,No
7586-ZATGZ,Month-to-month,40,84.9,3369.05,Electronic check,No,Yes,No
7197-VOJMM,Two year,67,69.2,4671.65,Credit card (automatic),Yes,Yes,No
3318-OSATS,Month-to-month,35,95.45,3474.05,Electronic check,No,Yes,Yes
5828-AVIPD,One year,19,100.95,1875.55,Electronic check,Yes,Yes,Yes
1843-TLSGD,Two year,13,20.85,272.35,Mailed check,No internet service,No,No
9626-VFRGG,Month-to-month,41,88.5,3645.05,Bank transfer (automatic),No,Yes,No
7075-BNDVQ,Month-to-month,4,35.0,135.75,Mailed check,No,No,No
9143-CANJF,Month-to-month,24,55.15,1319.85,Electronic check,Yes,No,No
7284-BUYEC,Month-to-month,5,50.95,229.4,Credit card (automatic),No,Yes,No
2041-JIJCI,Month-to-month,5,64.0,370.25,Electronic check,No,Yes,No
1086-LXKFY,Month-to-month,1,69.1,69.1,Mailed check,No,Yes,Yes
4900-MSOMT,Two year,72,80.2,5714.2,Bank transfer (automatic),Yes,No,No
2229-VWQJH,Month-to-month,24,49.3,1233.25,Credit card (automatic),No,Yes,No
9194-GFVOI,Two year,42,84.35,3571.6,Credit card (automatic),Yes,No,No
1336-EZFZY,Month-to-month,4,20.05,83.3,Mailed check,No internet service,No,No
4282-MSACW,One year,68,117.2,8035.95,Credit card (automatic),Yes,Yes,No
1403-LKLIK,One year,33,20.1,579.4,Mailed check,No internet service,No,No
2636-ALXXZ,Month-to-month,1,69.6,69.6,Electronic check,No,Yes,Yes
7774-OJSXI,One year,31,103.45,3066.45,Electronic check,No,Yes,Yes
7786-WBJYI,Month-to-month,4,77.95,305.55,Bank transfer (automatic),No,No,Yes
0136-IFMYD,Two year,69,109.95,7634.25,Electronic check,Yes,Yes,No
5144-TVGLP,Month-to-month,38,94.75,3653.0,Electronic check,No,No,No
9643-AVVWI,Month-to-month,3,80.0,241.3,Electronic check,Yes,Yes,No
0253-ZTEOB,Two year,48,79.65,3870.3,Electronic check,Yes,No,No
2706-QZIHY,Two year,15,25.2,387.9,Mailed check,No internet service,No,No
6061-PQHMK,One year,25,19.9,527.5,Credit card (automatic),No internet service,No,No
9885-CSMWE,Month-to-month,1,78.45,78.45,Electronic check,No,No,Yes
6137-MFAJN,Month-to-month,48,44.8,2104.55,Electronic check,No,Yes,No
9122-UMROB,Month-to-month,1,20.3,20.3,Mailed check,No internet service,No,No
4232-JGKIY,Month-to-month,1,19.2,19.2,Electronic check,No internet service,No,No
2402-TAIRZ,One year,37,80.05,3019.1,Electronic check,No,No,No
9659-ZTWSM,One year,66,107.35,7051.95,Bank transfer (automatic),Yes,Yes,No
9139-TWBAS,One year,26,47.85,1190.5,Bank transfer (automatic),No,No,No
6685-GBWJZ,One year,63,70.8,4448.8,Credit card (automatic),Yes,No,No
5016-ETTFF,Month-to-month,10,29.5,255.25,Mailed check,No,No,Yes
3866-MDTUB,Month-to-month,2,70.75,146.9,Electronic check,No,Yes,Yes
2195-VVRJF,Month-to-month,18,59.1,1011.05,Credit card (automatic),No,Yes,No
3913-RDSJZ,Two year,64,25.55,1714.95,Mailed check,No internet service,No,No
8058-JMEQO,Month-to-month,9,84.45,762.5,Electronic check,No,Yes,Yes
4203-QGNZA,Month-to-month,28,20.25,535.35,Mailed check,No internet service,No,No
5043-TRZWM,Month-to-month,1,75.55,75.55,Electronic check,No,No,No
0697-ZMSWS,Month-to-month,4,85.65,338.9,Electronic check,No,Yes,Yes
7657-DYEPJ,One year,38,70.15,2497.35,Credit card (automatic),Yes,Yes,Yes
9494-BDNNC,One year,66,95.3,6273.4,Electronic check,No,No,No
1640-PLFMP,Month-to-month,1,70.25,70.25,Electronic check,No,Yes,No
5366-OBVMR,Month-to-month,18,50.3,908.75,Mailed check,Yes,Yes,No
8276-MQBYC,Month-to-month,51,97.8,4913.3,Electronic check,No,Yes,Yes
7644-OMVMY,Two year,0,19.85,0.0,Mailed check,No internet service,No,No
7593-XFKDI,Month-to-month,1,46.3,46.3,Mailed check,No,No,Yes
4573-JKNAE,Two year,12,19.35,212.3,Bank transfer (automatic),No internet service,No,No
0337-CNPZE,Month-to-month,41,106.3,4443.45,Electronic check,No,Yes,Yes
9817-APLHW,Month-to-month,12,25.0,316.2,Electronic check,No internet service,No,No
8380-MQINP,Two year,55,20.3,1079.05,Mailed check,No internet service,No,No
0840-DFEZH,Month-to-month,7,75.35,564.65,Electronic check,No,Yes,No
1513-XNPPH,Month-to-month,12,89.4,1095.65,Electronic check,Yes,Yes,Yes
8690-ZVLCL,Two year,68,88.0,6161.9,Credit card (automatic),Yes,No,No
6015-VVHHE,Month-to-month,5,83.15,446.05,Credit card (automatic),No,Yes,Yes
1125-SNVCK,Month-to-month,49,43.8,2106.05,Mailed check,No,No,No
0384-LPITE,One year,40,62.05,2511.55,Credit card (automatic),No,No,No
4616-EWBNJ,One year,16,20.1,318.6,Bank transfer (automatic),No internet service,No,No
6347-DCUIK,Month-to-month,10,74.15,811.8,Mailed check,No,Yes,Yes
1335-HQMKX,One year,72,101.35,7323.15,Electronic check,No,Yes,No
2545-EBUPK,Month-to-month,2,84.05,186.05,Electronic check,No,Yes,No
6923-AQONU,Two year,23,20.9,454.0,Mailed check,No internet service,No,No
2172-EJXVF,One year,71,105.9,7521.95,Electronic check,No,Yes,No
0897-FEGMU,Month-to-month,11,99.5,1056.95,Electronic check,No,Yes,Yes
7663-RGWBC,Month-to-month,1,44.15,44.15,Mailed check,No,Yes,Yes
1120-BMWUB,Month-to-month,16,53.9,834.15,Mailed check,Yes,Yes,Yes
9124-LHCJQ,Month-to-month,1,85.45,85.45,Mailed check,No,Yes,Yes
4536-PLEQY,Month-to-month,12,85.05,999.8,Credit card (automatic),No,Yes,No
7029-IJEJK,One year,54,44.1,2369.7,Bank transfer (automatic),Yes,No,No
8871-JLMHM,Two year,68,90.2,6297.65,Credit card (automatic),Yes,No,No
2235-ZGKPT,Month-to-month,4,50.85,239.55,Mailed check,No,No,Yes
3891-PUQOD,Month-to-month,1,59.2,59.2,Electronic check,No,No,Yes
5447-VYTKW,Month-to-month,27,53.45,1461.45,Mailed check,Yes,No,No
3623-FQBOX,Month-to-month,21,19.95,416.4,Mailed check,No internet service,Yes,No
0689-NKYLF,Month-to-month,13,83.2,1060.6,Electronic check,No,Yes,Yes
8659-HDIYE,Month-to-month,64,74.65,4869.35,Credit card (automatic),Yes,No,No
3658-KIBGF,Month-to-month,1,54.9,54.9,Electronic check,No,Yes,Yes
3474-BAFSJ,Two year,57,57.5,3265.95,Bank transfer (automatic),Yes,Yes,No
5519-YLDGW,Month-to-month,21,103.9,2254.2,Electronic check,No,Yes,Yes
3865-ZFZIB,Two year,19,19.65,358.15,Mailed check,No internet service,No,No
1855-AGAWH,One year,31,93.8,2939.8,Electronic check,No,Yes,No
7109-CQYUZ,Two year,52,89.25,4652.4,Mailed check,Yes,Yes,No
1370-GGAWX,One year,46,94.15,4408.45,Electronic check,No,Yes,No
4680-KUTAJ,Month-to-month,11,55.6,580.8,Electronic check,No,Yes,No
5307-UVGNB,Month-to-month,53,48.7,2495.2,Bank transfer (automatic),No,Yes,No
4946-EDSEW,Month-to-month,11,19.25,180.3,Mailed check,No internet service,Yes,Yes
2883-ILGWO,Month-to-month,57,104.9,5913.95,Bank transfer (automatic),Yes,Yes,No
2516-VQRRV,Month-to-month,2,75.45,158.4,Mailed check,No,Yes,Yes
7580-UGXNC,Month-to-month,2,54.85,104.2,Mailed check,No,No,Yes
3642-BYHDO,Two year,71,19.9,1389.35,Bank transfer (automatic),No internet service,No,No
9629-NHXFW,Month-to-month,1,19.4,19.4,Mailed check,No internet service,Yes,No
2696-RZVZW,Two year,68,25.05,1629.2,Credit card (automatic),No internet service,No,No
5766-FTRTS,Two year,72,84.45,6033.1,Mailed check,Yes,No,No
0396-HUJBP,Month-to-month,2,19.3,44.4,Mailed check,No internet service,No,No
5178-LMXOP,Month-to-month,1,95.1,95.1,Electronic check,No,Yes,Yes
8879-ZKJOF,One year,41,79.85,3320.75,Bank transfer (automatic),Yes,Yes,No
6285-FTQBF,Two year,72,25.55,1867.7,Credit card (automatic),No internet service,No,No
8185-UPYBR,Month-to-month,6,75.5,438.0,Electronic check,No,Yes,Yes
4585-HETAI,Month-to-month,4,73.75,325.45,Electronic check,No,Yes,Yes
7526-BEZQB,Month-to-month,12,96.05,1148.1,Electronic check,No,Yes,Yes
1474-JUWSM,One year,58,68.4,3972.25,Electronic check,Yes,Yes,No
3530-CRZSB,Month-to-month,7,20.65,155.9,Mailed check,No internet service,No,No
8498-XXGWA,Month-to-month,65,55.15,3673.15,Mailed check,No,Yes,No
9617-INGJY,Month-to-month,1,70.6,70.6,Mailed check,No,Yes,No
0621-TSSMU,One year,56,19.95,1126.75,Credit card (automatic),No internet service,No,No
7234-KMNRQ,Month-to-month,4,19.0,73.45,Mailed check,No internet service,No,No
7636-PEPNS,One year,58,44.1,2413.05,Mailed check,No,Yes,No
4683-WYDOU,Two year,62,107.6,6912.7,Bank transfer (automatic),Yes,Yes,No
9052-DHNKM,One year,26,61.55,1581.95,Electronic check,No,No,No
6794-HKIAJ,Month-to-month,62,90.7,5586.45,Bank transfer (automatic),No,No,No
5578-NKCXI,One year,58,99.25,5846.65,Credit card (automatic),No,No,No
1642-HMARX,Two year,68,91.7,6424.7,Electronic check,Yes,Yes,No
3096-WPXBT,One year,61,100.7,6018.65,Credit card (automatic),No,Yes,No
8434-PNQZX,Two year,42,78.45,3373.4,Credit card (automatic),Yes,Yes,No
5950-AAAGJ,Month-to-month,18,84.3,1537.9,Bank transfer (automatic),No,No,No
4299-OPXEJ,Two year,56,19.55,1080.55,Bank transfer (automatic),No internet service,Yes,No
4951-UKAAQ,Month-to-month,4,88.95,355.2,Electronic check,No,Yes,Yes
9618-LFJRU,Month-to-month,4,20.45,82.85,Credit card (automatic),No internet service,No,No
6693-DJWTY,One year,35,55.6,2016.45,Credit card (automatic),No,No,No
0744-GKNGE,Month-to-month,64,86.8,5327.25,Bank transfer (automatic),Yes,Yes,No
6447-EGDIV,One year,31,20.95,683.25,Mailed check,No internet service,No,No
1167-OYZJF,Two year,67,20.05,1263.05,Bank transfer (automatic),No internet service,Yes,No
2108-YKQTY,Month-to-month,4,50.7,151.3,Credit card (automatic),No,No,Yes
4806-DXQCE,Two year,70,113.65,7714.65,Electronic check,Yes,Yes,No
4918-QLLIW,Month-to-month,3,53.4,188.7,Credit card (automatic),No,No,Yes
7056-IMHCC,Month-to-month,53,101.9,5549.4,Electronic check,No,Yes,Yes
4854-SSLTN,Two year,2,59.5,130.5,Mailed check,Yes,No,No
5294-DMSFH,Month-to-month,29,87.8,2621.75,Credit card (automatic),No,Yes,No
4837-PZTIC,Two year,47,41.9,1875.25,Mailed check,Yes,No,No
1625-JAIIY,One year,68,83.0,5685.8,Electronic check,No,Yes,Yes
0603-OLQDC,Month-to-month,12,69.85,837.5,Mailed check,No,Yes,No
3272-VUHPV,Month-to-month,8,56.3,401.5,Bank transfer (automatic),Yes,No,No
4176-FXYBO,Month-to-month,54,109.55,6118.95,Electronic check,No,No,No
1063-DHQJF,Two year,69,92.15,6480.9,Mailed check,Yes,Yes,No
8663-UPDGF,Month-to-month,26,69.5,1800.05,Bank transfer (automatic),No,Yes,No
6719-FGEDO,Two year,72,97.0,7104.2,Bank transfer (automatic),Yes,Yes,No
1837-YQUCE,Two year,70,58.35,4214.25,Bank transfer (automatic),Yes,Yes,No
2947-DOMLJ,Month-to-month,1,50.6,50.6,Mailed check,No,No,Yes
4112-LUEIZ,Month-to-month,10,89.5,863.1,Electronic check,No,Yes,Yes
0369-ZGOVK,One year,28,70.4,1992.2,Bank transfer (automatic),No,Yes,No
4510-HIMLV,Month-to-month,1,69.8,69.8,Electronic check,No,Yes,Yes
9919-KNPOO,Month-to-month,21,94.3,1948.35,Electronic check,No,Yes,No
8749-JMNKX,Month-to-month,51,93.8,4750.95,Bank transfer (automatic),No,Yes,Yes
7872-BAAZR,One year,53,19.55,1007.9,Bank transfer (automatic),No internet service,No,No
9391-LMANN,One year,53,95.95,5036.9,Electronic check,No,No,No
2430-USGXP,Month-to-month,24,101.05,2391.8,Electronic check,No,Yes,Yes
8174-TBVCF,Two year,70,94.8,6859.05,Credit card (automatic),Yes,Yes,No
1698-XFZCI,One year,61,107.75,6521.9,Electronic check,No,Yes,No
1877-HKBQX,One year,11,54.6,617.85,Mailed check,Yes,Yes,No
4450-DLLMH,Month-to-month,2,71.3,157.75,Credit card (automatic),No,Yes,No
0428-AXXLJ,One year,25,19.5,516.3,Bank transfer (automatic),No internet service,Yes,No
2746-DIJLO,One year,41,56.3,2364.0,Credit card (automatic),No,Yes,No
5955-ERIHD,Month-to-month,18,94.7,1687.95,Electronic check,No,Yes,Yes
0917-EZOLA,Two year,72,104.15,7689.95,Bank transfer (automatic),No,Yes,Yes
3508-VLHCZ,Two year,71,90.55,6239.05,Credit card (automatic),Yes,Yes,No
4086-ATNFV,One year,34,60.8,2042.05,Mailed check,No,Yes,No
0468-YRPXN,Month-to-month,29,98.8,2807.1,Credit card (automatic),Yes,Yes,No
5996-NRVXR,One year,40,98.15,4116.8,Credit card (automatic),Yes,Yes,No
3739-YBWAB,One year,36,35.35,1317.95,Mailed check,No,No,No
7047-FWEYA,One year,46,103.15,4594.65,Electronic check,Yes,Yes,No
2000-MPKCA,One year,58,107.75,6332.75,Electronic check,No,Yes,No
9762-YAQAA,One year,39,81.4,3213.75,Credit card (automatic),No,No,No
5949-EBSQK,Month-to-month,4,61.45,229.55,Credit card (automatic),Yes,No,Yes
5473-KHBPS,One year,52,95.7,4976.15,Credit card (automatic),No,Yes,No
0100-DUVFC,One year,70,104.8,7308.95,Electronic check,No,Yes,No
5397-TUPSH,One year,65,70.95,4555.2,Bank transfer (automatic),No,Yes,No
8950-MTZNV,Month-to-month,1,44.95,44.95,Mailed check,No,Yes,No
0326-VDYXE,One year,70,97.65,6982.5,Electronic check,No,Yes,No
6773-LQTVT,Month-to-month,29,35.65,1025.15,Mailed check,No,Yes,No
7274-RTAPZ,Month-to-month,1,90.55,90.55,Electronic check,No,Yes,Yes
0436-TWFFZ,Two year,67,85.25,5714.2,Mailed check,Yes,Yes,No
8566-YPRGL,Month-to-month,1,19.5,19.5,Mailed check,No internet service,Yes,No
0311-UNPFF,Month-to-month,26,88.8,2274.35,Bank transfer (automatic),No,Yes,Yes
6609-MXJHJ,Two year,30,25.1,789.55,Mailed check,No internet service,Yes,No
2669-OIDSD,Month-to-month,48,100.05,4834.0,Credit card (automatic),Yes,Yes,No
8400-WZICQ,Month-to-month,55,55.7,3131.8,Electronic check,No,No,No
3834-XUIFC,Month-to-month,7,85.2,602.55,Mailed check,No,Yes,Yes
9576-SYUHJ,Month-to-month,37,91.15,3369.25,Electronic check,No,Yes,No
0410-IPFTY,Month-to-month,31,83.85,2674.15,Bank transfer (automatic),No,Yes,No
2831-EBWRN,Month-to-month,4,45.9,199.75,Electronic check,No,Yes,No
9430-NKQLY,Two year,72,25.1,1790.8,Credit card (automatic),No internet service,Yes,No
8414-MYSHR,Month-to-month,5,91.4,449.75,Electronic check,No,Yes,Yes
0247-SLUJI,Month-to-month,1,19.7,19.7,Mailed check,No internet service,No,No
9402-ORRAH,Month-to-month,15,91.5,1400.3,Electronic check,No,Yes,No
6483-OATDN,Month-to-month,8,51.3,411.6,Credit card (automatic),No,Yes,No
1293-HHSHJ,One year,35,21.1,741.0,Mailed check,No internet service,No,No
4840-ORQXB,Month-to-month,56,104.75,5841.35,Electronic check,No,No,No
7599-FKVXZ,Month-to-month,42,106.15,4512.7,Bank transfer (automatic),Yes,Yes,Yes
3982-DQLUS,Month-to-month,65,85.75,5688.45,Electronic check,No,Yes,No
8610-ZIKJJ,One year,2,20.3,31.9,Mailed check,No internet service,No,No
3756-VNWDH,One year,65,100.75,6674.65,Electronic check,No,Yes,No
7801-KICAO,Month-to-month,18,74.15,1345.75,Electronic check,No,Yes,No
7673-LPRNY,One year,23,78.55,1843.05,Electronic check,No,Yes,No
8229-TNIQA,Month-to-month,4,45.3,196.95,Mailed check,No,Yes,Yes
6060-QBMGV,Two year,70,19.85,1433.8,Credit card (automatic),No internet service,No,No
7339-POGZN,Month-to-month,4,50.7,214.55,Electronic check,No,No,No
2828-SLQPF,Month-to-month,19,45.0,865.85,Bank transfer (automatic),No,Yes,No
4465-VDKIQ,Month-to-month,18,77.8,1358.6,Electronic check,No,No,No
2921-XWDJH,Month-to-month,38,83.45,3147.15,Electronic check,No,Yes,No
6221-AVQYL,Month-to-month,2,73.25,131.05,Credit card (automatic),No,Yes,Yes
2558-BUOZZ,One year,47,94.8,4535.85,Bank transfer (automatic),No,No,No
9257-AZMTZ,Two year,52,20.1,1078.75,Bank transfer (automatic),No internet service,No,No
0003-MKNFE,Month-to-month,9,59.9,542.4,Mailed check,No,No,No
0975-UYDTX,One year,26,90.1,2312.55,Credit card (automatic),Yes,Yes,No
7743-EXURX,Month-to-month,8,51.05,415.05,Electronic check,No,Yes,Yes
4682-BLBUC,One year,44,70.95,3250.45,Electronic check,Yes,Yes,No
0975-VOOVL,Month-to-month,3,29.2,98.5,Mailed check,No,No,No
5968-VXZLG,Month-to-month,2,46.6,87.9,Bank transfer (automatic),No,Yes,No
5569-KGJHX,Month-to-month,9,85.35,754.65,Bank transfer (automatic),No,Yes,Yes
4988-IQIGL,Month-to-month,1,75.35,75.35,Electronic check,No,Yes,Yes
5201-FRKKS,Month-to-month,25,74.3,1952.25,Bank transfer (automatic),No,No,No
9799-CAYJJ,Month-to-month,2,69.3,153.8,Electronic check,No,Yes,No
7730-IUTDZ,Month-to-month,43,75.2,3198.6,Electronic check,No,Yes,Yes
0426-TIRNE,Month-to-month,1,20.9,20.9,Mailed check,No internet service,No,Yes
5443-SCMKX,One year,58,94.3,5610.15,Electronic check,No,Yes,No
8295-KMENE,Two year,59,76.45,4519.5,Mailed check,Yes,Yes,No
6738-ISCBM,One year,44,54.0,2440.25,Electronic check,No,Yes,No
9821-BESNZ,One year,66,104.25,6860.6,Electronic check,Yes,Yes,No
3678-MNGZX,Two year,68,19.95,1377.7,Bank transfer (automatic),No internet service,No,No
1335-NTIUC,Month-to-month,9,24.95,190.25,Electronic check,No,Yes,No
2916-BQZLN,Month-to-month,19,84.75,1651.95,Electronic check,No,Yes,No
4558-CGYCZ,Month-to-month,4,19.75,78.3,Mailed check,No internet service,No,No
2368-GAKKQ,Two year,70,113.65,7939.25,Bank transfer (automatic),Yes,Yes,No
8710-YGLWG,Month-to-month,1,44.9,44.9,Mailed check,No,Yes,No
3199-XGZCY,Month-to-month,8,75.25,576.7,Electronic check,No,Yes,No
3785-KTYSH,Two year,53,24.6,1279.0,Mailed check,No internet service,No,No
6814-ZPWFQ,One year,51,25.0,1260.7,Bank transfer (automatic),No internet service,No,No
4063-EIKNQ,Month-to-month,11,20.95,267.35,Bank transfer (automatic),No internet service,No,No
6993-YCOBK,Two year,60,110.6,6586.85,Electronic check,Yes,Yes,No
5206-HPJKM,Month-to-month,17,55.5,934.15,Credit card (automatic),No,Yes,No
7587-RZNME,Month-to-month,3,43.3,123.65,Electronic check,No,Yes,Yes
0748-RDGGM,One year,70,109.5,7534.65,Bank transfer (automatic),Yes,Yes,Yes
8393-JMVMB,Month-to-month,1,19.45,19.45,Mailed check,No internet service,No,No
5019-GQVCR,Month-to-month,43,84.85,3645.6,Electronic check,No,Yes,No
6036-TTFYU,Month-to-month,16,19.6,314.45,Mailed check,No internet service,No,No
2550-AEVRU,One year,57,53.45,3053.0,Electronic check,No,No,No
0969-RGKCU,One year,37,19.8,677.05,Credit card (automatic),No internet service,No,No
0378-CJKPV,Two year,72,112.1,7965.95,Credit card (automatic),Yes,No,No
4706-AXVKM,Month-to-month,11,84.8,906.85,Credit card (automatic),No,Yes,Yes
5889-JTMUL,Month-to-month,50,95.05,4888.7,Electronic check,No,Yes,Yes
9026-RNUJS,Month-to-month,5,50.35,237.25,Electronic check,No,No,Yes
3746-EUBYR,Month-to-month,1,74.6,74.6,Bank transfer (automatic),No,Yes,Yes
2332-EFBJY,Month-to-month,16,19.7,342.4,Mailed check,No internet service,Yes,Yes
2880-FPNAE,Month-to-month,2,74.2,140.1,Electronic check,No,Yes,No
1703-MGIAB,Month-to-month,17,69.0,1108.0,Mailed check,Yes,Yes,No
4311-QTTAI,One year,16,19.35,295.55,Credit card (automatic),No internet service,No,No
9474-PHLYD,Month-to-month,15,59.45,892.65,Electronic check,No,Yes,Yes
4318-RAJVY,One year,10,19.8,198.25,Mailed check,No internet service,Yes,No
2165-VOEGB,One year,46,105.2,4822.85,Bank transfer (automatic),Yes,Yes,Yes
3612-YUNGG,Two year,64,109.2,6741.15,Credit card (automatic),Yes,Yes,No
2254-DLXRI,Month-to-month,1,79.15,79.15,Mailed check,No,Yes,No
5062-CJJKH,One year,25,53.65,1355.45,Mailed check,No,No,No
9028-LIHRP,Two year,71,100.2,7209.0,Credit card (automatic),Yes,No,No
2219-MVUSO,Month-to-month,8,45.15,438.4,Mailed check,No,Yes,Yes
1053-MXTTK,Two year,72,108.65,7726.35,Bank transfer (automatic),Yes,Yes,No
1530-ZTDOZ,Month-to-month,49,40.65,2070.75,Bank transfer (automatic),No,No,No
1301-LOPVR,One year,29,55.35,1636.95,Credit card (automatic),Yes,Yes,No
0853-TWRVK,Two year,72,105.6,7581.5,Bank transfer (automatic),Yes,No,No
8914-RBTSB,Month-to-month,31,93.8,3019.5,Electronic check,No,No,Yes
6212-ATMLK,Month-to-month,50,95.7,4729.75,Electronic check,No,Yes,No
8200-LGKSR,Two year,71,83.2,6126.1,Electronic check,Yes,No,No
1568-BEKZM,Two year,70,90.05,6333.4,Credit card (automatic),Yes,No,No
0670-ANMUU,One year,71,97.65,6687.85,Credit card (automatic),Yes,No,No
6897-RWMUB,Two year,61,68.05,4158.25,Bank transfer (automatic),Yes,Yes,No
0963-ZBDRN,Month-to-month,32,96.2,3183.4,Electronic check,Yes,Yes,Yes
7594-RQHXR,Month-to-month,1,79.6,79.6,Electronic check,No,Yes,Yes
6999-CHVCF,Two year,68,102.1,7149.35,Bank transfer (automatic),No,Yes,No
6134-KWTBV,Two year,62,23.4,1429.65,Bank transfer (automatic),No internet service,No,No
1077-HUUJM,Month-to-month,7,71.05,472.65,Electronic check,No,Yes,No
6331-EWIEB,Month-to-month,20,85.25,1734.5,Electronic check,No,Yes,Yes
0895-LNKRC,One year,6,19.45,113.5,Mailed check,No internet service,No,No
2045-BMBTJ,Month-to-month,33,59.45,1884.65,Bank transfer (automatic),No,Yes,No
8417-GSODA,One year,28,92.2,2568.15,Bank transfer (automatic),No,No,No
5171-EPLKN,Two year,27,19.85,470.0,Credit card (automatic),No internet service,No,No
4452-QIIEB,Month-to-month,7,43.9,278.4,Mailed check,No,No,No
5998-VVEJY,Month-to-month,26,80.5,2088.8,Electronic check,Yes,Yes,Yes
1624-NALOJ,Month-to-month,5,89.8,502.6,Electronic check,No,Yes,Yes
6741-EGCBI,Month-to-month,30,90.5,2595.85,Credit card (automatic),No,Yes,No
7820-ZYGNY,One year,63,90.45,5825.5,Credit card (automatic),No,No,No
4317-VTEOA,Month-to-month,1,50.75,50.75,Electronic check,No,Yes,Yes
9677-AVKED,One year,53,84.6,4449.75,Electronic check,Yes,Yes,No
1670-SVOWZ,Month-to-month,14,89.65,1208.35,Credit card (automatic),Yes,Yes,Yes
2227-JRSJX,Month-to-month,21,99.15,1956.4,Bank transfer (automatic),Yes,Yes,No
9847-HNVGP,One year,17,19.95,310.6,Mailed check,No internet service,No,No
6696-YDAYZ,Two year,16,20.5,290.55,Mailed check,No internet service,No,No
8980-WQFWL,Month-to-month,35,62.1,2096.1,Electronic check,No,Yes,No
1730-ZMAME,Month-to-month,32,79.5,2665.0,Electronic check,No,Yes,No
6506-EYCNH,Month-to-month,28,19.55,543.8,Bank transfer (automatic),No internet service,Yes,No
4634-JLRJT,Month-to-month,1,20.35,20.35,Mailed check,No internet service,Yes,No
9501-UKKNL,Month-to-month,59,51.7,3005.8,Electronic check,Yes,Yes,No
2560-QTSBS,One year,72,23.3,1623.15,Bank transfer (automatic),No internet service,Yes,No
7541-YLXCL,One year,36,65.4,2498.4,Mailed check,Yes,Yes,Yes
4795-WRNVT,Month-to-month,40,65.1,2586.0,Mailed check,No,No,No
6080-TCMYC,Month-to-month,40,81.2,3292.3,Electronic check,No,Yes,No
0260-ZDLGK,Month-to-month,9,72.9,651.4,Mailed check,Yes,Yes,Yes
7860-UXCRM,Two year,63,74.5,4674.55,Credit card (automatic),Yes,No,No
6357-JJPQT,Month-to-month,3,80.5,232.35,Electronic check,No,Yes,No
2292-XQWSV,One year,40,60.3,2448.5,Mailed check,Yes,No,No
9552-TGUZV,Month-to-month,8,75.0,658.1,Mailed check,No,Yes,No
5913-INRQV,One year,34,90.15,3128.8,Mailed check,Yes,No,No
8722-NGNBH,Month-to-month,5,40.0,223.45,Mailed check,Yes,No,Yes
6210-KBBPI,Month-to-month,9,99.45,919.4,Credit card (automatic),No,Yes,Yes
9643-YBLUR,Month-to-month,9,69.05,653.95,Credit card (automatic),No,Yes,No
8734-FNWVH,Month-to-month,31,59.7,1825.5,Bank transfer (automatic),No,No,No
9447-YPTBX,One year,50,19.85,943.1,Bank transfer (automatic),No internet service,Yes,No
0133-BMFZO,Month-to-month,2,86.25,181.65,Electronic check,Yes,Yes,Yes
6128-CZOMY,Month-to-month,1,45.65,45.65,Electronic check,No,Yes,Yes
9540-JYROE,Month-to-month,8,70.1,551.35,Mailed check,No,Yes,Yes
9026-LHEVG,Month-to-month,9,40.75,359.4,Electronic check,No,No,No
2260-USTRB,Month-to-month,2,70.2,115.95,Bank transfer (automatic),No,Yes,Yes
3656-TKRVZ,Month-to-month,3,55.35,165.2,Electronic check,No,No,Yes
7011-CVEUC,Month-to-month,25,95.7,2338.35,Credit card (automatic),Yes,Yes,No
6185-TASNN,Month-to-month,1,46.3,46.3,Electronic check,No,No,No
7925-PNRGI,Month-to-month,45,81.3,3541.1,Mailed check,Yes,No,No
8623-TMRBY,Month-to-month,51,84.2,4146.05,Electronic check,No,Yes,Yes
1552-CZCLL,Month-to-month,55,20.0,1087.25,Credit card (automatic),No internet service,No,No
3038-PQIUY,Month-to-month,38,66.15,2522.4,Bank transfer (automatic),No,Yes,No
1501-SGHBW,Month-to-month,2,45.85,81.0,Mailed check,No,No,Yes
9313-CDOGY,Month-to-month,38,19.6,717.3,Electronic check,No internet service,No,No
8148-BPLZQ,Month-to-month,34,49.8,1734.2,Electronic check,No,Yes,No
2623-DRYAM,One year,70,101.75,7069.3,Electronic check,No,Yes,No
9987-LUTYD,One year,13,55.15,742.9,Mailed check,Yes,No,No
3208-YPIOE,Month-to-month,39,75.25,3017.65,Electronic check,No,No,Yes
4488-KQFDT,One year,61,103.95,6423.0,Electronic check,No,Yes,No
2612-RANWT,Month-to-month,12,100.15,1164.3,Bank transfer (automatic),No,Yes,Yes
5693-PIPCS,Two year,41,99.65,4220.35,Credit card (automatic),Yes,Yes,No
0491-KAPQG,Month-to-month,21,73.7,1558.7,Electronic check,No,Yes,No
1925-LFCZZ,One year,55,50.05,2743.45,Bank transfer (automatic),No,Yes,No
8039-EQPIM,Two year,69,60.25,4055.5,Bank transfer (automatic),Yes,No,No
6900-PXRMS,Month-to-month,26,105.75,2710.25,Electronic check,No,No,Yes
8707-RMEZH,One year,69,87.3,6055.55,Credit card (automatic),No,No,No
3346-BRMIS,Month-to-month,18,48.35,810.7,Electronic check,No,Yes,Yes
3209-ZPKFI,Month-to-month,47,54.25,2538.2,Electronic check,No,No,No
6479-VDGRK,Two year,72,85.3,6129.2,Bank transfer (automatic),Yes,No,No
9373-WSLOY,Month-to-month,33,50.0,1750.85,Electronic check,Yes,Yes,No
2933-FILNV,Month-to-month,2,24.4,36.55,Mailed check,No,Yes,Yes
3569-JFODW,Two year,72,90.95,6652.45,Credit card (automatic),Yes,No,No
9819-FBNSV,Month-to-month,37,72.25,2575.45,Bank transfer (automatic),No,Yes,No
9544-PYPSJ,Month-to-month,62,96.1,6019.35,Credit card (automatic),No,Yes,No
1591-XWLGB,Two year,71,19.85,1379.6,Credit card (automatic),No internet service,No,No
0396-UKGAI,Month-to-month,23,55.3,1284.2,Bank transfer (automatic),Yes,Yes,No
3243-ZHOHY,One year,16,20.1,296.15,Mailed check,No internet service,No,No
5186-EJEGL,Month-to-month,9,69.5,653.25,Mailed check,Yes,Yes,No
7527-QNRUS,Two year,17,25.15,412.6,Mailed check,No internet service,Yes,No
9986-BONCE,Month-to-month,4,20.95,85.5,Bank transfer (automatic),No internet service,No,Yes
2722-JMONI,Month-to-month,1,49.55,49.55,Electronic check,No,Yes,Yes
2203-GHNWN,Month-to-month,24,79.65,1928.7,Mailed check,No,Yes,No
3878-AVSOQ,Month-to-month,1,71.25,71.25,Electronic check,No,Yes,No
3258-SYSWS,Two year,72,113.8,7845.8,Bank transfer (automatic),Yes,No,No
5296-PSYVW,Two year,72,24.55,1750.7,Electronic check,No internet service,No,No
6319-QSUSR,Month-to-month,11,19.7,216.2,Credit card (automatic),No internet service,No,No
4083-EUGRJ,Month-to-month,9,20.25,178.5,Mailed check,No internet service,No,Yes
7579-OOPEC,Month-to-month,2,50.15,115.1,Credit card (automatic),No,No,Yes
0512-FLFDW,One year,60,100.5,6029.0,Credit card (automatic),No,Yes,No
1771-OADNZ,Month-to-month,29,95.9,2745.2,Electronic check,No,Yes,Yes
0487-CRLZF,Two year,49,74.45,3721.9,Bank transfer (automatic),Yes,Yes,No
2107-FBPTK,Month-to-month,30,104.1,3121.1,Electronic check,No,Yes,No
9451-WLYRI,One year,53,19.05,990.45,Credit card (automatic),No internet service,No,No
8219-VYBVI,Two year,39,25.0,1004.35,Mailed check,No internet service,No,No
1991-VOPLL,Month-to-month,9,19.05,157.65,Mailed check,No internet service,No,No
9738-QLWTP,One year,39,81.9,3219.75,Electronic check,Yes,No,No
1016-DJTSV,Month-to-month,8,69.7,572.85,Electronic check,No,Yes,No
9419-IPPBE,One year,51,90.15,4554.85,Electronic check,No,Yes,No
0174-QRVVY,Two year,71,25.35,1847.55,Credit card (automatic),No internet service,No,No
5699-BNCAS,Two year,71,24.65,1766.75,Mailed check,No internet service,Yes,No
2900-PHPLN,Two year,70,19.55,1462.05,Credit card (automatic),No internet service,Yes,No
0612-RTZZA,Month-to-month,1,25.25,25.25,Electronic check,No,No,Yes
8106-GWQOK,Two year,38,60.0,2193.2,Bank transfer (automatic),Yes,Yes,No
8751-EDEKA,Month-to-month,28,89.9,2433.5,Credit card (automatic),No,No,No
6878-GGDWG,Month-to-month,32,19.4,641.15,Bank transfer (automatic),No internet service,No,No
4039-PIMHX,Two year,49,49.8,2398.4,Mailed check,No,No,No
8450-LUGUK,Two year,37,24.1,861.85,Bank transfer (automatic),No internet service,Yes,No
3604-WLABM,Month-to-month,10,54.25,583.0,Electronic check,Yes,No,No
0795-GMVQO,One year,67,109.9,7332.4,Credit card (automatic),No,No,No
2259-OUUSZ,One year,7,35.5,249.55,Credit card (automatic),Yes,Yes,No
1142-IHLOO,One year,51,87.55,4475.9,Credit card (automatic),No,No,No
6410-LEFEN,Month-to-month,9,45.15,416.45,Electronic check,No,No,Yes
4633-MKHYU,Month-to-month,9,88.4,788.6,Mailed check,No,Yes,No
6257-RJOHI,Month-to-month,4,50.8,202.3,Mailed check,Yes,Yes,No
1545-JFUML,Two year,71,99.0,6994.6,Electronic check,No,Yes,No
3194-ORPIK,Month-to-month,50,84.4,4116.15,Bank transfer (automatic),No,Yes,Yes
7826-VVKWT,Two year,24,96.55,2263.45,Electronic check,No,Yes,No
1353-GHZOS,One year,22,59.75,1374.35,Bank transfer (automatic),No,Yes,No
2587-EKXTS,Month-to-month,44,111.5,4915.15,Electronic check,No,Yes,No
5442-BXVND,Month-to-month,33,24.25,838.5,Bank transfer (automatic),No internet service,No,No
8816-VXNZD,Month-to-month,1,75.1,75.1,Electronic check,No,Yes,Yes
9378-FXTIZ,One year,54,70.15,3715.65,Credit card (automatic),No,Yes,Yes
1723-HKXJQ,Month-to-month,42,101.75,4273.45,Electronic check,No,Yes,Yes
7825-GKXMW,Month-to-month,1,45.8,45.8,Electronic check,No,No,Yes
9753-OYLBX,Month-to-month,1,20.5,20.5,Mailed check,No internet service,No,No
2364-UFROM,One year,30,70.4,2044.75,Electronic check,Yes,No,No
6656-JWRQX,Month-to-month,1,30.55,30.55,Mailed check,Yes,No,No
6473-ULUHT,Month-to-month,16,84.9,1398.25,Electronic check,Yes,No,No
1240-KNSEZ,Month-to-month,1,20.1,20.1,Mailed check,No internet service,Yes,Yes
0836-SEYLU,Month-to-month,9,40.65,328.95,Mailed check,Yes,No,Yes
4433-JCGCG,Month-to-month,46,101.0,4680.05,Electronic check,No,Yes,Yes
3716-BDVDB,Month-to-month,1,69.1,69.1,Electronic check,No,Yes,Yes
7688-AWMDX,Two year,71,54.5,3778.2,Bank transfer (automatic),Yes,No,No
2842-BCQGE,Month-to-month,43,75.35,3161.4,Credit card (automatic),No,Yes,No
7244-QWYHG,One year,50,44.45,2188.45,Bank transfer (automatic),Yes,Yes,No
5899-MQZZL,Month-to-month,13,75.0,999.45,Mailed check,No,Yes,Yes
6849-OYAMU,One year,19,100.0,1888.65,Bank transfer (automatic),Yes,No,Yes
5312-UXESG,Month-to-month,41,98.05,3990.6,Bank transfer (automatic),No,No,No
9488-HGMJH,Month-to-month,1,71.15,71.15,Electronic check,No,Yes,Yes
6038-GCYEC,Month-to-month,24,54.15,1240.25,Credit card (automatic),No,Yes,Yes
2150-WLKUW,One year,40,63.9,2635.0,Bank transfer (automatic),No,No,No
7159-FVYPK,Month-to-month,3,69.15,235.0,Bank transfer (automatic),No,Yes,No
7032-LMBHI,One year,37,64.65,2347.85,Bank transfer (automatic),No,No,No
1150-WFARN,Two year,67,108.75,7156.2,Credit card (automatic),Yes,Yes,Yes
6088-BXMRG,Month-to-month,32,98.85,3089.6,Electronic check,No,Yes,No
3144-AUDBS,Month-to-month,6,49.15,270.8,Electronic check,Yes,Yes,Yes
4821-SJHJV,Month-to-month,32,89.6,2901.8,Electronic check,No,No,No
7346-MEDWM,Month-to-month,59,83.25,4949.1,Electronic check,No,Yes,No
1137-DGOWI,One year,30,70.25,2198.9,Bank transfer (automatic),Yes,No,No
5616-PRTNT,Month-to-month,20,19.4,374.5,Electronic check,No internet service,Yes,Yes
3812-LRZIR,Two year,27,24.5,761.95,Electronic check,No internet service,No,No
4818-QIUFN,Month-to-month,20,79.15,1520.9,Electronic check,No,Yes,Yes
9483-GCPWE,One year,9,20.1,190.25,Mailed check,No internet service,No,No
4227-OJHAL,One year,68,73.0,5163.0,Credit card (automatic),No,Yes,No
9220-CXRSC,Two year,69,61.4,4059.85,Credit card (automatic),Yes,No,No
4993-JCRGJ,Month-to-month,26,84.3,2281.6,Mailed check,Yes,Yes,No
9537-JALFH,Two year,69,19.9,1356.7,Bank transfer (automatic),No internet service,No,No
6698-OXETB,Two year,11,20.4,231.45,Mailed check,No internet service,No,No
2103-ZRXFN,Month-to-month,1,50.75,50.75,Mailed check,No,No,No
3724-BSCVH,One year,10,20.45,242.4,Mailed check,No internet service,No,No
4877-TSOFF,One year,55,75.75,4264.25,Bank transfer (automatic),Yes,Yes,No
9209-NWPGU,One year,44,65.4,2774.55,Electronic check,Yes,No,No
6961-VCPMC,Month-to-month,46,80.4,3605.2,Electronic check,No,Yes,Yes
7306-YDSOI,Two year,69,59.75,4069.9,Bank transfer (automatic),No,Yes,No
5288-AHOUP,Month-to-month,11,78.5,874.2,Electronic check,No,Yes,No
6688-UZPWD,Month-to-month,11,102.0,1145.35,Electronic check,No,Yes,Yes
0655-YDGFJ,Month-to-month,29,48.95,1323.7,Bank transfer (automatic),No,No,No
8468-EHYJA,Month-to-month,57,99.65,5497.05,Electronic check,No,Yes,No
6823-SIDFQ,One year,28,18.25,534.7,Credit card (automatic),No internet service,No,No
1097-FSPVW,Month-to-month,42,54.55,2455.05,Credit card (automatic),No,No,No
2839-RFSQE,Month-to-month,2,20.65,38.7,Mailed check,No internet service,No,Yes
8328-SKJNO,One year,23,40.65,947.4,Bank transfer (automatic),Yes,No,No
7010-ZMVBF,Month-to-month,18,20.45,357.0,Mailed check,No internet service,No,No
5201-CBWYG,One year,62,24.8,1476.25,Bank transfer (automatic),No internet service,No,No
0968-GSIKN,Month-to-month,1,70.8,70.8,Mailed check,No,Yes,Yes
1965-DDBWU,Month-to-month,16,89.05,1448.6,Credit card (automatic),Yes,Yes,Yes
9057-SIHCH,Month-to-month,3,96.6,291.9,Electronic check,No,Yes,Yes
6352-GIGGQ,One year,67,88.8,5903.15,Bank transfer (automatic),Yes,Yes,No
3635-QQRQD,Two year,62,20.05,1201.65,Credit card (automatic),No internet service,Yes,No
6771-XWBDM,Month-to-month,57,104.5,5921.35,Credit card (automatic),No,Yes,Yes
2897-DOVND,Month-to-month,2,69.8,146.65,Electronic check,No,Yes,No
3082-YVEKW,Two year,23,77.15,1759.4,Bank transfer (automatic),Yes,Yes,No
0191-EQUUH,Two year,25,35.05,844.45,Bank transfer (automatic),Yes,No,No
7134-HBPBS,Two year,72,108.1,7774.05,Bank transfer (automatic),Yes,Yes,No
3489-HHPFY,Month-to-month,2,84.05,134.05,Electronic check,No,Yes,No
2926-JEJJC,One year,8,20.2,140.95,Bank transfer (automatic),No internet service,Yes,No
8601-QACRS,Month-to-month,5,50.6,249.95,Mailed check,No,Yes,Yes
4950-BDEUX,Month-to-month,35,49.2,1701.65,Electronic check,No,No,No
5789-LDFXO,One year,24,24.6,592.65,Electronic check,No internet service,No,No
0508-OOLTO,Month-to-month,2,71.65,135.75,Electronic check,No,Yes,No
2984-TBYKU,Two year,72,104.9,7732.65,Credit card (automatic),Yes,Yes,No
9822-WMWVG,Month-to-month,41,106.5,4282.4,Electronic check,Yes,Yes,No
2391-SOORI,Month-to-month,4,49.35,219.65,Electronic check,No,No,Yes
9040-KZVWO,One year,26,75.5,2018.1,Bank transfer (automatic),No,No,No
2645-QTLMB,Month-to-month,7,94.25,669.0,Electronic check,No,Yes,Yes
4806-HIPDW,Month-to-month,1,68.95,68.95,Electronic check,No,Yes,Yes
1548-ARAGG,Month-to-month,4,58.5,224.85,Mailed check,Yes,Yes,No
6339-RZCBJ,Two year,48,78.9,3771.5,Credit card (automatic),Yes,No,No
4424-TKOPW,Month-to-month,2,93.85,196.75,Electronic check,No,Yes,Yes
4415-WNGVR,One year,12,79.2,943.85,Electronic check,Yes,Yes,No
2522-AHJXR,Month-to-month,60,109.45,6572.85,Bank transfer (automatic),Yes,Yes,No
0412-UCCNP,Two year,55,59.2,3175.85,Electronic check,Yes,Yes,No
1816-FLZDK,Month-to-month,1,29.15,29.15,Mailed check,Yes,No,No
7096-UCLNH,Month-to-month,1,20.05,20.05,Mailed check,No internet service,No,No
8443-ZRDBZ,Month-to-month,4,76.05,318.9,Electronic check,No,Yes,Yes
9136-ALYBR,Month-to-month,1,24.45,24.45,Mailed check,No,Yes,Yes
4615-PIVVU,Two year,42,66.5,2762.75,Credit card (automatic),Yes,No,No
8885-QSQBX,Month-to-month,1,49.55,49.55,Bank transfer (automatic),No,No,No
7479-NITWS,Month-to-month,7,89.35,631.85,Credit card (automatic),No,Yes,Yes
8617-ENBDS,Month-to-month,3,73.6,232.5,Credit card (automatic),No,Yes,No
9385-NXKDA,Two year,72,82.65,5919.35,Credit card (automatic),No,Yes,No
0430-IHCDJ,Month-to-month,15,49.0,749.25,Electronic check,No,Yes,No
2959-MJHIC,Month-to-month,4,80.35,307.4,Electronic check,No,Yes,Yes
6674-KVJHG,One year,11,25.2,245.15,Electronic check,No internet service,No,No
1814-DKOLC,Month-to-month,5,25.45,134.75,Mailed check,No internet service,No,No
4201-JMNGR,Month-to-month,1,55.8,55.8,Electronic check,No,Yes,Yes
9351-HXDMR,Two year,72,110.9,8240.85,Credit card (automatic),Yes,Yes,No
3537-HPKQT,Month-to-month,55,77.75,4266.4,Credit card (automatic),No,Yes,No
2129-ALKBS,Month-to-month,40,26.2,1077.5,Electronic check,No internet service,Yes,No
5821-MMEIL,Two year,57,19.9,1115.6,Bank transfer (automatic),No internet service,No,No
5960-WPXQM,Month-to-month,1,79.05,79.05,Electronic check,No,Yes,Yes
0684-AOSIH,Month-to-month,1,95.0,95.0,Electronic check,No,Yes,Yes
8260-NGFNY,Month-to-month,1,25.2,25.2,Mailed check,No,No,Yes
1309-XGFSN,One year,52,80.85,4079.55,Electronic check,No,Yes,No
1866-RZZQS,Month-to-month,41,98.4,4187.75,Electronic check,No,Yes,Yes
6968-URWQU,One year,43,56.35,2391.15,Mailed check,No,Yes,No
4742-TXUEX,Two year,47,19.3,890.5,Bank transfer (automatic),No internet service,No,No
9631-XEYKE,Month-to-month,3,50.4,137.25,Bank transfer (automatic),No,No,No
8631-NBHFZ,Two year,66,79.4,5154.6,Credit card (automatic),Yes,No,Yes
1335-MXCSE,Two year,55,55.25,3119.9,Credit card (automatic),Yes,Yes,No
8873-TMKGR,One year,29,19.1,529.5,Mailed check,No internet service,No,No
8800-JOOCF,Month-to-month,12,84.05,966.55,Electronic check,No,Yes,No
1469-LBJQJ,Month-to-month,66,105.2,6936.85,Electronic check,No,Yes,No
4958-XCBDQ,Month-to-month,35,101.4,3496.3,Electronic check,No,Yes,Yes
8337-UPOAQ,Month-to-month,10,89.8,914.3,Electronic check,No,Yes,Yes
0064-YIJGF,Month-to-month,27,75.75,1929.0,Bank transfer (automatic),No,Yes,No
2386-OWURY,Month-to-month,58,95.3,5817.7,Electronic check,Yes,Yes,No
1725-IQNIY,Two year,54,109.75,6110.2,Bank transfer (automatic),Yes,No,Yes
0310-VQXAM,Month-to-month,9,19.85,178.8,Mailed check,No internet service,No,No
6598-RFFVI,One year,2,19.3,28.3,Credit card (automatic),No internet service,No,Yes
3453-RTHJQ,Month-to-month,6,69.1,435.0,Electronic check,No,Yes,No
6712-OAWRH,Month-to-month,26,91.25,2351.8,Electronic check,No,Yes,Yes
6278-FEPBZ,Month-to-month,9,20.25,186.15,Mailed check,No internet service,No,No
4280-DLSHD,Month-to-month,8,54.75,445.85,Mailed check,No,Yes,No
1508-DFXCU,Month-to-month,12,81.45,912.0,Electronic check,No,Yes,No
8614-VGMMV,Month-to-month,15,49.1,679.55,Electronic check,No,Yes,Yes
7868-BGSZA,One year,43,80.2,3581.6,Electronic check,No,Yes,No
2800-QQUSO,Month-to-month,42,100.3,4222.95,Electronic check,Yes,Yes,No
2930-UOTMB,Month-to-month,31,65.25,1994.3,Credit card (automatic),Yes,No,Yes
7973-DZRKH,Two year,66,90.95,5930.05,Credit card (automatic),Yes,Yes,No
5914-DVBWJ,Month-to-month,18,85.45,1505.85,Electronic check,Yes,Yes,Yes
7698-YFGEZ,Month-to-month,1,20.0,20.0,Mailed check,No internet service,No,No
2533-QVMSK,Two year,61,94.1,5638.3,Electronic check,Yes,Yes,Yes
9773-PEQBZ,Month-to-month,10,79.85,797.25,Electronic check,No,No,No
8644-XLFBW,Month-to-month,1,71.65,71.65,Electronic check,No,Yes,Yes
0650-BWOZN,Month-to-month,18,73.55,1359.45,Electronic check,No,Yes,No
8625-AZYZY,Month-to-month,24,104.65,2542.45,Electronic check,No,Yes,Yes
7785-RDVIG,Month-to-month,3,19.3,54.7,Mailed check,No internet service,No,No
9602-WCXPI,One year,50,20.15,989.05,Credit card (automatic),No internet service,No,No
2903-YYTBW,Month-to-month,1,44.55,44.55,Electronic check,No,No,No
3620-MWJNE,Month-to-month,2,54.45,87.3,Mailed check,Yes,Yes,No
8573-JGCZW,One year,17,19.65,351.55,Bank transfer (automatic),No internet service,Yes,No
6837-HAEVO,Two year,69,105.0,7297.75,Electronic check,No,Yes,No
6701-YVNQG,Two year,72,88.7,6301.7,Credit card (automatic),Yes,Yes,No
9306-CPCBC,Month-to-month,3,74.25,210.3,Electronic check,No,Yes,Yes
4304-XUMGI,Two year,50,75.15,3822.45,Bank transfer (automatic),No,Yes,No
9504-YAZWB,Two year,53,20.25,1048.45,Mailed check,No internet service,No,No
8819-ZBYNA,Two year,58,109.1,6393.65,Credit card (automatic),Yes,Yes,No
6174-NRBTZ,One year,46,30.75,1489.3,Bank transfer (automatic),No,Yes,No
9481-IEBZY,Month-to-month,72,112.9,8061.5,Credit card (automatic),Yes,Yes,No
1833-VGRUM,Month-to-month,1,74.2,74.2,Electronic check,No,Yes,Yes
6137-NICCO,Month-to-month,6,94.05,518.75,Mailed check,No,Yes,No
9065-ZCPQX,Two year,72,78.85,5763.15,Bank transfer (automatic),Yes,No,No
6402-EJMWF,Month-to-month,4,55.3,238.5,Mailed check,No,Yes,No
3620-EHIMZ,Two year,52,19.35,1031.7,Mailed check,No internet service,No,No
3213-VVOLG,Two year,0,25.35,0.0,Mailed check,No internet service,No,No
6870-ECSHE,One year,2,20.45,34.8,Mailed check,No internet service,No,No
8747-UDCOI,Two year,65,19.35,1319.95,Bank transfer (automatic),No internet service,No,No
8374-XGEJJ,Month-to-month,43,101.0,4388.4,Electronic check,No,Yes,Yes
2656-TABEH,Month-to-month,4,100.2,420.2,Electronic check,No,Yes,Yes
6946-LMSQS,One year,25,89.05,2177.45,Electronic check,No,Yes,Yes
4626-OZDTJ,One year,51,78.65,3950.85,Credit card (automatic),Yes,Yes,No
9169-BSVIN,Month-to-month,12,74.75,827.05,Bank transfer (automatic),No,No,No
2325-ZUSFD,One year,57,70.1,3913.3,Bank transfer (automatic),No,Yes,Yes
8194-PEEBY,One year,24,19.9,533.5,Mailed check,No internet service,No,No
6872-HXFNF,One year,64,58.35,3756.45,Bank transfer (automatic),Yes,No,No
3932-CMDTD,One year,4,105.65,443.9,Electronic check,Yes,Yes,Yes
7714-YXSMB,Month-to-month,26,100.5,2599.95,Bank transfer (automatic),No,Yes,No
8387-UGUSU,Month-to-month,15,20.05,284.3,Mailed check,No internet service,No,No
1080-BWSYE,Two year,64,25.65,1740.8,Credit card (automatic),No internet service,No,No
4039-HEUNW,Month-to-month,36,96.5,3436.1,Electronic check,No,Yes,Yes
1194-HVAIF,Month-to-month,27,95.0,2462.55,Credit card (automatic),No,No,No
0812-WUPTB,Month-to-month,1,70.85,70.85,Mailed check,No,No,Yes
3594-UVONA,One year,35,85.95,3110.1,Credit card (automatic),Yes,Yes,Yes
0004-TLHLJ,Month-to-month,4,73.9,280.85,Electronic check,No,Yes,Yes
1767-TGTKO,Month-to-month,8,45.45,411.75,Electronic check,No,Yes,No
8439-LTUGF,Month-to-month,10,20.0,198.6,Credit card (automatic),No internet service,Yes,No
8805-JNRAZ,Month-to-month,2,49.2,103.7,Mailed check,No,No,No
5089-IFSDP,Two year,58,109.45,6144.55,Bank transfer (automatic),No,Yes,Yes
6418-HNFED,Two year,51,83.25,4089.45,Credit card (automatic),Yes,Yes,No
0206-OYVOC,Two year,46,19.25,864.2,Mailed check,No internet service,Yes,No
7291-CDTMJ,Month-to-month,1,19.65,19.65,Bank transfer (automatic),No internet service,Yes,No
7128-GGCNO,Month-to-month,46,72.8,3249.4,Bank transfer (automatic),No,No,No
0237-YFUTL,Month-to-month,50,109.65,5405.8,Bank transfer (automatic),Yes,Yes,No
7691-KGKGP,Month-to-month,53,65.0,3363.8,Credit card (automatic),Yes,No,No
6710-HSJRD,Month-to-month,61,114.1,7132.15,Electronic check,Yes,Yes,No
3675-EQOZA,Month-to-month,5,20.65,93.55,Bank transfer (automatic),No internet service,No,No
0840-DCNZE,One year,47,86.95,4138.9,Bank transfer (automatic),Yes,Yes,No
1732-FEKLD,One year,54,94.75,5121.75,Bank transfer (automatic),No,Yes,No
9862-KJTYK,Month-to-month,19,25.35,566.1,Credit card (automatic),No,Yes,No
0479-HMSWA,Two year,26,105.45,2715.3,Electronic check,Yes,Yes,No
5854-KSRBJ,Two year,70,25.4,1782.05,Mailed check,No internet service,No,No
0365-BZUWY,Month-to-month,17,102.55,1742.5,Electronic check,No,Yes,No
4817-VYYWS,Month-to-month,30,100.2,2983.8,Electronic check,No,Yes,Yes
5701-SVCWR,Month-to-month,1,24.0,24.0,Mailed check,No internet service,No,No
3129-AAQOU,Two year,19,25.6,485.9,Mailed check,No internet service,No,No
4922-CVPDX,Two year,26,73.5,1905.7,Credit card (automatic),No,Yes,No
1396-QWFBJ,Month-to-month,21,74.05,1565.7,Bank transfer (automatic),No,Yes,Yes
1357-BIJKI,One year,50,98.25,4858.7,Electronic check,No,Yes,No
1099-BTKWT,One year,68,54.4,3723.65,Electronic check,No,Yes,No
5299-SJCZT,Month-to-month,3,101.55,298.35,Bank transfer (automatic),No,Yes,Yes
2018-PZKMU,Month-to-month,9,103.1,970.45,Electronic check,Yes,No,No
7340-KEFQE,Two year,51,34.2,1782.0,Bank transfer (automatic),Yes,No,No
4570-QHXHL,Month-to-month,9,43.75,405.7,Electronic check,No,Yes,No
2403-BCASL,One year,41,111.95,4534.9,Electronic check,Yes,Yes,Yes
7392-YYPYJ,Month-to-month,22,100.65,2415.95,Electronic check,No,Yes,No
2898-LSJGD,One year,21,55.95,1157.05,Electronic check,No,Yes,Yes
2223-GDSHL,Two year,71,116.05,8297.5,Bank transfer (automatic),Yes,Yes,No
7359-PTSXY,Month-to-month,1,45.75,45.75,Electronic check,No,No,Yes
9470-RTWDV,One year,26,82.0,2083.1,Credit card (automatic),Yes,Yes,No
2176-OSJUV,Two year,71,65.15,4681.75,Bank transfer (automatic),Yes,No,No
9348-YVOMK,Month-to-month,4,44.8,176.2,Credit card (automatic),No,Yes,No
8104-OSKWT,Month-to-month,12,79.8,1001.2,Electronic check,No,Yes,No
4521-YEEHE,Month-to-month,18,88.85,1594.75,Electronic check,Yes,Yes,No
4090-KPJIP,Month-to-month,3,74.95,212.4,Electronic check,No,Yes,No
3786-WOVKF,One year,72,106.85,7677.4,Bank transfer (automatic),No,Yes,No
4503-BDXBD,Month-to-month,11,74.95,815.5,Electronic check,No,No,Yes
6086-ESGRL,Month-to-month,1,80.15,80.15,Credit card (automatic),No,No,Yes
2592-HODOV,One year,13,19.3,259.65,Credit card (automatic),No internet service,No,No
3886-CERTZ,One year,72,109.25,8109.8,Electronic check,Yes,Yes,Yes
7995-ZHHNZ,One year,42,56.1,2386.85,Credit card (automatic),No,No,No
3824-RHKVR,Month-to-month,17,19.7,340.35,Credit card (automatic),No internet service,No,No
5816-SCGFC,Month-to-month,7,51.3,419.35,Mailed check,No,Yes,No
5989-AXPUC,Two year,68,118.6,7990.05,Mailed check,Yes,No,No
4979-HPRFL,Two year,56,24.15,1402.25,Bank transfer (automatic),No internet service,No,No
8590-OHDIW,One year,38,20.3,749.35,Mailed check,No internet service,No,No
8015-IHCGW,Two year,72,115.5,8425.15,Electronic check,Yes,Yes,No
2332-TODQS,One year,48,25.05,1171.5,Credit card (automatic),No internet service,No,No
9278-VZKCD,Month-to-month,52,109.1,5647.95,Electronic check,No,Yes,No
8008-OTEZX,One year,35,19.65,708.8,Mailed check,No internet service,No,No
2773-OVBPK,Two year,67,111.3,7567.2,Bank transfer (automatic),Yes,Yes,No
5999-LCXAO,Month-to-month,1,29.9,29.9,Mailed check,No,No,No
5206-XZZQI,Month-to-month,53,80.6,4348.1,Mailed check,Yes,Yes,No
4803-LBYPN,Month-to-month,34,20.8,635.9,Mailed check,No internet service,No,No
5759-RCVCB,Month-to-month,3,35.2,108.95,Credit card (automatic),No,No,Yes
6372-RFVNS,Month-to-month,1,78.8,78.8,Electronic check,No,No,Yes
2139-FQHLM,Month-to-month,19,89.95,1682.4,Mailed check,Yes,No,No
8261-GWDBQ,Two year,60,116.05,6925.9,Bank transfer (automatic),Yes,Yes,No
1093-YSWCA,Two year,11,19.55,223.15,Credit card (automatic),No internet service,No,No
8938-UMKPI,Month-to-month,47,106.4,5127.95,Electronic check,No,Yes,Yes
0991-BRRFB,Month-to-month,18,49.4,874.8,Electronic check,No,No,Yes
3882-IYOIJ,Two year,60,115.25,6758.45,Credit card (automatic),Yes,No,No
8749-TZYEC,Two year,72,24.8,1874.3,Credit card (automatic),No internet service,No,No
1755-FZQEC,One year,39,19.9,791.15,Mailed check,No internet service,No,No
3115-JPJDD,One year,59,81.25,4639.45,Credit card (automatic),No,Yes,No
5600-KTXFM,Month-to-month,2,69.95,143.9,Mailed check,No,No,No
3871-IKPYH,Month-to-month,1,69.1,69.1,Electronic check,No,No,Yes
6319-IEJWJ,Month-to-month,20,90.2,1776.55,Electronic check,No,Yes,Yes
9025-AOMKI,Month-to-month,6,93.55,536.4,Bank transfer (automatic),No,Yes,Yes
6339-TBELP,Two year,71,86.4,6172.0,Credit card (automatic),Yes,Yes,No
7964-YESJC,Month-to-month,24,66.3,1559.45,Mailed check,No,No,No
6173-GOLSU,Month-to-month,67,94.65,6079.0,Credit card (automatic),No,Yes,No
5275-SQEIZ,Month-to-month,1,80.85,80.85,Mailed check,No,Yes,Yes
7716-YTYHG,One year,48,82.05,4029.95,Mailed check,No,Yes,Yes
9938-ZREHM,One year,37,72.1,2658.4,Mailed check,Yes,No,No
7950-XWOVN,Month-to-month,11,34.7,383.55,Mailed check,No,No,No
4390-KYULV,Month-to-month,3,20.55,51.15,Credit card (automatic),No internet service,Yes,Yes
4647-MUZON,Month-to-month,18,95.95,1745.5,Credit card (automatic),No,Yes,No
9702-AIUJO,One year,50,44.8,2230.85,Bank transfer (automatic),No,Yes,No
8849-PRIQJ,One year,67,109.4,7281.6,Electronic check,Yes,Yes,No
8851-RAGOV,Month-to-month,25,71.05,1837.7,Mailed check,Yes,Yes,No
1304-NECVQ,Month-to-month,2,78.55,149.55,Electronic check,No,Yes,Yes
5396-IZEPB,Month-to-month,9,19.7,180.7,Credit card (automatic),No internet service,No,No
1729-VLAZJ,One year,10,40.25,411.45,Mailed check,Yes,No,No
8285-ABVLB,Two year,70,19.85,1328.35,Credit card (automatic),No internet service,No,No
0701-TJSEF,Month-to-month,9,68.25,576.95,Bank transfer (automatic),Yes,Yes,No
5712-VBOXD,Month-to-month,4,20.15,68.45,Credit card (automatic),No internet service,Yes,No
6629-LADHQ,Month-to-month,2,50.95,123.05,Mailed check,No,No,No
8945-GRKHX,Month-to-month,1,78.65,78.65,Electronic check,No,No,Yes
1559-DTODC,Month-to-month,19,25.15,468.35,Bank transfer (automatic),No,Yes,No
4797-MIWUM,Month-to-month,7,20.25,174.7,Bank transfer (automatic),No internet service,Yes,No
6959-UWKHF,Month-to-month,1,42.9,42.9,Electronic check,No,Yes,Yes
8720-RQSBJ,Month-to-month,1,44.0,44.0,Electronic check,No,No,No
4537-CIBHB,One year,9,20.25,172.35,Mailed check,No internet service,No,No
3815-SLMEF,Month-to-month,3,34.25,139.35,Mailed check,Yes,No,Yes
5154-VEKBL,Month-to-month,9,58.5,539.85,Mailed check,Yes,No,Yes
4324-AHJKS,Month-to-month,5,55.8,300.4,Credit card (automatic),No,No,No
4355-CVPVS,One year,56,88.9,4968.0,Bank transfer (automatic),No,No,No
4495-LHSSK,Month-to-month,18,57.65,992.7,Mailed check,No,No,No
5655-JSMZM,Month-to-month,49,96.2,4718.25,Electronic check,No,Yes,Yes
5915-ANOEI,Two year,70,79.15,5536.5,Mailed check,Yes,No,No
9861-PDSZP,Two year,72,108.05,7806.6,Credit card (automatic),Yes,Yes,No
4505-EXZHB,Month-to-month,6,74.4,434.1,Electronic check,No,No,Yes
7225-CBZPL,Month-to-month,17,94.8,1563.9,Electronic check,No,Yes,No
6704-UTUKK,Month-to-month,29,45.9,1332.4,Electronic check,No,Yes,No
4587-VVTOX,Month-to-month,6,105.3,545.2,Electronic check,No,Yes,Yes
2019-HDCZY,Two year,63,102.6,6296.75,Electronic check,No,No,No
4652-NNHNY,Month-to-month,16,73.85,1284.2,Bank transfer (automatic),No,Yes,Yes
8788-DOXSU,One year,59,61.35,3645.5,Bank transfer (automatic),No,Yes,No
7404-JLKQG,Month-to-month,3,57.55,161.45,Electronic check,No,No,No
7421-ZLUPA,Month-to-month,8,29.25,226.95,Mailed check,No,Yes,No
8972-HJWNV,Month-to-month,7,84.55,646.85,Electronic check,No,Yes,Yes
3274-NSDWE,Two year,68,19.6,1441.65,Credit card (automatic),No internet service,No,No
2632-IVXVF,Two year,68,111.75,7511.3,Credit card (automatic),Yes,No,No
3692-JHONH,One year,52,106.5,5621.85,Electronic check,No,Yes,No
8915-NNTRC,Two year,72,107.7,7919.8,Credit card (automatic),Yes,Yes,No
5914-GXMDA,One year,32,19.3,593.2,Mailed check,No internet service,No,No
7463-IFMQU,Two year,72,20.05,1423.65,Bank transfer (automatic),No internet service,No,No
2920-RNCEZ,Month-to-month,1,69.95,69.95,Credit card (automatic),No,Yes,No
2541-YGPKE,One year,42,63.7,2763.35,Credit card (automatic),Yes,No,No
8515-OCTJS,Two year,25,24.75,692.1,Credit card (automatic),No internet service,No,Yes
5382-TEMLV,Month-to-month,45,50.9,2298.55,Bank transfer (automatic),No,Yes,No
3441-CGZJH,One year,43,60.4,2640.55,Credit card (automatic),Yes,Yes,No
9592-ERDKV,One year,37,79.25,2911.8,Mailed check,No,No,No
2860-RANUS,Month-to-month,20,85.8,1727.5,Credit card (automatic),No,Yes,Yes
5261-QSHQM,Month-to-month,4,24.45,86.6,Electronic check,No,Yes,Yes
4778-IZARL,Two year,63,110.1,6705.7,Credit card (automatic),Yes,Yes,No
0432-CAJZV,Month-to-month,3,90.7,237.65,Mailed check,No,No,No
7008-LZVOZ,Two year,66,25.3,1672.35,Credit card (automatic),No internet service,Yes,No
8868-WOZGU,Month-to-month,28,105.7,2979.5,Electronic check,No,Yes,Yes
1200-TUZHR,Month-to-month,8,85.2,695.75,Electronic check,No,No,No
9365-CSLBQ,Two year,71,24.35,1654.6,Mailed check,No internet service,No,No
1334-FJSVR,Month-to-month,1,24.25,24.25,Electronic check,No,Yes,Yes
5884-FBCTL,Two year,72,25.1,1857.85,Bank transfer (automatic),No internet service,No,No
7130-CTCUS,Month-to-month,16,54.55,825.1,Bank transfer (automatic),No,Yes,No
6242-FEGFD,Two year,66,96.6,6424.25,Mailed check,Yes,No,No
7625-XCQRH,Month-to-month,11,76.5,837.95,Electronic check,No,Yes,Yes
6194-HBGQN,One year,51,81.15,4126.2,Credit card (automatic),Yes,Yes,No
7634-WSWDB,Month-to-month,8,38.5,330.8,Electronic check,No,Yes,No
6986-IXNDM,Month-to-month,14,92.9,1337.45,Electronic check,No,Yes,No
1731-TVIUK,Month-to-month,4,93.5,362.2,Electronic check,Yes,Yes,Yes
2987-BJXIK,Two year,70,84.7,5991.05,Mailed check,No,No,No
9769-TSBZE,Two year,70,66.0,4891.5,Electronic check,Yes,No,No
0406-BPDVR,One year,54,101.5,5373.1,Credit card (automatic),No,Yes,Yes
0618-XWMSS,Month-to-month,28,74.9,2068.55,Bank transfer (automatic),No,Yes,Yes
1395-WSWXR,Two year,24,20.75,487.05,Mailed check,No internet service,No,No
6023-GSSXW,Two year,69,61.45,4131.2,Credit card (automatic),No,Yes,No
6752-APNJL,Month-to-month,42,54.5,2301.15,Mailed check,No,No,No
5276-KQWHG,Month-to-month,2,69.6,131.65,Electronic check,No,Yes,Yes
0420-HLGXF,Month-to-month,39,99.75,4036.0,Electronic check,No,Yes,No
7446-KQISO,Two year,45,109.75,4900.65,Bank transfer (automatic),Yes,Yes,No
9823-EALYC,Two year,72,80.85,5727.45,Bank transfer (automatic),Yes,Yes,No
0582-AVCLN,Two year,38,20.3,743.05,Mailed check,No internet service,No,No
5803-NQJZO,Two year,72,67.8,4804.65,Bank transfer (automatic),Yes,Yes,No
2565-JSLRY,Month-to-month,1,24.05,24.05,Mailed check,No internet service,Yes,Yes
2607-DHDAK,Two year,72,19.8,1414.65,Credit card (automatic),No internet service,Yes,No
1073-XXCZD,Two year,55,25.7,1443.65,Bank transfer (automatic),No internet service,No,No
0743-HRVFF,One year,51,56.15,2898.95,Electronic check,Yes,Yes,No
4006-HKYHO,Two year,63,86.7,5309.5,Bank transfer (automatic),Yes,Yes,No
3727-JEZTU,Month-to-month,1,20.4,20.4,Mailed check,No internet service,No,No
8143-ETQTI,Two year,23,19.65,451.55,Mailed check,No internet service,Yes,No
6689-KXGBO,Month-to-month,1,50.55,50.55,Electronic check,No,No,Yes
9667-TKTVZ,Month-to-month,2,54.35,117.05,Mailed check,Yes,Yes,No
3657-COGMW,Month-to-month,52,108.1,5839.3,Credit card (automatic),No,No,No
8570-KLJYJ,One year,36,54.45,1893.5,Mailed check,No,No,No
7754-IXRMC,Month-to-month,1,45.35,45.35,Mailed check,No,No,No
9473-CBZOP,One year,28,59.0,1654.45,Mailed check,No,No,No
2969-WGHQO,One year,7,69.45,477.05,Electronic check,No,No,No
6615-NGGZJ,Month-to-month,14,100.55,1415.55,Electronic check,No,Yes,Yes
4334-HOWRP,Two year,72,64.95,4546.0,Credit card (automatic),Yes,Yes,No
4255-DDUOU,Month-to-month,1,20.5,20.5,Mailed check,No internet service,Yes,Yes
5863-OOKCL,Month-to-month,10,18.85,163.2,Mailed check,No internet service,No,No
1686-STUHN,One year,42,19.8,849.9,Bank transfer (automatic),No internet service,No,No
1329-VHWNP,Month-to-month,7,25.05,189.95,Bank transfer (automatic),No,No,No
2984-MIIZL,Month-to-month,4,74.8,321.9,Bank transfer (automatic),No,Yes,Yes
0266-GMEAO,Two year,72,114.3,8058.55,Credit card (automatic),Yes,Yes,No
5590-YRFJT,Month-to-month,20,24.45,482.8,Electronic check,No,Yes,Yes
5574-NXZIU,Two year,63,109.2,7049.75,Credit card (automatic),Yes,No,No
0019-GFNTW,Two year,56,45.05,2560.1,Bank transfer (automatic),Yes,No,No
4256-ZWTZI,Month-to-month,5,51.0,286.8,Mailed check,Yes,Yes,No
8309-PPCED,Two year,72,110.45,7982.5,Bank transfer (automatic),Yes,Yes,No
4098-NAUKP,Month-to-month,68,84.65,5683.6,Electronic check,No,Yes,No
5196-WPYOW,One year,67,60.05,3994.05,Mailed check,Yes,No,No
4608-LCIMN,Month-to-month,8,44.65,369.15,Bank transfer (automatic),No,No,No
1485-YDHMM,Month-to-month,52,93.25,4631.7,Bank transfer (automatic),Yes,Yes,No
4054-CUMIA,Month-to-month,18,20.25,401.95,Mailed check,No internet service,Yes,No
0603-TPMIB,Two year,59,25.45,1534.05,Mailed check,No internet service,No,No
2525-GVKQU,Two year,60,20.6,1093.0,Mailed check,No internet service,No,No
8161-QYMTT,Month-to-month,7,94.1,701.3,Electronic check,No,Yes,No
9581-GVBXT,One year,59,34.8,1980.3,Mailed check,No,No,No
5862-BRIXZ,Two year,46,60.75,2893.4,Bank transfer (automatic),Yes,Yes,No
5404-GGUKR,Month-to-month,5,51.35,262.3,Electronic check,No,Yes,No
3308-JSGML,Two year,59,64.05,3886.85,Credit card (automatic),Yes,Yes,No
2126-GSEGL,Two year,70,84.8,5917.55,Bank transfer (automatic),Yes,Yes,No
3677-TNKIO,Month-to-month,14,71.0,914.0,Credit card (automatic),No,Yes,Yes
0440-QEXBZ,Month-to-month,44,50.15,2139.1,Mailed check,No,Yes,No
2434-EEVDB,Two year,64,94.6,5948.7,Credit card (automatic),No,Yes,No
6762-QVYJO,Two year,58,59.75,3624.35,Mailed check,Yes,No,No
6199-IWKGC,One year,46,100.25,4753.85,Electronic check,Yes,No,No
2675-DHUTR,Month-to-month,58,98.9,5780.7,Electronic check,No,Yes,No
8152-VETUR,Two year,72,97.7,6869.7,Credit card (automatic),No,Yes,No
9667-EQRXU,Month-to-month,30,40.3,1172.95,Electronic check,No,Yes,Yes
7446-YPODE,Month-to-month,11,60.25,662.95,Bank transfer (automatic),No,No,No
9522-BNTHX,Month-to-month,34,56.25,1765.95,Electronic check,No,Yes,No
4676-WLUHT,Two year,54,46.2,2431.95,Bank transfer (automatic),No,No,No
3329-WDIOK,Month-to-month,3,50.6,155.35,Electronic check,No,Yes,Yes
7980-MHFLQ,Two year,72,24.9,1859.2,Mailed check,No internet service,No,No
2873-ZLIWT,Month-to-month,40,84.85,3303.05,Electronic check,Yes,Yes,Yes
3415-TAILE,Month-to-month,2,65.7,134.35,Mailed check,No,No,Yes
0757-WCUUZ,Two year,54,63.35,3409.1,Credit card (automatic),No,No,No
1629-DQQVB,Month-to-month,14,50.1,709.5,Bank transfer (automatic),No,No,No
1915-IOFGU,Month-to-month,1,70.5,70.5,Electronic check,No,No,Yes
3045-XETSH,Month-to-month,10,94.85,953.45,Electronic check,No,Yes,Yes
0374-AACSZ,Month-to-month,1,50.15,50.15,Electronic check,No,No,No
7239-HZZCX,Month-to-month,1,19.75,19.75,Mailed check,No internet service,No,Yes
4872-VXRIL,One year,56,64.65,3665.55,Bank transfer (automatic),Yes,Yes,No
9140-CZQZZ,Two year,68,79.6,5515.8,Bank transfer (automatic),Yes,Yes,No
3423-HHXAO,One year,14,19.5,272.0,Mailed check,No internet service,Yes,No
9938-TKDGL,Two year,68,99.55,6668.0,Electronic check,Yes,Yes,No
0531-ZZJWQ,Month-to-month,55,74.0,4052.4,Electronic check,No,Yes,No
6537-QLGEX,Month-to-month,16,38.9,664.4,Electronic check,No,Yes,No
2688-BHGOG,Month-to-month,9,79.55,718.55,Electronic check,No,Yes,No
7683-CBDKJ,Month-to-month,14,65.45,937.6,Electronic check,No,Yes,Yes
0946-CLJTI,Month-to-month,58,98.7,5812.6,Electronic check,No,Yes,Yes
3160-TYXLT,Month-to-month,53,46.3,2546.85,Bank transfer (automatic),No,Yes,No
1325-USMEC,Two year,70,99.35,6944.5,Credit card (automatic),No,Yes,No
0916-QOFDP,Month-to-month,14,95.8,1346.3,Electronic check,No,Yes,No
0628-CNQRM,One year,22,67.5,1544.05,Bank transfer (automatic),Yes,Yes,Yes
5606-AMZBO,Month-to-month,10,78.15,765.15,Credit card (automatic),No,Yes,No
6199-IPCAO,Two year,29,26.1,692.55,Mailed check,No internet service,No,No
7665-TOALD,Month-to-month,1,69.6,69.6,Electronic check,No,Yes,Yes
0112-QWPNC,One year,49,84.35,4059.35,Electronic check,Yes,No,Yes
0324-BRPCJ,Month-to-month,68,100.2,6851.65,Electronic check,No,Yes,Yes
2777-PHDEI,Month-to-month,1,78.05,78.05,Electronic check,No,No,Yes
5640-CAXOA,One year,30,40.35,1187.05,Credit card (automatic),Yes,Yes,No
2235-EZAIK,Two year,72,79.2,5401.9,Credit card (automatic),Yes,No,No
3847-BAERP,Month-to-month,10,20.9,247.0,Mailed check,No internet service,Yes,No
1196-AMORA,Month-to-month,7,73.6,520.0,Electronic check,No,No,Yes
4282-YMKNA,Month-to-month,9,74.75,706.6,Electronic check,No,Yes,Yes
1453-RZFON,Month-to-month,1,49.9,49.9,Mailed check,No,No,No
8263-OKETD,Month-to-month,20,68.9,1370.35,Credit card (automatic),Yes,Yes,No
0670-KDOMA,Month-to-month,1,20.25,20.25,Mailed check,No internet service,Yes,No
2476-YGEFM,Month-to-month,29,76.0,2215.25,Credit card (automatic),No,Yes,No
8687-BAFGU,Month-to-month,1,74.0,74.0,Electronic check,Yes,No,No
0641-EVBOJ,Month-to-month,3,82.3,214.4,Mailed check,Yes,Yes,No
0829-XXPLX,Month-to-month,20,89.4,1871.15,Bank transfer (automatic),No,Yes,No
9974-JFBHQ,Month-to-month,64,99.15,6171.2,Credit card (automatic),Yes,Yes,No
5356-RHIPP,Month-to-month,1,20.2,20.2,Mailed check,No internet service,Yes,Yes
6624-JDRDS,Month-to-month,6,29.45,161.45,Bank transfer (automatic),No,No,No
0608-JDVEC,Two year,50,19.8,1013.2,Electronic check,No internet service,No,No
9780-FKVVF,Month-to-month,6,59.15,336.7,Bank transfer (automatic),No,Yes,No
1919-RTPQD,Month-to-month,7,44.75,333.65,Electronic check,No,No,No
5214-NLTIT,Two year,72,90.8,6511.8,Credit card (automatic),No,Yes,No
3345-PBBFH,Month-to-month,8,49.55,393.45,Bank transfer (automatic),No,Yes,No
5055-BRMNE,Two year,67,106.7,7009.5,Credit card (automatic),Yes,No,No
9189-JWSHV,Month-to-month,24,93.55,2264.05,Electronic check,No,Yes,Yes
2190-PHBHR,Two year,72,94.45,6921.7,Credit card (automatic),No,Yes,No
2650-GYRYL,One year,33,19.45,600.25,Bank transfer (automatic),No internet service,Yes,No
0746-JTRFU,Month-to-month,2,25.05,56.35,Electronic check,No,Yes,Yes
5208-FVQKB,Two year,70,67.95,4664.15,Mailed check,Yes,No,No
7184-LRUUR,One year,22,65.25,1441.8,Bank transfer (automatic),No,No,No
6627-CFOSN,Month-to-month,59,99.45,5623.7,Bank transfer (automatic),No,Yes,No
3982-JGSFD,One year,36,20.35,695.85,Credit card (automatic),No internet service,Yes,No
1574-DYCWE,Two year,51,19.95,1028.75,Mailed check,No internet service,No,No
7247-XOZPB,One year,53,77.4,4155.95,Bank transfer (automatic),Yes,No,No
2466-FCCPT,One year,20,19.7,395.6,Bank transfer (automatic),No internet service,No,No
6211-WWLTF,Two year,63,99.7,6330.4,Credit card (automatic),No,No,No
4826-TZEVA,Month-to-month,40,74.8,2971.7,Credit card (automatic),No,No,No
6016-NXBNJ,One year,35,19.15,638.0,Mailed check,No internet service,Yes,No
9138-EFSMO,One year,26,78.95,2034.25,Bank transfer (automatic),No,No,No
0576-WNXXC,Month-to-month,27,95.55,2510.2,Electronic check,No,Yes,Yes
4632-XJMEX,One year,53,62.85,3419.5,Credit card (automatic),Yes,No,No
8910-LEDAG,Month-to-month,34,71.55,2427.35,Credit card (automatic),No,No,No
3452-GWUIN,Month-to-month,19,94.95,1760.25,Electronic check,No,Yes,No
2716-GFZOR,Month-to-month,43,86.1,3551.65,Credit card (automatic),No,Yes,No
3724-UCSHY,Month-to-month,6,19.55,122.9,Mailed check,No internet service,No,No
8626-XHBIE,Two year,56,24.8,1424.2,Mailed check,No internet service,Yes,No
4628-CTTLA,Month-to-month,57,39.3,2111.45,Electronic check,No,Yes,Yes
3192-LNKRK,Month-to-month,34,84.05,2909.95,Mailed check,No,Yes,No
4439-YRNVD,Month-to-month,10,36.25,374.0,Electronic check,Yes,No,No
2876-VBBBL,Month-to-month,1,20.25,20.25,Mailed check,No internet service,Yes,Yes
6834-NXDCA,Month-to-month,13,23.9,300.8,Electronic check,No,Yes,Yes
2208-UGTGR,Month-to-month,56,98.6,5581.05,Electronic check,No,No,No
3005-TYFRD,Month-to-month,55,103.65,5676.65,Credit card (automatic),No,Yes,No
8670-MEFCP,Two year,36,92.9,3379.25,Credit card (automatic),Yes,Yes,No
3079-BCHLN,One year,47,19.9,942.95,Bank transfer (automatic),No internet service,No,No
7777-UNYHB,Month-to-month,12,20.1,232.4,Credit card (automatic),No internet service,Yes,No
5597-GLBUC,Month-to-month,1,85.45,85.45,Electronic check,No,Yes,Yes
7278-CKDNC,Month-to-month,24,80.5,2088.45,Electronic check,No,Yes,No
2748-MYRVK,One year,63,99.9,6137.0,Bank transfer (automatic),No,No,Yes
8450-UYIBU,Month-to-month,35,39.85,1434.6,Electronic check,No,Yes,No
2969-VAPYH,One year,67,60.5,3870.0,Credit card (automatic),Yes,No,No
4822-YCXMX,Month-to-month,25,84.8,2043.45,Electronic check,No,Yes,Yes
7181-OQCUT,Month-to-month,21,103.85,2215.0,Mailed check,No,No,No
8474-UMLNT,Month-to-month,13,67.8,842.25,Bank transfer (automatic),Yes,No,No
9821-POOTN,Month-to-month,35,75.2,2576.2,Electronic check,No,Yes,Yes
3836-FZSDJ,Two year,71,24.85,1901.0,Bank transfer (automatic),No internet service,No,No
9142-XMYJH,Month-to-month,29,19.35,601.6,Credit card (automatic),No internet service,No,No
6559-ILWKJ,Two year,71,49.35,3515.25,Electronic check,No,No,Yes
0187-QSXOE,Month-to-month,7,89.0,605.45,Electronic check,No,Yes,No
7733-UDMTP,Month-to-month,57,55.0,3094.05,Electronic check,No,Yes,No
2649-HWLYB,Two year,65,76.15,4929.55,Bank transfer (automatic),Yes,No,No
5214-CHIWJ,One year,27,20.3,595.05,Mailed check,No internet service,No,No
4229-CZMLL,Month-to-month,6,74.9,469.8,Electronic check,No,Yes,Yes
6904-JLBGY,Two year,72,117.35,8436.25,Credit card (automatic),Yes,Yes,No
2465-BLLEU,Month-to-month,1,19.75,19.75,Mailed check,No internet service,Yes,No
1685-VAYJF,Month-to-month,11,45.2,492.0,Credit card (automatic),No,No,No
8874-EJNSR,Two year,39,25.2,987.95,Mailed check,No internet service,No,No
6917-YACBP,Month-to-month,59,89.75,5496.9,Electronic check,No,Yes,No
5049-MUBWG,One year,26,75.0,1908.35,Bank transfer (automatic),Yes,No,No
4223-WOZCM,Month-to-month,2,49.95,107.1,Mailed check,No,No,No
0769-MURVM,Two year,72,65.7,4575.35,Bank transfer (automatic),Yes,No,No
9253-VIFJQ,One year,65,67.05,4309.55,Credit card (automatic),No,No,No
7030-FZTFM,Two year,72,110.9,7922.75,Credit card (automatic),Yes,No,No
9741-YLNTD,Month-to-month,6,87.95,522.35,Bank transfer (automatic),Yes,Yes,No
5917-RYRMG,One year,32,19.8,587.7,Credit card (automatic),No internet service,No,No
5120-ZBLAI,One year,50,75.7,3876.2,Bank transfer (automatic),No,No,No
1194-BHJYC,Two year,61,62.15,3778.85,Mailed check,Yes,Yes,No
3663-MITLP,Month-to-month,15,101.25,1457.25,Electronic check,No,Yes,Yes
0906-QVPMS,Two year,72,115.15,8349.45,Bank transfer (automatic),Yes,No,No
9025-ZRPVR,Month-to-month,9,18.95,185.6,Mailed check,No internet service,Yes,Yes
1905-OEILC,Month-to-month,1,19.5,19.5,Mailed check,No internet service,No,No
7858-GTZSP,Month-to-month,12,86.55,1066.9,Electronic check,No,Yes,No
3285-UCQVC,Month-to-month,37,28.6,973.55,Credit card (automatic),Yes,No,Yes
6248-BSHKG,One year,61,20.4,1226.45,Mailed check,No internet service,No,No
4685-TFLLS,One year,18,19.8,342.3,Bank transfer (automatic),No internet service,No,No
3470-BTGQO,Month-to-month,21,45.65,985.05,Mailed check,No,No,No
1209-VFFOC,Two year,68,56.4,3948.45,Mailed check,Yes,Yes,No
8224-DWCKX,Month-to-month,12,73.3,828.05,Credit card (automatic),No,Yes,No
5482-PLVPE,Month-to-month,2,24.35,41.85,Electronic check,No,No,Yes
4553-DVPZG,Month-to-month,62,101.35,6164.7,Electronic check,No,Yes,No
4902-OHLSK,Month-to-month,29,98.65,2862.75,Electronic check,Yes,No,Yes
6917-IAYHD,Month-to-month,1,33.6,33.6,Mailed check,Yes,No,No
0495-ZBNGW,Month-to-month,5,79.9,343.95,Bank transfer (automatic),No,Yes,Yes
8620-RJPZN,Month-to-month,1,20.7,20.7,Electronic check,No internet service,No,No
7572-KPVKK,Two year,62,104.05,6590.5,Electronic check,Yes,Yes,No
2642-MAWLJ,Two year,36,20.25,717.95,Bank transfer (automatic),No internet service,No,No
2357-COQEK,Month-to-month,28,103.3,2890.65,Electronic check,Yes,Yes,Yes
7103-ZGVNT,One year,69,73.7,4885.85,Credit card (automatic),Yes,No,No
3737-GCSPV,Month-to-month,11,96.2,1222.05,Credit card (automatic),Yes,Yes,Yes
2027-WKXMW,Month-to-month,63,108.75,6871.7,Electronic check,Yes,Yes,No
7137-NAXML,One year,23,20.15,405.6,Bank transfer (automatic),No internet service,No,No
2428-ZMCTB,Month-to-month,10,19.75,208.25,Credit card (automatic),No internet service,No,No
2961-VNFKL,Two year,71,25.95,1801.9,Credit card (automatic),No internet service,Yes,No
1768-HNVGJ,Month-to-month,45,70.05,3062.45,Electronic check,Yes,Yes,No
6963-KQYQB,Two year,70,24.05,1764.75,Mailed check,No internet service,No,No
5934-RMPOV,Month-to-month,22,84.75,1816.75,Electronic check,No,Yes,No
1207-BLKSA,Two year,52,23.05,1255.1,Mailed check,No internet service,No,No
4088-YLDSU,One year,55,104.15,5743.05,Electronic check,Yes,Yes,Yes
8316-BBQAY,Two year,65,59.95,3921.1,Credit card (automatic),Yes,No,No
1166-PQLGG,Two year,72,19.55,1463.45,Bank transfer (automatic),No internet service,No,No
3146-JTQHR,One year,10,19.6,189.45,Bank transfer (automatic),No internet service,No,No
4291-YZODP,One year,7,20.05,96.8,Mailed check,No internet service,No,No
4395-PZMSN,Month-to-month,5,85.55,408.5,Electronic check,No,Yes,No
6427-FEFIG,Two year,24,78.6,1846.65,Credit card (automatic),No,No,No
0017-IUDMW,Two year,72,116.8,8456.75,Credit card (automatic),Yes,Yes,No
8706-HRADD,Month-to-month,21,43.55,1011.5,Mailed check,Yes,Yes,No
9955-QOPOY,One year,69,60.8,4263.4,Credit card (automatic),Yes,Yes,No
4385-ZKVNW,Month-to-month,44,54.9,2549.1,Bank transfer (automatic),Yes,Yes,No
5446-DKWYW,One year,61,65.2,3965.05,Electronic check,No,Yes,No
2034-CGRHZ,Month-to-month,24,102.95,2496.7,Credit card (automatic),No,Yes,Yes
5797-APWZC,Month-to-month,1,90.6,90.6,Electronic check,No,No,Yes
3683-QKIUE,Month-to-month,6,50.8,288.05,Bank transfer (automatic),Yes,Yes,Yes
4228-ZGYUW,Month-to-month,4,90.05,368.1,Electronic check,No,Yes,Yes
9031-ZVQPT,Two year,72,108.2,7840.6,Electronic check,Yes,Yes,No
2990-IAJSV,Two year,72,92.0,6632.75,Bank transfer (automatic),Yes,No,No
8107-KNCIM,Month-to-month,14,75.1,1013.35,Electronic check,No,Yes,No
9027-YFHQJ,Month-to-month,7,25.05,152.95,Bank transfer (automatic),No internet service,Yes,No
5176-LDKUH,One year,48,75.15,3772.65,Electronic check,No,No,No
4644-OBGFZ,One year,55,19.5,1026.35,Mailed check,No internet service,No,No
7926-IJOOU,Month-to-month,1,19.3,19.3,Credit card (automatic),No internet service,No,No
6480-YAGIY,One year,45,112.2,5031.85,Credit card (automatic),Yes,No,No
4029-HPFVY,Month-to-month,3,70.3,220.4,Mailed check,No,Yes,No
7602-DBTOU,Two year,71,19.6,1416.5,Mailed check,No internet service,No,No
5345-BMKWB,Month-to-month,8,20.25,158.35,Mailed check,No internet service,No,No
3519-ZKXGG,Month-to-month,3,75.85,256.6,Electronic check,No,Yes,Yes
5457-COLHT,Two year,69,80.65,5542.55,Bank transfer (automatic),Yes,No,No
6416-TVAIH,Month-to-month,1,68.5,68.5,Electronic check,No,Yes,Yes
5451-YHYPW,Two year,72,115.75,8443.7,Credit card (automatic),Yes,Yes,No
5108-ADXWO,Month-to-month,11,73.5,791.75,Electronic check,No,Yes,Yes
7998-WNZEM,Two year,71,80.6,5708.2,Bank transfer (automatic),Yes,No,No
3066-RRJIO,Month-to-month,1,69.95,69.95,Mailed check,No,Yes,Yes
4664-NJCMS,Two year,33,59.55,2016.3,Bank transfer (automatic),Yes,No,No
0307-BCOPK,One year,16,19.05,326.65,Mailed check,No internet service,No,No
7629-WFGLW,One year,56,95.65,5471.75,Electronic check,Yes,No,No
2542-HYGIQ,Month-to-month,1,19.95,19.95,Credit card (automatic),No internet service,No,No
6715-OFDBP,Month-to-month,5,70.05,346.4,Electronic check,No,Yes,Yes
5016-LIPDW,One year,57,19.4,1061.6,Mailed check,No internet service,No,No
6481-LXPWL,One year,56,36.1,1971.5,Credit card (automatic),No,Yes,No
1567-DSCIC,Month-to-month,8,94.0,773.65,Electronic check,No,Yes,Yes
2150-UWTFY,Month-to-month,22,61.15,1422.05,Mailed check,No,No,Yes
6124-ACRHJ,Month-to-month,1,19.75,19.75,Mailed check,No internet service,No,No
9362-MWODR,Month-to-month,40,64.1,2460.35,Credit card (automatic),Yes,Yes,No
9975-GPKZU,Two year,46,19.75,856.5,Credit card (automatic),No internet service,No,No
9625-RZFUK,Two year,63,19.7,1275.85,Mailed check,No internet service,No,No
5153-LXKDT,Two year,68,110.2,7467.5,Electronic check,No,Yes,No
5161-UBZXI,Two year,69,106.35,7261.75,Credit card (automatic),Yes,Yes,No
1020-JPQOW,Month-to-month,56,90.55,5116.6,Electronic check,Yes,No,No
7919-ZODZZ,One year,10,65.9,660.05,Mailed check,No,Yes,No
0565-JUPYD,One year,63,104.5,6590.8,Credit card (automatic),Yes,No,No
6867-ACCZI,Two year,24,52.5,1208.15,Mailed check,Yes,Yes,No
5939-XAIXZ,Month-to-month,19,56.1,1033.9,Mailed check,No,Yes,No
9054-FOWNV,Month-to-month,22,88.75,1885.15,Electronic check,No,Yes,No
2683-BPJSO,Month-to-month,29,84.45,2467.1,Electronic check,No,Yes,Yes
2157-MXBJS,One year,13,75.3,989.45,Mailed check,No,Yes,Yes
8207-VVMYB,Two year,70,26.0,2006.95,Bank transfer (automatic),No internet service,Yes,No
9732-EQMWY,Month-to-month,49,99.4,5025.0,Electronic check,No,No,No
9360-AHGNL,One year,43,109.55,4830.25,Mailed check,Yes,Yes,Yes
1087-UDSIH,Month-to-month,3,19.6,59.75,Mailed check,No internet service,Yes,Yes
5269-NRGDP,One year,42,73.15,3088.25,Electronic check,Yes,No,No
6195-MELTI,One year,57,54.65,3134.7,Mailed check,Yes,Yes,No
5485-WUYWF,Month-to-month,2,66.4,94.55,Bank transfer (automatic),No,No,Yes
2121-JAFOM,Two year,72,115.55,8312.4,Credit card (automatic),Yes,Yes,No
8818-DOPVL,Month-to-month,46,104.45,4863.85,Electronic check,No,Yes,No
2632-UCGVD,Month-to-month,66,100.05,6871.9,Credit card (automatic),Yes,Yes,Yes
5445-PZWGX,One year,62,102.0,6529.25,Electronic check,Yes,No,Yes
1227-UDMZR,Two year,72,91.15,6637.9,Bank transfer (automatic),Yes,Yes,No
5198-HQAEN,One year,35,89.7,3165.6,Electronic check,Yes,Yes,No
9170-CCKOU,Month-to-month,17,90.2,1454.15,Credit card (automatic),No,No,Yes
2167-FQSTQ,Two year,72,92.4,6786.1,Electronic check,Yes,Yes,No
2819-GWENI,One year,28,19.9,543.0,Mailed check,No internet service,No,No
1043-YCUTE,Two year,56,25.15,1327.15,Credit card (automatic),No internet service,Yes,Yes
3814-MLAXC,Month-to-month,31,79.85,2404.15,Credit card (automatic),Yes,Yes,Yes
3572-UUHRS,One year,45,18.85,867.3,Bank transfer (automatic),No internet service,No,No
2692-PFYTJ,Month-to-month,1,25.75,25.75,Mailed check,No internet service,Yes,No
1226-UDFZR,Month-to-month,2,49.6,114.7,Mailed check,No,Yes,Yes
5955-EPOAZ,Month-to-month,6,20.95,109.5,Mailed check,No internet service,Yes,No
6821-JPCDC,One year,48,97.05,4692.95,Electronic check,No,Yes,No
8815-LMFLX,Month-to-month,25,25.4,546.85,Bank transfer (automatic),No internet service,Yes,No
9135-HSWOC,Two year,64,19.7,1274.05,Bank transfer (automatic),No internet service,Yes,No
8582-KRHPJ,Month-to-month,50,35.0,1782.4,Mailed check,No,Yes,No
5811-IWXYM,One year,52,101.25,5301.1,Bank transfer (automatic),No,No,No
7044-YAACC,Month-to-month,4,70.2,280.35,Electronic check,No,Yes,No
8189-XRIKE,Month-to-month,32,90.95,2897.95,Electronic check,No,No,No
1506-YJTYT,Two year,45,73.85,3371.0,Credit card (automatic),Yes,No,No
4123-DVHPH,Month-to-month,9,88.05,801.3,Electronic check,No,Yes,No
6425-YQLLO,One year,66,105.95,6975.25,Credit card (automatic),Yes,Yes,Yes
5442-UTCVD,Month-to-month,3,91.85,257.05,Electronic check,No,No,Yes
2228-BZDEE,Two year,54,20.1,1079.45,Mailed check,No internet service,No,No
7734-DBOAI,Month-to-month,1,40.1,40.1,Electronic check,Yes,No,Yes
2789-CZANW,Two year,64,110.3,6997.3,Bank transfer (automatic),Yes,No,No
2091-RFFBA,Month-to-month,31,73.9,2217.15,Electronic check,No,Yes,Yes
2114-MGINA,Month-to-month,14,89.8,1129.1,Mailed check,No,Yes,Yes
7596-LDUXP,One year,12,85.15,979.05,Credit card (automatic),No,Yes,No
3740-RLMVT,One year,67,60.95,4119.4,Bank transfer (automatic),Yes,Yes,No
4489-SNOJF,Month-to-month,35,72.25,2568.55,Electronic check,Yes,No,Yes
2192-OZITF,Two year,45,73.55,3349.1,Mailed check,Yes,No,No
5651-CPDND,Month-to-month,10,46.0,492.1,Mailed check,No,No,No
2186-QZEYA,Month-to-month,29,58.55,1718.95,Bank transfer (automatic),No,Yes,No
1131-ALZWV,One year,24,24.6,605.25,Bank transfer (automatic),No internet service,No,No
7729-XBTWX,Two year,66,19.75,1344.5,Mailed check,No internet service,Yes,No
9134-WYRVP,One year,51,86.35,4267.15,Mailed check,No,No,No
3284-SVCRO,Two year,45,25.5,1121.05,Mailed check,No internet service,No,No
9732-OUYRN,One year,49,19.0,918.7,Credit card (automatic),No internet service,No,No
0559-CKHUS,Two year,29,19.55,521.8,Mailed check,No internet service,Yes,No
2931-SVLTV,Month-to-month,40,110.1,4469.1,Credit card (automatic),Yes,Yes,No
6899-PPEEA,Month-to-month,37,96.55,3580.3,Electronic check,No,Yes,Yes
7504-UWHNB,Month-to-month,25,69.75,1729.35,Electronic check,No,No,No
2582-FFFZR,Month-to-month,22,50.6,1073.3,Electronic check,No,Yes,No
8908-NMQTX,Two year,72,65.6,4566.5,Bank transfer (automatic),Yes,Yes,No
2187-LZGPL,Month-to-month,7,40.1,293.3,Credit card (automatic),No,Yes,Yes
1431-AIDJQ,Two year,33,82.1,2603.1,Credit card (automatic),Yes,No,No
6288-LBEAR,Month-to-month,23,79.1,1783.75,Mailed check,Yes,Yes,No
4597-NUCQV,Month-to-month,24,101.25,2440.15,Electronic check,No,Yes,Yes
9019-QVLZD,Month-to-month,1,79.55,79.55,Electronic check,No,No,Yes
8413-YNHNV,Two year,69,90.65,6322.1,Mailed check,Yes,No,No
5808-TOTXO,One year,3,20.55,57.4,Credit card (automatic),No internet service,Yes,No
4369-NYSCF,One year,56,75.75,4284.65,Bank transfer (automatic),Yes,Yes,No
6333-YDVLT,One year,65,110.0,7138.65,Credit card (automatic),Yes,Yes,No
5324-KTGCG,One year,71,20.85,1539.75,Electronic check,No internet service,No,No
5599-HVLTW,Month-to-month,14,80.35,1058.1,Bank transfer (automatic),No,Yes,No
7394-LWLYN,Month-to-month,2,70.15,123.8,Electronic check,No,Yes,No
3707-LRWZD,One year,32,84.05,2781.85,Electronic check,No,No,Yes
6873-UDNLD,Month-to-month,40,67.45,2731.0,Electronic check,No,No,No
2700-LUEVA,Month-to-month,1,20.75,20.75,Credit card (automatic),No internet service,No,No
1455-ESIQH,Month-to-month,1,89.1,89.1,Electronic check,No,Yes,Yes
0958-YHXGP,Month-to-month,7,69.9,497.3,Mailed check,No,Yes,No
1101-SSWAG,Month-to-month,15,51.1,711.15,Electronic check,No,Yes,No
2979-SXESE,Month-to-month,17,94.4,1607.2,Electronic check,No,No,Yes
4013-TLDHQ,Month-to-month,19,78.25,1490.95,Electronic check,No,Yes,Yes
5743-KHMNA,Two year,71,25.55,1898.1,Bank transfer (automatic),No internet service,No,No
4194-FJARJ,Two year,54,60.0,3273.95,Bank transfer (automatic),Yes,No,No
5325-UWTWJ,Month-to-month,31,90.55,2929.75,Credit card (automatic),Yes,Yes,No
3969-GYXEL,Month-to-month,11,76.4,838.7,Electronic check,No,No,No
9208-OLGAQ,Month-to-month,18,84.95,1443.65,Electronic check,No,Yes,No
3244-CQPHU,Two year,72,110.1,7746.7,Bank transfer (automatic),Yes,Yes,No
2674-MLXMN,Month-to-month,71,99.65,6951.15,Credit card (automatic),No,Yes,No
9708-HPXWZ,Month-to-month,5,45.4,214.75,Credit card (automatic),Yes,No,No
6992-TKNYO,One year,38,69.0,2669.45,Credit card (automatic),Yes,No,No
4468-YDOVK,Month-to-month,5,48.65,235.2,Bank transfer (automatic),Yes,Yes,No
3754-DXMRT,Month-to-month,2,44.15,92.65,Electronic check,No,Yes,Yes
5792-JALQC,Two year,52,59.85,3103.25,Bank transfer (automatic),No,No,No
7130-VTEWQ,Month-to-month,8,75.75,606.25,Electronic check,No,Yes,Yes
2200-DSAAL,Two year,68,80.65,5330.2,Electronic check,No,Yes,No
4302-ZYFEL,One year,69,20.55,1403.1,Credit card (automatic),No internet service,Yes,No
9351-LZYGF,Month-to-month,42,66.4,2727.8,Credit card (automatic),Yes,Yes,No
4366-CTOUZ,Two year,50,100.2,5038.45,Mailed check,Yes,Yes,No
6121-VZNQB,Month-to-month,1,19.1,19.1,Mailed check,No internet service,Yes,Yes
7903-CMPEY,Month-to-month,1,80.3,80.3,Electronic check,No,Yes,Yes
1518-OMDIK,Month-to-month,33,44.55,1462.6,Credit card (automatic),No,Yes,No
6671-NGWON,Month-to-month,7,20.35,150.6,Mailed check,No internet service,No,No
0595-ITUDF,Month-to-month,64,91.8,5960.5,Electronic check,No,Yes,No
6996-KNSML,Month-to-month,1,74.9,74.9,Electronic check,No,Yes,Yes
1955-IBMMB,Two year,59,20.2,1192.3,Bank transfer (automatic),No internet service,Yes,No
0096-BXERS,Month-to-month,6,50.35,314.55,Electronic check,No,No,No
3806-YAZOV,Month-to-month,3,18.8,56.0,Mailed check,No internet service,No,No
7998-ZLXWN,Month-to-month,15,20.45,330.8,Credit card (automatic),No internet service,No,No
6253-WRFHY,One year,13,64.75,877.35,Electronic check,No,Yes,No
9133-AYJZG,Month-to-month,23,98.7,2249.1,Credit card (automatic),No,Yes,No
2675-OTVVJ,Month-to-month,31,89.45,2807.65,Electronic check,No,No,No
8680-CGLTP,One year,29,58.75,1696.2,Electronic check,Yes,Yes,No
8430-TWCBX,One year,49,20.7,1032.05,Credit card (automatic),No internet service,No,No
5018-GWURO,Month-to-month,56,85.6,4902.8,Bank transfer (automatic),No,Yes,No
6741-QRLUP,Two year,63,80.3,4995.35,Credit card (automatic),Yes,Yes,No
4737-HOBAX,Two year,63,79.8,5034.05,Credit card (automatic),Yes,No,No
0537-QYZZN,Month-to-month,24,79.85,1857.75,Electronic check,No,Yes,No
3340-QBBFM,One year,36,54.1,1992.85,Credit card (automatic),Yes,No,No
1704-NRWYE,Month-to-month,9,80.85,751.65,Electronic check,No,Yes,Yes
2592-SEIFQ,Month-to-month,3,24.75,66.95,Electronic check,No,No,Yes
8200-KLNYW,One year,21,80.9,1714.95,Mailed check,Yes,No,No
3372-CDXFJ,One year,13,24.5,343.6,Bank transfer (automatic),No internet service,No,No
4781-ZXYGU,Month-to-month,1,20.15,20.15,Bank transfer (automatic),No internet service,Yes,No
7632-YUTXB,One year,25,20.05,520.1,Mailed check,No internet service,No,No
2718-YSKCS,Two year,71,19.6,1387.45,Bank transfer (automatic),No internet service,Yes,No
9896-UYMIE,One year,66,114.3,7383.7,Bank transfer (automatic),Yes,Yes,No
0853-NWIFK,One year,45,100.3,4483.95,Electronic check,No,Yes,No
8212-CRQXP,Month-to-month,22,80.0,1706.45,Credit card (automatic),No,Yes,No
6980-CDGFC,One year,67,20.85,1327.4,Bank transfer (automatic),No internet service,Yes,No
7691-XVTZH,Two year,68,89.95,5974.3,Bank transfer (automatic),No,Yes,No
2520-SGTTA,Two year,0,20.0,0.0,Mailed check,No internet service,No,No
7481-ATQQS,Month-to-month,49,90.85,4515.85,Credit card (automatic),No,Yes,Yes
2277-VWCNI,Month-to-month,4,48.75,179.85,Mailed check,No,No,No
1088-CNNKB,One year,63,80.0,5040.2,Credit card (automatic),Yes,No,No
8642-GVWRF,Month-to-month,2,79.7,165.0,Bank transfer (automatic),No,No,Yes
1930-BZLHI,One year,21,20.35,422.7,Mailed check,No internet service,Yes,No
3400-ESFUW,Two year,55,57.55,3046.4,Bank transfer (automatic),Yes,No,Yes
5868-YTYKS,Month-to-month,1,20.25,20.25,Mailed check,No internet service,Yes,No
3525-DVKFN,Two year,17,19.4,358.05,Mailed check,No internet service,No,No
1482-OXZSY,Month-to-month,30,100.4,2936.25,Bank transfer (automatic),No,Yes,No
0377-JBKKT,Month-to-month,22,57.95,1271.8,Mailed check,Yes,Yes,No
5778-BVOFB,Month-to-month,9,59.5,530.05,Bank transfer (automatic),Yes,Yes,No
3373-YZZYM,Month-to-month,1,19.2,19.2,Mailed check,No internet service,No,No
2057-ZBLPD,Month-to-month,21,86.5,1808.7,Electronic check,No,Yes,Yes
0228-MAUWC,Month-to-month,19,59.55,1144.6,Electronic check,Yes,No,No
5502-RLUYV,Month-to-month,69,103.95,7446.9,Electronic check,No,Yes,Yes
0023-HGHWL,Month-to-month,1,25.1,25.1,Electronic check,No,Yes,Yes
7663-YJHSN,Two year,72,103.95,7556.9,Bank transfer (automatic),Yes,Yes,No
4915-BFSXL,Two year,70,68.95,4858.7,Credit card (automatic),No,No,No
3086-RUCRN,Month-to-month,66,103.1,6595.0,Bank transfer (automatic),Yes,Yes,No
5215-LNLDJ,Month-to-month,7,24.7,149.05,Electronic check,No,Yes,No
7576-JMYWV,Month-to-month,46,110.2,4972.1,Electronic check,Yes,Yes,No
9039-RBEEE,Month-to-month,39,48.95,1880.85,Credit card (automatic),Yes,Yes,Yes
0257-KXZGU,Month-to-month,32,62.45,2045.55,Bank transfer (automatic),No,No,No
1307-ATKGB,Month-to-month,24,89.55,2187.15,Electronic check,No,Yes,No
8417-FMLZI,Month-to-month,6,83.55,477.55,Credit card (automatic),No,Yes,Yes
3714-XPXBW,Month-to-month,37,78.9,2976.95,Credit card (automatic),Yes,Yes,No
1850-AKQEP,Month-to-month,8,20.35,178.7,Mailed check,No internet service,No,No
2824-DXNKN,Two year,72,71.45,5025.85,Bank transfer (automatic),No,Yes,No
5227-JSCFE,Two year,71,46.35,3353.4,Credit card (automatic),Yes,No,No
0848-ZGQIJ,Month-to-month,16,94.65,1461.15,Bank transfer (automatic),No,Yes,No
3621-CHYVB,Month-to-month,57,49.9,2782.4,Bank transfer (automatic),Yes,Yes,No
8042-RNLKO,One year,66,25.45,1699.15,Bank transfer (automatic),No internet service,No,No
1792-UXAFY,Month-to-month,17,89.15,1496.9,Electronic check,No,Yes,Yes
5372-FBKBN,Month-to-month,21,20.75,452.2,Mailed check,No internet service,No,No
0420-TXVSG,Two year,66,66.1,4428.45,Credit card (automatic),No,Yes,No
6217-TOWGS,Month-to-month,17,75.4,1322.55,Bank transfer (automatic),No,Yes,No
0515-YPMCW,Month-to-month,1,70.45,70.45,Mailed check,No,Yes,Yes
0378-XSZPU,One year,58,60.3,3563.8,Credit card (automatic),No,No,Yes
1045-LTCYT,Month-to-month,8,21.05,139.75,Credit card (automatic),No internet service,No,No
1544-JJMYL,One year,27,69.35,1927.3,Credit card (automatic),Yes,No,No
4636-JGAAI,Month-to-month,34,88.85,3000.25,Mailed check,No,No,No
6874-SGLHU,One year,30,97.0,3021.3,Bank transfer (automatic),No,Yes,No
5951-AOFIH,Month-to-month,33,66.4,2245.4,Credit card (automatic),No,Yes,No
4729-XKASR,Month-to-month,1,24.75,24.75,Electronic check,No,No,Yes
3059-NGMXB,Month-to-month,14,69.2,944.65,Mailed check,No,No,No
8652-YHIYU,One year,16,79.5,1264.2,Credit card (automatic),Yes,Yes,No
5278-PNYOX,Two year,49,100.65,4917.75,Credit card (automatic),Yes,No,No
5449-FIBXJ,Month-to-month,19,103.3,2012.7,Electronic check,Yes,No,Yes
3486-HOOGQ,Two year,70,79.7,5743.3,Bank transfer (automatic),Yes,No,No
5061-PBXFW,Month-to-month,32,61.4,1864.65,Bank transfer (automatic),Yes,No,No
8630-FJLIB,Month-to-month,18,69.8,1221.65,Electronic check,No,Yes,No
3891-NLXJB,Two year,37,40.55,1390.85,Mailed check,Yes,Yes,No
4749-OJKQU,Month-to-month,4,75.65,302.35,Electronic check,No,Yes,No
0577-WHMEV,Month-to-month,16,90.7,1374.9,Electronic check,No,No,No
5453-AXEPF,Month-to-month,17,80.5,1336.9,Bank transfer (automatic),No,Yes,No
3639-XJHKQ,Month-to-month,19,60.6,1297.8,Electronic check,No,Yes,No
3716-LRGXK,Two year,60,101.15,6067.4,Credit card (automatic),No,No,No
2263-SFSQZ,Two year,51,24.95,1222.25,Mailed check,No internet service,Yes,No
9950-MTGYX,Two year,28,20.3,487.95,Credit card (automatic),No internet service,Yes,No
3397-AVTKU,Two year,43,60.0,2548.55,Electronic check,No,Yes,No
4825-FUREZ,Two year,42,20.25,835.5,Electronic check,No internet service,No,No
9837-BMCLM,Month-to-month,3,78.5,242.05,Electronic check,No,Yes,Yes
2672-OJQZP,Month-to-month,1,44.75,44.75,Mailed check,No,No,No
0137-UDEUO,Month-to-month,3,19.85,63.75,Mailed check,No internet service,No,Yes
3134-DSHVC,Two year,63,98.0,6218.45,Credit card (automatic),No,No,No
6161-UUUTA,Month-to-month,3,79.9,260.9,Electronic check,No,Yes,Yes
7821-DPRQE,Month-to-month,68,107.7,7320.9,Electronic check,Yes,Yes,No
6543-XRMYR,Month-to-month,30,99.7,2967.35,Electronic check,No,Yes,Yes
2001-EWBQU,Two year,60,104.7,6333.8,Electronic check,No,No,No
4925-LMHOK,Month-to-month,15,58.6,939.7,Credit card (automatic),Yes,Yes,Yes
1608-GMEWB,Month-to-month,45,93.9,4200.25,Bank transfer (automatic),No,Yes,No
6695-AMZUF,Two year,70,86.45,5950.2,Credit card (automatic),Yes,No,No
1455-UGQVH,Month-to-month,10,98.5,1037.75,Electronic check,No,Yes,Yes
8410-BGQXN,Month-to-month,4,19.4,93.4,Mailed check,No internet service,No,No
8280-MQRQN,Month-to-month,1,50.45,50.45,Mailed check,No,Yes,Yes
1619-YWUBB,Two year,68,24.95,1614.9,Credit card (automatic),No internet service,Yes,No
7611-YKYTC,Month-to-month,22,75.0,1573.95,Bank transfer (automatic),No,No,No
2037-SGXHH,Month-to-month,38,94.65,3624.3,Electronic check,No,Yes,Yes
3178-FESZO,Month-to-month,1,100.25,100.25,Credit card (automatic),No,Yes,Yes
0365-GXEZS,Month-to-month,18,78.2,1468.75,Electronic check,Yes,No,No
0082-OQIQY,Month-to-month,29,94.2,2607.6,Electronic check,Yes,Yes,No
6087-MVHJH,Month-to-month,16,88.45,1422.1,Electronic check,No,Yes,Yes
4603-JANFB,Month-to-month,1,69.85,69.85,Electronic check,No,Yes,Yes
3018-TFTSU,Month-to-month,12,81.7,858.6,Bank transfer (automatic),No,No,Yes
3606-SBKRY,One year,31,50.05,1523.4,Electronic check,No,Yes,No
4806-KEXQR,Month-to-month,4,79.9,324.3,Electronic check,No,Yes,Yes
0667-NSRGI,One year,48,69.55,3435.6,Mailed check,Yes,Yes,No
7083-YNSKY,Month-to-month,15,25.4,399.6,Credit card (automatic),No internet service,Yes,Yes
6893-ODYYE,One year,50,90.1,4549.45,Credit card (automatic),Yes,Yes,No
8242-JSVBO,Month-to-month,7,44.65,322.5,Bank transfer (automatic),No,Yes,No
2479-BRAMR,Month-to-month,41,83.75,3273.55,Bank transfer (automatic),No,Yes,Yes
9541-ZPSEA,Two year,68,80.35,5375.15,Credit card (automatic),No,No,No
2665-NPTGL,Month-to-month,26,98.1,2510.7,Bank transfer (automatic),No,Yes,No
1139-WUOAH,Two year,57,53.35,3090.05,Credit card (automatic),Yes,No,No
4693-VWVBO,Month-to-month,3,19.55,61.05,Electronic check,No internet service,No,No
7434-SHXLS,Month-to-month,1,20.9,20.9,Mailed check,No internet service,No,Yes
6937-GCDGQ,One year,19,48.95,955.6,Bank transfer (automatic),No,Yes,No
0988-JRWWP,Month-to-month,3,54.2,140.4,Electronic check,No,Yes,No
5075-JSDKI,Two year,59,24.45,1493.1,Electronic check,No internet service,No,No
7908-QCBCA,Month-to-month,1,69.4,69.4,Mailed check,No,Yes,Yes
8644-XYTSV,Month-to-month,42,40.15,1626.05,Bank transfer (automatic),No,Yes,No
6711-FLDFB,Month-to-month,7,74.9,541.15,Electronic check,No,Yes,Yes
3873-WOSBC,Two year,67,25.6,1784.9,Credit card (automatic),No internet service,No,No
7465-ZZRVX,Month-to-month,1,70.35,70.35,Electronic check,No,Yes,No
7975-JMZNT,Two year,66,91.7,6075.9,Bank transfer (automatic),Yes,No,No
7251-XFOIL,Month-to-month,61,89.2,5500.6,Mailed check,No,No,No
4116-IQRFR,One year,4,24.1,73.1,Credit card (automatic),No internet service,No,No
3714-JTVOV,Month-to-month,42,74.15,3229.4,Credit card (automatic),No,Yes,Yes
8259-DZLIZ,One year,64,53.85,3399.85,Bank transfer (automatic),No,Yes,No
0442-ZXKVS,One year,54,115.6,6431.05,Bank transfer (automatic),Yes,Yes,No
7853-WNZSY,Month-to-month,1,19.75,19.75,Credit card (automatic),No internet service,Yes,No
3120-FAZKD,Two year,54,24.05,1230.9,Bank transfer (automatic),No internet service,Yes,No
8606-OEGQZ,Two year,18,25.3,454.65,Credit card (automatic),No internet service,No,No
0225-ZORZP,Month-to-month,3,84.3,235.05,Electronic check,No,No,No
4702-IOQDC,Month-to-month,1,70.1,70.1,Electronic check,No,Yes,Yes
9489-JMTTN,Two year,72,89.75,6595.9,Credit card (automatic),Yes,No,No
0575-CUQOV,One year,60,97.95,5867.0,Electronic check,No,Yes,No
0967-BMLBD,One year,11,20.0,196.35,Mailed check,No internet service,Yes,No
6178-KFNHS,Month-to-month,12,78.3,909.25,Electronic check,No,Yes,Yes
2830-LEWOA,One year,61,103.9,6449.15,Credit card (automatic),Yes,No,No
5006-MXVRN,Two year,39,20.7,762.45,Credit card (automatic),No internet service,No,No
1264-BYWMS,Month-to-month,55,96.8,5283.95,Electronic check,No,Yes,Yes
9658-WYUFB,Month-to-month,17,94.4,1617.5,Electronic check,No,Yes,Yes
8327-WKMIE,One year,37,20.15,785.75,Credit card (automatic),No internet service,No,No
6917-FIJHC,Two year,72,26.0,1776.0,Mailed check,No internet service,Yes,No
5329-KRDTM,Two year,72,77.35,5396.25,Credit card (automatic),Yes,No,No
7797-EJMDP,Month-to-month,8,66.05,574.5,Bank transfer (automatic),Yes,No,No
3530-VWVGU,Month-to-month,22,19.9,400.3,Mailed check,No internet service,No,No
2013-SGDXK,Month-to-month,1,84.3,84.3,Electronic check,No,No,Yes
6368-NWMCE,Month-to-month,38,68.15,2656.3,Credit card (automatic),Yes,No,No
3633-CDBUW,One year,17,80.85,1445.95,Electronic check,Yes,No,No
0707-HOVVN,Two year,70,75.5,5212.65,Bank transfer (automatic),Yes,Yes,No
8580-QVLOC,Two year,72,92.45,6440.25,Credit card (automatic),Yes,No,Yes
3956-MGXOG,Month-to-month,28,80.6,2244.95,Electronic check,No,Yes,No
9274-UARKJ,Month-to-month,15,83.2,1130.0,Bank transfer (automatic),No,Yes,No
4077-HWUYD,Two year,72,87.55,6463.15,Bank transfer (automatic),Yes,Yes,No
2012-NWRPA,Month-to-month,11,99.55,1131.2,Electronic check,No,Yes,Yes
8808-ELEHO,Month-to-month,8,81.25,585.95,Electronic check,No,Yes,Yes
0103-CSITQ,One year,57,109.4,6252.7,Bank transfer (automatic),Yes,Yes,No
3506-LCJDC,Month-to-month,1,19.95,19.95,Bank transfer (automatic),No internet service,No,Yes
8671-KKKOS,Month-to-month,46,45.55,2062.15,Electronic check,No,No,No
7305-ZWMAJ,One year,30,20.7,587.1,Credit card (automatic),No internet service,No,No
9518-XXBXE,Month-to-month,10,75.3,720.45,Electronic check,No,No,No
3934-HXCFZ,Month-to-month,23,99.25,2186.4,Electronic check,No,Yes,Yes
6578-KRMAW,Month-to-month,32,93.4,2979.3,Credit card (automatic),No,Yes,No
4860-IJUDE,Month-to-month,13,73.75,956.65,Credit card (automatic),No,Yes,No
7666-WKRON,Two year,39,80.45,3201.55,Electronic check,Yes,Yes,Yes
9688-YGXVR,Month-to-month,44,88.15,3973.2,Credit card (automatic),No,Yes,No
0423-UDIJQ,Month-to-month,9,49.2,447.9,Mailed check,Yes,No,No
1945-XISKS,Two year,67,19.65,1335.2,Mailed check,No internet service,No,No
4910-AQFFX,Month-to-month,9,79.35,661.25,Bank transfer (automatic),No,Yes,Yes
2154-KVJFF,Month-to-month,15,79.75,1111.85,Electronic check,No,Yes,Yes
5360-LJCNJ,Two year,71,105.15,7555.0,Bank transfer (automatic),No,Yes,No
2607-FBDFF,Month-to-month,1,49.0,49.0,Credit card (automatic),Yes,No,No
9647-ERGBE,Month-to-month,30,100.05,3046.15,Electronic check,No,Yes,Yes
3428-XZMAZ,Month-to-month,1,69.35,69.35,Electronic check,No,Yes,Yes
1100-DDVRV,Month-to-month,17,49.8,836.35,Mailed check,No,Yes,No
0378-TOVMS,Month-to-month,3,85.8,272.2,Electronic check,Yes,No,Yes
4355-HBJHH,Two year,67,79.7,5293.4,Electronic check,No,Yes,Yes
6728-WYQBC,Month-to-month,1,20.95,20.95,Bank transfer (automatic),No internet service,No,No
9058-CBREO,Month-to-month,1,50.55,50.55,Mailed check,No,No,Yes
9029-FEGVJ,Month-to-month,32,79.3,2570.0,Mailed check,No,No,No
7216-KAOID,One year,41,19.5,798.2,Bank transfer (automatic),No internet service,No,No
0318-QUUOB,Month-to-month,1,80.55,80.55,Electronic check,No,Yes,Yes
6145-NNPNO,Month-to-month,1,44.15,44.15,Bank transfer (automatic),No,No,No
5520-FVEWJ,Month-to-month,12,84.5,916.9,Electronic check,No,Yes,Yes
5339-TJFEK,Month-to-month,62,105.5,6487.2,Electronic check,No,Yes,No
5572-ZDXHY,Month-to-month,22,84.3,1855.65,Mailed check,No,Yes,Yes
2074-GUHPQ,Month-to-month,17,92.7,1556.85,Credit card (automatic),Yes,Yes,No
4625-XMOYM,Two year,72,26.25,1988.05,Bank transfer (automatic),No internet service,Yes,No
5827-MWCZK,Month-to-month,56,96.95,5432.2,Credit card (automatic),Yes,Yes,No
1385-TQOZW,Month-to-month,9,20.45,147.55,Credit card (automatic),No internet service,Yes,No
5914-XRFQB,Two year,72,115.8,8424.9,Bank transfer (automatic),Yes,Yes,No
4329-YPDDQ,Month-to-month,20,108.2,2203.7,Bank transfer (automatic),Yes,Yes,No
4804-NCPET,Two year,19,20.2,387.4,Mailed check,No internet service,No,No
3750-CKVKH,Month-to-month,2,67.75,116.65,Electronic check,No,Yes,Yes
5944-UGLLK,One year,53,54.9,3045.75,Credit card (automatic),Yes,No,No
8063-GBATB,Month-to-month,27,85.25,2287.25,Electronic check,No,Yes,Yes
7787-BNTZM,Month-to-month,6,20.15,130.5,Bank transfer (automatic),No internet service,No,No
2252-ISRNH,One year,9,90.35,767.9,Electronic check,No,Yes,No
9415-TPKRV,Month-to-month,8,55.75,446.8,Electronic check,No,No,No
5322-TEUJK,Two year,71,114.6,8100.25,Bank transfer (automatic),Yes,No,No
4547-KQRTM,Month-to-month,10,80.05,830.7,Bank transfer (automatic),No,Yes,Yes
4877-EVATK,Month-to-month,1,20.0,20.0,Mailed check,No internet service,No,Yes
1866-DIOQZ,One year,71,66.8,4689.15,Bank transfer (automatic),Yes,No,No
8375-KVTHK,One year,68,100.3,6754.35,Electronic check,Yes,Yes,No
2697-NQBPF,Month-to-month,34,105.35,3540.65,Electronic check,Yes,Yes,No
3709-OIJEA,One year,26,85.2,2184.6,Electronic check,Yes,Yes,No
7639-SUPCW,Month-to-month,22,48.8,1054.6,Credit card (automatic),No,Yes,Yes
1386-ZIKUV,Month-to-month,7,18.95,130.55,Mailed check,No internet service,Yes,No
0599-XNYDO,Month-to-month,20,69.8,1540.35,Bank transfer (automatic),No,Yes,No
6377-WHAOX,Month-to-month,60,106.15,6411.25,Electronic check,No,Yes,No
6855-VLGOS,Two year,72,20.55,1432.55,Electronic check,No internet service,No,No
8999-XXGNS,One year,72,105.75,7629.85,Credit card (automatic),No,Yes,No
8746-OQQRW,Month-to-month,4,25.25,101.9,Mailed check,No internet service,No,No
3181-MIZBN,Month-to-month,16,19.75,313.4,Electronic check,No internet service,No,No
0471-ARVMX,One year,62,104.85,6312.9,Electronic check,No,Yes,No
7766-CLTIC,Month-to-month,10,60.95,629.55,Mailed check,Yes,Yes,No
5650-YLIBA,Month-to-month,31,81.15,2640.55,Electronic check,No,Yes,No
0825-CPPQH,Two year,71,19.1,1372.45,Credit card (automatic),No internet service,No,No
9084-OAYKL,Two year,58,20.8,1212.25,Mailed check,No internet service,No,No
6122-LJADA,Two year,70,90.15,6237.05,Credit card (automatic),Yes,Yes,No
2400-XIWIO,Two year,71,90.1,6310.9,Electronic check,Yes,No,No
7524-VRLPL,Two year,69,74.1,5031.0,Credit card (automatic),Yes,No,No
1069-XAIEM,Month-to-month,1,85.05,85.05,Electronic check,No,Yes,Yes
7569-NMZYQ,Two year,72,118.75,8672.45,Bank transfer (automatic),Yes,Yes,No
5201-USSQZ,Month-to-month,26,85.9,2196.45,Credit card (automatic),Yes,No,No
2105-PHWON,Month-to-month,33,95.0,3008.15,Credit card (automatic),Yes,Yes,No
1494-EJZDW,Two year,10,20.15,220.8,Mailed check,No internet service,No,No
4884-TVUQF,Two year,57,101.3,5779.6,Credit card (automatic),Yes,No,No
8003-EWNDZ,Month-to-month,10,21.2,222.65,Electronic check,No internet service,Yes,No
1897-RCFUM,One year,39,24.2,914.6,Mailed check,No internet service,Yes,No
9256-JTBNZ,Month-to-month,11,20.3,246.3,Bank transfer (automatic),No internet service,No,No
4658-HCOHW,Month-to-month,21,102.8,2110.15,Electronic check,Yes,Yes,Yes
2211-RMNHO,Two year,68,85.3,5560.0,Bank transfer (automatic),Yes,No,No
2432-TFSMK,One year,18,89.6,1633.0,Credit card (automatic),No,Yes,No
3440-JPSCL,Month-to-month,6,99.95,547.65,Mailed check,Yes,Yes,Yes
4929-ROART,Month-to-month,18,56.25,969.85,Mailed check,No,No,No
1834-ABKHQ,One year,52,50.95,2610.65,Bank transfer (automatic),No,Yes,No
1741-WTPON,Two year,56,115.85,6567.9,Mailed check,Yes,No,No
3932-IJWDZ,Month-to-month,45,103.65,4747.85,Bank transfer (automatic),Yes,Yes,No
1240-HCBOH,Two year,67,26.1,1759.55,Mailed check,No internet service,Yes,No
3594-KADLU,Month-to-month,3,35.1,101.1,Mailed check,Yes,No,No
8065-BVEPF,Month-to-month,65,99.1,6496.15,Bank transfer (automatic),No,Yes,No
3796-ENZGF,Two year,63,67.25,4234.15,Mailed check,Yes,No,No
1734-ZMNTZ,Two year,11,25.0,300.7,Mailed check,No internet service,No,No
2853-CWQFQ,Month-to-month,1,59.55,59.55,Mailed check,Yes,Yes,No
0813-TAXXS,Two year,55,77.8,4323.35,Bank transfer (automatic),No,Yes,No
2519-TWKFS,One year,25,55.1,1466.1,Mailed check,Yes,Yes,No
2889-FPWRM,One year,72,117.8,8684.8,Bank transfer (automatic),Yes,Yes,Yes
0626-QXNGV,Two year,72,24.15,1776.45,Credit card (automatic),No internet service,Yes,No
6723-CEGQI,Two year,65,45.25,2933.95,Mailed check,Yes,No,No
6987-XQSJT,Month-to-month,54,79.5,4370.25,Electronic check,No,Yes,Yes
4732-RRJZC,Month-to-month,7,20.25,144.35,Mailed check,No internet service,No,No
9499-XPZXM,Two year,72,64.75,4804.75,Bank transfer (automatic),Yes,No,No
4338-EYCER,Month-to-month,21,54.6,1125.2,Bank transfer (automatic),No,No,No
3007-FDPEA,Month-to-month,2,20.7,39.85,Bank transfer (automatic),No internet service,Yes,No
6350-XFYGW,Month-to-month,4,94.75,422.4,Electronic check,No,Yes,No
4290-BSXUX,Month-to-month,3,79.65,251.75,Bank transfer (automatic),Yes,Yes,Yes
8513-OLYGY,Two year,72,115.8,8332.15,Credit card (automatic),Yes,No,No
0311-QYWSS,Month-to-month,6,49.45,314.6,Electronic check,No,Yes,No
8705-DWKTI,Month-to-month,52,83.8,4331.4,Credit card (automatic),No,Yes,No
8755-IWJHN,Month-to-month,69,95.35,6382.0,Bank transfer (automatic),No,Yes,No
0325-XBFAC,Month-to-month,8,94.7,740.3,Electronic check,No,Yes,Yes
4480-QQRHC,Month-to-month,8,74.05,600.15,Bank transfer (automatic),No,Yes,No
0929-PECLO,Month-to-month,63,89.6,5538.8,Bank transfer (automatic),No,Yes,No
3680-CTHUH,One year,60,116.6,7049.5,Credit card (automatic),Yes,Yes,No
1202-KKGFU,Month-to-month,12,54.2,690.5,Bank transfer (automatic),Yes,No,No
6112-KTHFQ,Month-to-month,13,19.3,279.3,Mailed check,No internet service,Yes,No
1852-XEMDW,Month-to-month,22,65.05,1427.55,Mailed check,No,No,No
2462-XIIJB,Month-to-month,5,92.5,452.7,Electronic check,No,Yes,Yes
4760-XOHVN,Month-to-month,1,19.45,19.45,Mailed check,No internet service,No,Yes
1820-DJFPH,Two year,72,24.05,1709.15,Bank transfer (automatic),No internet service,Yes,No
9426-SXNHE,Month-to-month,2,18.75,53.15,Bank transfer (automatic),No internet service,No,No
9068-FHQHD,Two year,40,20.15,777.35,Bank transfer (automatic),No internet service,No,No
1269-FOYWN,One year,44,20.0,860.85,Bank transfer (automatic),No internet service,No,No
9470-YFUYI,One year,71,71.0,5012.1,Bank transfer (automatic),Yes,Yes,No
7817-BOQPW,Month-to-month,2,75.55,166.3,Electronic check,No,Yes,Yes
7402-EYFXX,Month-to-month,26,93.6,2404.1,Electronic check,No,Yes,No
1853-UDXBW,Month-to-month,1,70.0,70.0,Electronic check,No,Yes,Yes
9895-VFOXH,Month-to-month,1,24.4,24.4,Mailed check,No,No,No
5458-CQJTA,Two year,65,74.8,4820.15,Bank transfer (automatic),Yes,Yes,Yes
1230-QAJDW,Month-to-month,3,65.25,209.9,Mailed check,Yes,Yes,No
5701-ZIKJE,Month-to-month,13,50.55,610.75,Mailed check,Yes,Yes,No
5219-YIPTK,Month-to-month,33,104.4,3409.6,Electronic check,No,Yes,Yes
5032-MIYKT,Month-to-month,1,70.7,70.7,Mailed check,No,Yes,No
7396-VJUZB,Month-to-month,4,45.25,155.35,Mailed check,No,No,No
9717-QEBGU,Month-to-month,2,70.3,144.0,Electronic check,No,Yes,No
5172-RKOCB,Two year,72,108.95,7875.0,Credit card (automatic),Yes,Yes,No
6509-TSGWN,Month-to-month,37,26.45,911.6,Mailed check,No internet service,No,No
3540-RZJYU,Month-to-month,15,86.2,1270.2,Electronic check,No,No,Yes
3178-CIFOT,One year,23,19.65,478.1,Credit card (automatic),No internet service,Yes,No
2091-MJTFX,Month-to-month,30,51.2,1561.5,Credit card (automatic),Yes,No,Yes
4530-NDRKU,One year,42,19.05,761.85,Electronic check,No internet service,Yes,No
5985-TBABQ,One year,32,74.75,2282.95,Mailed check,No,No,No
9800-ONTFE,Month-to-month,22,75.8,1615.1,Bank transfer (automatic),No,Yes,No
6743-HHQPF,Month-to-month,42,25.1,1097.15,Credit card (automatic),No,Yes,No
8455-HIRAQ,Month-to-month,8,44.45,369.3,Mailed check,No,No,No
6616-AALSR,Two year,65,104.3,6725.3,Credit card (automatic),No,Yes,No
0883-EIBTI,Month-to-month,2,19.5,31.55,Mailed check,No internet service,No,Yes
9415-ZNBSX,Two year,70,89.0,6293.2,Bank transfer (automatic),Yes,Yes,No
4018-KJYUY,Month-to-month,22,20.15,432.5,Credit card (automatic),No internet service,No,No
0722-TROQR,Month-to-month,4,74.9,321.75,Electronic check,No,Yes,Yes
7571-YXDAD,Month-to-month,2,74.9,147.15,Credit card (automatic),No,No,Yes
3884-UEBXB,Two year,67,36.15,2434.45,Bank transfer (automatic),No,No,No
8780-RSYYU,Month-to-month,25,19.2,532.1,Credit card (automatic),No internet service,Yes,No
5537-UXXVS,Month-to-month,20,19.25,375.25,Bank transfer (automatic),No internet service,No,No
1791-PQHBB,Month-to-month,2,61.2,125.95,Credit card (automatic),No,Yes,No
8701-DGLVH,Two year,51,20.45,1042.65,Mailed check,No internet service,No,No
8741-LQOBK,Month-to-month,46,35.05,1620.25,Bank transfer (automatic),No,No,No
3393-FMZPV,Month-to-month,25,100.25,2387.75,Electronic check,No,Yes,Yes
8082-GHXOP,Month-to-month,13,44.0,659.35,Mailed check,No,No,No
6402-ZFPPI,Month-to-month,25,102.8,2660.2,Mailed check,No,Yes,Yes
0980-FEXWF,One year,26,50.35,1285.8,Mailed check,No,No,No
7486-KSRVI,One year,43,100.0,4211.55,Electronic check,Yes,Yes,Yes
3011-WQKSZ,Month-to-month,19,20.0,377.55,Electronic check,No internet service,Yes,No
8443-WVPSS,Month-to-month,10,99.85,990.9,Electronic check,Yes,Yes,Yes
3006-XIMLN,Month-to-month,2,94.2,193.8,Bank transfer (automatic),No,Yes,Yes
8218-FFJDS,Two year,72,86.4,6058.95,Bank transfer (automatic),Yes,Yes,No
1986-PHGZF,Month-to-month,18,58.4,964.9,Credit card (automatic),No,Yes,No
9965-YOKZB,Month-to-month,9,83.85,790.15,Electronic check,No,Yes,Yes
0504-HHAPI,Month-to-month,27,88.3,2467.75,Credit card (automatic),No,No,Yes
9360-OMDZZ,Month-to-month,24,94.1,2322.85,Electronic check,No,Yes,No
6305-YLBMM,One year,69,104.05,7262.0,Bank transfer (automatic),Yes,Yes,Yes
0345-XMMUG,Two year,46,108.9,4854.3,Credit card (automatic),Yes,Yes,No
8024-XNAFQ,Two year,72,107.4,7748.75,Bank transfer (automatic),Yes,Yes,No
3647-GMGDH,Month-to-month,22,94.7,1914.9,Credit card (automatic),No,Yes,Yes
2988-GBIVW,Month-to-month,70,90.85,6470.1,Electronic check,No,Yes,No
2832-SCUCO,Month-to-month,2,19.9,57.4,Electronic check,No internet service,No,No
7036-ZZKBD,Month-to-month,31,66.4,2019.8,Credit card (automatic),Yes,Yes,No
3791-LGQCY,Month-to-month,56,100.65,5688.05,Bank transfer (automatic),No,Yes,Yes
0265-PSUAE,Month-to-month,16,100.7,1522.7,Bank transfer (automatic),No,No,No
0463-TXOAK,Two year,52,25.6,1334.5,Credit card (automatic),No internet service,No,No
0594-UFTUL,Month-to-month,13,19.85,252.0,Mailed check,No internet service,Yes,No
9509-MPYOD,One year,35,20.75,700.45,Mailed check,No internet service,No,No
9128-CPXKI,Two year,59,95.8,5655.45,Electronic check,No,No,No
0129-KPTWJ,Month-to-month,72,94.65,6747.35,Electronic check,No,Yes,No
8166-ZZTFS,Two year,66,80.55,5265.1,Bank transfer (automatic),No,Yes,Yes
5855-EIBDE,Two year,49,106.65,5174.35,Credit card (automatic),Yes,No,No
5365-LLFYV,Month-to-month,2,45.85,105.6,Mailed check,No,Yes,No
5956-YHHRX,Month-to-month,21,104.35,2271.85,Electronic check,No,Yes,No
6008-NAIXK,One year,54,55.45,2966.95,Electronic check,No,Yes,No
2956-GGUCQ,Month-to-month,24,78.85,1772.25,Electronic check,No,Yes,Yes
1928-BXYIV,Month-to-month,1,61.15,61.15,Electronic check,No,No,No
5760-FXFVO,Month-to-month,6,78.95,494.95,Electronic check,No,Yes,No
6595-COKXZ,Month-to-month,1,44.45,44.45,Mailed check,No,Yes,Yes
0961-ZWLVI,One year,49,109.2,5290.45,Credit card (automatic),No,Yes,No
5181-OABFK,Two year,56,61.3,3346.8,Credit card (automatic),No,Yes,No
4007-NHVHI,Month-to-month,56,96.85,5219.65,Electronic check,No,Yes,No
7816-VGHTO,Two year,6,40.55,217.5,Mailed check,Yes,No,No
5871-DGTXZ,One year,32,19.8,607.7,Mailed check,No internet service,No,No
7550-WIQVA,One year,50,108.25,5431.4,Electronic check,No,Yes,No
7544-ZVIKX,One year,58,105.05,6004.85,Bank transfer (automatic),Yes,Yes,No
0016-QLJIS,Two year,65,90.45,5957.9,Mailed check,Yes,Yes,No
7508-DQAKK,Two year,64,86.4,5442.05,Credit card (automatic),Yes,Yes,No
5176-OLSKT,Two year,66,66.9,4370.25,Bank transfer (automatic),No,No,No
9356-AXGMP,One year,38,110.7,4428.6,Electronic check,Yes,Yes,No
3556-BVQGL,One year,20,20.0,416.45,Mailed check,No internet service,Yes,No
0362-ZBZWJ,Month-to-month,36,84.9,3067.2,Electronic check,No,Yes,Yes
8979-CAMGB,One year,64,102.1,6688.1,Electronic check,Yes,No,No
4211-MMAZN,Month-to-month,1,20.25,20.25,Mailed check,No internet service,No,Yes
7581-EBBOU,One year,60,70.15,4224.7,Credit card (automatic),Yes,Yes,No
4274-OWWYO,Month-to-month,1,74.35,74.35,Electronic check,No,Yes,Yes
5073-RZGBK,One year,50,80.05,4042.2,Bank transfer (automatic),Yes,Yes,No
1541-ETJZO,Month-to-month,1,62.05,62.05,Mailed check,Yes,No,Yes
2192-CKRLV,Two year,72,49.2,3580.95,Electronic check,No,Yes,No
3154-HMWUU,Two year,60,20.5,1198.8,Bank transfer (automatic),No internet service,Yes,No
6119-SPUDB,Two year,46,38.25,1755.35,Mailed check,Yes,No,No
6522-OIQSX,Two year,69,54.95,3772.5,Credit card (automatic),No,Yes,No
7813-ZGGAW,Month-to-month,31,96.6,2877.95,Bank transfer (automatic),Yes,Yes,No
8748-HFWBO,One year,19,19.9,357.7,Mailed check,No internet service,No,No
1052-QJIBV,Two year,71,19.9,1397.3,Credit card (automatic),No internet service,No,No
1319-YLZJG,Month-to-month,12,84.6,959.9,Electronic check,No,Yes,No
4106-HADHQ,One year,39,80.0,3182.95,Credit card (automatic),Yes,No,Yes
0723-FDLAY,One year,44,85.25,3704.15,Bank transfer (automatic),Yes,Yes,No
3050-RLLXC,Two year,56,81.25,4620.4,Credit card (automatic),Yes,No,No
9298-WGMRW,Two year,72,115.5,8312.75,Bank transfer (automatic),Yes,Yes,No
2369-UAPKZ,Month-to-month,5,104.1,541.9,Mailed check,No,No,Yes
3088-LHEFH,Month-to-month,11,79.0,929.3,Bank transfer (automatic),No,Yes,No
2778-OCLGR,Month-to-month,24,39.1,971.3,Bank transfer (automatic),No,No,Yes
6583-KQJLK,Month-to-month,15,94.65,1285.05,Electronic check,No,Yes,No
8544-JNBOX,Two year,72,20.8,1521.2,Mailed check,No internet service,Yes,No
6681-ZSEXG,Two year,56,59.5,3389.25,Credit card (automatic),No,No,No
6139-ZZRBQ,Two year,64,20.05,1198.05,Bank transfer (automatic),No internet service,Yes,No
6116-RFVHN,Month-to-month,34,100.45,3414.65,Electronic check,No,Yes,No
0637-KVDLV,Month-to-month,2,76.5,162.45,Electronic check,No,Yes,Yes
8884-FEEWR,One year,35,20.6,754.0,Bank transfer (automatic),No internet service,No,No
3125-RAHBV,One year,22,20.3,467.15,Credit card (automatic),No internet service,No,No
6633-MPWBS,Month-to-month,5,49.2,216.9,Electronic check,Yes,Yes,Yes
0373-AIVNJ,One year,9,39.55,373.0,Mailed check,No,No,No
8785-EPNCG,Month-to-month,11,23.15,245.2,Credit card (automatic),No internet service,No,Yes
1682-VCOIO,One year,23,20.45,481.1,Mailed check,No internet service,No,No
5729-KLZAR,Month-to-month,4,80.85,302.75,Electronic check,No,No,Yes
2072-ZVJJX,Two year,68,25.25,1728.2,Bank transfer (automatic),No internet service,No,No
8849-AYPTR,Month-to-month,33,91.25,2964.05,Electronic check,No,No,No
9518-IMLHK,Month-to-month,31,72.45,2156.25,Bank transfer (automatic),Yes,Yes,No
1582-RAFML,Month-to-month,1,60.1,60.1,Mailed check,Yes,No,Yes
3646-ITDGM,Two year,56,19.7,1051.9,Bank transfer (automatic),No internet service,No,No
8740-CRYFY,Month-to-month,1,78.95,78.95,Electronic check,No,Yes,Yes
3569-VLDHH,One year,66,75.1,5013.0,Electronic check,Yes,Yes,No
8224-KDLKN,Two year,72,25.0,1738.9,Bank transfer (automatic),No internet service,No,No
7594-LZNWR,Month-to-month,34,69.15,2275.1,Credit card (automatic),No,No,No
4001-TSBTV,Month-to-month,58,91.55,5511.65,Electronic check,No,Yes,No
2962-XPMCQ,Month-to-month,2,45.15,98.5,Electronic check,No,Yes,Yes
8727-XDPUD,Two year,37,35.8,1316.9,Credit card (automatic),No,No,No
1043-UXOVO,Two year,71,113.15,7993.3,Credit card (automatic),Yes,Yes,No
1064-FBXNK,One year,1,19.85,19.85,Credit card (automatic),No internet service,No,No
3996-ZNWYK,Two year,71,19.8,1388.45,Credit card (automatic),No internet service,No,No
2878-DHMIN,One year,35,19.9,666.0,Electronic check,No internet service,No,No
7762-ONLJY,One year,6,19.7,94.45,Mailed check,No internet service,No,No
1678-FYZOW,Month-to-month,3,79.4,244.65,Electronic check,No,Yes,Yes
5795-BKOYE,One year,69,59.1,4134.7,Bank transfer (automatic),Yes,No,No
8627-EHGIP,One year,44,53.95,2375.4,Mailed check,No,Yes,Yes
7402-PWYJJ,One year,53,91.15,4862.5,Electronic check,Yes,Yes,No
5480-TBGPH,Month-to-month,24,99.3,2431.35,Credit card (automatic),No,Yes,Yes
0018-NYROU,Month-to-month,5,68.95,351.5,Electronic check,No,Yes,No
7501-VTYLJ,Month-to-month,2,51.55,106.2,Mailed check,No,No,No
7608-RGIRO,Two year,62,24.4,1413.0,Mailed check,No internet service,Yes,No
0480-BIXDE,Month-to-month,19,96.8,1743.05,Electronic check,No,Yes,No
5895-QSXOD,Month-to-month,9,70.05,657.5,Mailed check,No,No,No
9814-AOUDH,Two year,53,19.5,1050.5,Credit card (automatic),No internet service,No,No
6175-IRFIT,Month-to-month,5,78.75,426.35,Mailed check,No,No,No
8760-ZRHKE,One year,71,69.2,4982.5,Electronic check,No,No,No
1622-HSHSF,Month-to-month,1,19.55,19.55,Mailed check,No internet service,Yes,No
8854-CCVSQ,Month-to-month,18,80.65,1451.9,Electronic check,No,Yes,Yes
6749-UTDVX,Two year,72,103.65,7634.8,Electronic check,No,Yes,No
5542-DHSXL,Month-to-month,4,54.7,235.05,Mailed check,No,No,No
9102-OXKFY,Two year,59,54.15,3116.15,Credit card (automatic),No,No,No
0511-JTEOY,Month-to-month,1,71.1,71.1,Mailed check,No,No,Yes
5216-WASFJ,Month-to-month,31,84.85,2633.4,Electronic check,No,Yes,No
7808-DVWEP,Month-to-month,3,20.0,49.65,Bank transfer (automatic),No internet service,No,No
7067-KSAZT,One year,65,106.25,6979.8,Electronic check,No,Yes,Yes
2284-VFLKH,One year,49,99.25,4920.8,Credit card (automatic),Yes,Yes,No
0366-NQSHS,Month-to-month,2,19.35,46.35,Mailed check,No internet service,No,No
6532-YLWSI,One year,53,20.8,1021.8,Bank transfer (automatic),No internet service,No,Yes
3807-BPOMJ,One year,55,94.75,5276.1,Electronic check,No,Yes,No
3892-NXAZG,Two year,72,114.05,8289.2,Credit card (automatic),Yes,Yes,No
4948-WBBKL,Month-to-month,36,74.9,2659.45,Bank transfer (automatic),No,Yes,No
4182-BGSIQ,Month-to-month,10,19.8,196.75,Bank transfer (automatic),No internet service,Yes,No
9300-AGZNL,Month-to-month,1,94.0,94.0,Electronic check,No,Yes,Yes
0988-AADSA,Two year,72,80.85,5824.75,Bank transfer (automatic),Yes,No,No
9972-NKTFD,Month-to-month,28,54.65,1517.5,Bank transfer (automatic),Yes,No,No
3717-LNXKW,Month-to-month,38,91.7,3479.05,Bank transfer (automatic),No,No,No
5734-EJKXG,One year,61,118.6,7365.7,Electronic check,Yes,Yes,No
2207-RYYRL,Two year,52,24.55,1331.05,Mailed check,No internet service,No,No
6729-FZWSY,One year,67,19.45,1195.95,Mailed check,No internet service,Yes,No
9695-IDRZR,Two year,34,116.15,3946.9,Credit card (automatic),Yes,Yes,No
8144-DGHXP,Two year,54,80.6,4299.95,Electronic check,Yes,No,No
7814-LEEVE,Month-to-month,1,20.3,20.3,Bank transfer (automatic),No internet service,Yes,No
1112-CUNAO,Month-to-month,15,89.85,1424.95,Electronic check,No,No,Yes
5175-AOBHI,Month-to-month,4,46.0,193.6,Mailed check,No,Yes,Yes
5174-RNGBH,Month-to-month,9,66.25,620.55,Mailed check,Yes,No,Yes
8631-WUXGY,Month-to-month,46,99.8,4391.25,Electronic check,No,Yes,No
7270-BDIOA,Month-to-month,22,90.0,1993.8,Electronic check,Yes,Yes,Yes
9565-JSNFM,One year,38,70.45,2597.6,Bank transfer (automatic),No,Yes,Yes
5906-DVAPM,One year,55,75.0,4213.9,Credit card (automatic),Yes,Yes,No
6654-QGBZZ,Month-to-month,1,19.9,19.9,Mailed check,No internet service,No,No
8348-JLBUG,One year,64,80.3,5017.7,Credit card (automatic),No,No,No
0607-DAAHE,Two year,53,19.75,1052.35,Bank transfer (automatic),No internet service,No,Yes
5641-DMBFJ,Two year,58,84.3,4916.4,Electronic check,Yes,Yes,No
9200-NLNPD,One year,56,54.05,2959.8,Bank transfer (automatic),Yes,Yes,No
2664-XJZNO,Two year,72,104.9,7559.55,Credit card (automatic),Yes,Yes,No
9732-KPKBW,Month-to-month,1,53.95,53.95,Electronic check,Yes,Yes,Yes
3339-EAQNV,One year,72,97.25,7133.1,Credit card (automatic),No,Yes,No
0921-OHLVP,Month-to-month,22,83.05,1799.3,Electronic check,No,No,No
3389-YGYAI,Month-to-month,8,105.5,829.55,Electronic check,No,Yes,Yes
9560-ARGQJ,Month-to-month,16,81.0,1312.15,Electronic check,No,Yes,Yes
8350-NYMVI,Month-to-month,39,41.1,1597.05,Bank transfer (automatic),Yes,No,No
1600-DILPE,Month-to-month,12,45.0,524.35,Bank transfer (automatic),No,Yes,No
0536-ESJEP,Two year,54,74.55,4191.45,Bank transfer (automatic),No,Yes,No
4654-GGUII,One year,18,40.2,711.95,Mailed check,Yes,Yes,No
6478-HRRCZ,One year,32,70.5,2201.75,Mailed check,Yes,No,No
8510-BBWMU,One year,41,19.75,806.95,Mailed check,No internet service,Yes,No
6857-TKDJV,Two year,67,24.65,1620.45,Bank transfer (automatic),No internet service,No,No
2360-RDGRO,Month-to-month,65,104.25,6812.95,Electronic check,No,Yes,No
0584-BJQGZ,Month-to-month,25,78.35,1837.9,Bank transfer (automatic),Yes,Yes,No
5134-IKDAY,Month-to-month,1,69.8,69.8,Electronic check,No,Yes,Yes
1360-XFJMR,One year,67,109.7,7344.45,Credit card (automatic),Yes,Yes,No
3070-DVEYC,Month-to-month,7,73.75,545.15,Mailed check,No,No,Yes
5730-RIITO,Month-to-month,43,33.45,1500.25,Credit card (automatic),No,Yes,No
9058-MJLZC,Month-to-month,24,94.6,2283.15,Electronic check,No,Yes,No
5707-ORNDZ,Month-to-month,9,54.55,494.05,Electronic check,No,No,Yes
0902-XKXPN,Two year,69,20.2,1376.5,Bank transfer (automatic),No internet service,No,No
5177-RVZNU,One year,37,20.3,755.4,Bank transfer (automatic),No internet service,No,No
0056-EPFBG,Two year,20,39.4,825.4,Credit card (automatic),Yes,Yes,No
8993-IZEUX,Month-to-month,7,69.15,488.65,Bank transfer (automatic),No,No,No
8696-JKZNU,Month-to-month,37,76.25,2841.55,Electronic check,No,Yes,Yes
5380-AFSSK,Month-to-month,5,93.9,486.85,Mailed check,No,Yes,Yes
8190-ZTQFB,One year,41,51.35,2075.1,Electronic check,No,Yes,No
0931-MHTEM,One year,54,100.05,5299.65,Credit card (automatic),No,Yes,No
2055-PDADH,Month-to-month,3,70.4,204.7,Electronic check,No,Yes,Yes
7515-LODFU,Two year,69,20.3,1356.3,Credit card (automatic),No internet service,No,No
0440-UEDAI,One year,53,94.45,5042.75,Credit card (automatic),Yes,Yes,No
1337-BOZWO,One year,18,46.4,812.4,Credit card (automatic),No,No,No
0868-VJRDR,Two year,64,104.05,6605.55,Credit card (automatic),Yes,Yes,No
8714-EUHJO,Month-to-month,31,91.15,2995.45,Electronic check,No,Yes,Yes
6344-SFJVH,Month-to-month,20,24.9,505.95,Credit card (automatic),No,No,No
3950-VPYJB,One year,57,59.6,3509.4,Mailed check,Yes,No,No
8041-TMEID,Two year,63,108.5,6991.9,Credit card (automatic),No,No,No
7321-ZNSLA,Two year,13,40.55,590.35,Mailed check,Yes,No,No
6941-KXRRV,One year,48,58.95,2789.7,Bank transfer (automatic),No,Yes,No
3721-CNEYS,Month-to-month,2,70.95,137.95,Electronic check,No,Yes,Yes
8727-JQFHV,Two year,57,20.75,1123.15,Mailed check,No internet service,No,No
9475-NNDGC,One year,71,113.15,7953.25,Bank transfer (automatic),Yes,Yes,No
1355-KUSBG,Month-to-month,7,48.8,349.8,Electronic check,No,No,No
3688-FTHLT,Month-to-month,16,63.05,1067.05,Bank transfer (automatic),No,Yes,No
0899-LIIBW,Month-to-month,34,100.85,3527.3,Electronic check,No,No,No
2568-OIADY,Month-to-month,37,99.5,3762.0,Electronic check,No,Yes,Yes
1384-RCUXW,Month-to-month,16,80.55,1248.9,Mailed check,No,Yes,No
5825-XJOCM,One year,48,64.4,3035.35,Bank transfer (automatic),No,Yes,No
6848-YLDFR,One year,58,75.2,4300.8,Credit card (automatic),Yes,Yes,No
8125-QPFJD,Two year,72,84.9,6065.3,Bank transfer (automatic),Yes,Yes,No
2320-YKQBO,Month-to-month,7,19.3,144.95,Mailed check,No internet service,No,No
1193-RTSLK,Month-to-month,38,83.9,3233.6,Credit card (automatic),No,Yes,Yes
2302-ANTDP,Month-to-month,48,117.45,5438.9,Electronic check,Yes,No,Yes
5923-GXUOC,Month-to-month,10,104.4,1081.45,Electronic check,No,Yes,Yes
4973-RLZVI,One year,30,74.65,2308.6,Credit card (automatic),Yes,No,No
7869-ZYDST,Month-to-month,31,59.05,1882.8,Credit card (automatic),No,Yes,No
4501-UYKBC,One year,46,69.1,3255.35,Credit card (automatic),Yes,Yes,No
1215-EXRMO,Two year,50,20.55,1067.65,Mailed check,No internet service,No,No
2305-MRGLV,Month-to-month,28,76.55,2065.4,Bank transfer (automatic),Yes,No,No
8404-VIOMB,Two year,66,62.5,4136.4,Bank transfer (automatic),Yes,Yes,No
5233-GEEAX,Month-to-month,8,29.4,221.9,Electronic check,No,Yes,Yes
2359-KLTEK,Month-to-month,41,94.9,3848.0,Bank transfer (automatic),No,Yes,No
5304-EFJLP,Two year,72,111.65,8022.85,Bank transfer (automatic),Yes,Yes,No
2673-ZALNP,One year,7,19.9,173.15,Mailed check,No internet service,No,No
9184-GALIL,Month-to-month,38,20.45,781.25,Mailed check,No internet service,No,No
4393-RYCRE,One year,44,106.05,4510.8,Electronic check,No,Yes,No
9746-MDMBK,One year,47,113.45,5317.8,Bank transfer (automatic),Yes,Yes,No
3162-ZJZFU,Month-to-month,53,92.55,4779.45,Electronic check,Yes,Yes,No
8404-GFGCZ,Month-to-month,4,65.6,250.1,Electronic check,No,No,No
8875-AKBYH,Month-to-month,20,84.35,1745.2,Electronic check,No,Yes,No
4432-ADRLB,Month-to-month,2,44.65,74.9,Mailed check,No,No,Yes
0533-UCAAU,One year,57,71.1,4140.1,Credit card (automatic),No,Yes,No
1394-SUIUH,Month-to-month,44,85.15,3670.5,Electronic check,Yes,Yes,No
3521-MNKLV,Month-to-month,24,49.7,1167.8,Mailed check,No,Yes,No
2533-TIBIX,Month-to-month,15,30.2,469.65,Bank transfer (automatic),No,Yes,No
8993-PHFWD,Month-to-month,3,25.25,58.9,Electronic check,No,No,Yes
1565-RHDJD,Month-to-month,4,84.05,333.55,Bank transfer (automatic),No,No,Yes
7137-RYLPP,Month-to-month,37,85.7,3171.15,Electronic check,No,Yes,Yes
3765-JXVKY,Month-to-month,1,74.7,74.7,Electronic check,No,Yes,Yes
5092-STPKP,Month-to-month,24,56.35,1381.2,Credit card (automatic),Yes,No,No
7330-WZLNC,Month-to-month,5,90.8,455.5,Electronic check,No,Yes,Yes
0114-PEGZZ,Month-to-month,33,107.55,3645.5,Electronic check,No,No,No
3359-DSRKA,Two year,58,19.85,1158.85,Mailed check,No internet service,Yes,No
8639-NHQEI,Two year,72,95.9,6954.15,Bank transfer (automatic),No,Yes,No
7161-DFHUF,Two year,71,23.85,1672.1,Mailed check,No internet service,No,No
3957-LXOLK,Month-to-month,28,106.15,3152.5,Electronic check,No,Yes,Yes
3720-DBRWL,Two year,51,83.85,4307.1,Credit card (automatic),Yes,Yes,No
6635-MYYYZ,One year,30,85.35,2530.4,Bank transfer (automatic),Yes,No,Yes
8565-WUXZU,Two year,72,84.8,6141.65,Credit card (automatic),Yes,Yes,No
5281-BUZGT,Month-to-month,36,90.85,3186.7,Electronic check,No,Yes,Yes
4994-OBRSZ,Two year,14,76.1,1054.8,Bank transfer (automatic),Yes,No,No
0562-FGDCR,Two year,72,74.55,5430.65,Mailed check,Yes,No,No
2436-QBZFP,Month-to-month,22,39.2,849.9,Electronic check,No,No,No
3420-YJLQT,Month-to-month,2,79.55,151.75,Electronic check,No,No,No
6040-CGACY,Month-to-month,15,19.6,299.4,Mailed check,No internet service,No,No
6582-PLFUU,Two year,51,19.55,1086.75,Credit card (automatic),No internet service,No,No
8242-PDSGJ,Two year,70,39.15,2692.75,Credit card (automatic),Yes,Yes,No
0264-CNITK,Two year,71,20.1,1389.6,Bank transfer (automatic),No internet service,No,No
0089-IIQKO,Month-to-month,39,99.95,3767.4,Credit card (automatic),Yes,Yes,No
7839-NUIAA,Month-to-month,61,59.8,3641.5,Electronic check,No,No,No
6075-QMNRR,Month-to-month,52,49.75,2535.55,Bank transfer (automatic),No,Yes,No
5378-IKEEG,Month-to-month,1,35.75,35.75,Electronic check,No,Yes,Yes
5966-EMAZU,One year,64,108.5,6880.85,Mailed check,Yes,Yes,No
0440-EKDCF,Two year,62,60.15,3753.2,Credit card (automatic),Yes,Yes,No
4774-HHGGS,Two year,30,19.05,637.55,Mailed check,No internet service,No,No
2718-GAXQD,Month-to-month,4,46.0,181.6,Electronic check,No,No,Yes
2055-BFOCC,One year,63,84.0,5329.55,Bank transfer (automatic),Yes,Yes,No
8180-AKMJV,Month-to-month,1,44.55,44.55,Credit card (automatic),No,Yes,No
4298-OYIFC,Month-to-month,15,103.45,1539.8,Electronic check,Yes,Yes,No
5566-SOEZD,One year,27,80.65,2209.75,Credit card (automatic),No,Yes,No
9842-EFSYY,Month-to-month,4,57.2,223.75,Mailed check,No,Yes,No
2272-WUSPA,Two year,72,110.75,7751.7,Electronic check,No,Yes,No
4584-LBNMK,One year,45,24.7,1174.35,Credit card (automatic),No internet service,No,No
3898-GUYTS,Month-to-month,45,97.05,4385.05,Electronic check,Yes,Yes,No
0930-EHUZA,One year,36,76.35,2606.35,Mailed check,Yes,Yes,No
6413-XKKPU,Month-to-month,17,89.4,1539.45,Electronic check,No,Yes,Yes
9975-SKRNR,Month-to-month,1,18.9,18.9,Mailed check,No internet service,No,No
3703-KBKZP,Month-to-month,16,74.45,1261.35,Bank transfer (automatic),No,Yes,No
1449-XQEMT,Month-to-month,3,19.8,58.15,Mailed check,No internet service,Yes,Yes
2626-URJFX,Month-to-month,4,50.9,225.6,Electronic check,No,Yes,Yes
4973-MGTON,Two year,71,84.4,5969.3,Credit card (automatic),Yes,Yes,No
3682-YEUWS,Month-to-month,10,24.4,253.9,Mailed check,No internet service,Yes,No
1223-UNPKS,Two year,20,20.05,400.0,Mailed check,No internet service,No,No
2612-RRIDN,Month-to-month,4,81.0,340.85,Electronic check,No,Yes,Yes
4735-ASGMA,Month-to-month,26,98.35,2515.3,Electronic check,No,Yes,Yes
3446-QDSZF,Month-to-month,4,55.5,227.35,Credit card (automatic),No,No,No
3669-LVWZB,Month-to-month,5,51.0,305.95,Mailed check,No,Yes,Yes
6892-EZDTG,Month-to-month,4,91.65,365.4,Electronic check,No,Yes,Yes
5117-IFGPS,Month-to-month,29,84.3,2357.75,Electronic check,No,Yes,No
7379-FNIUJ,Month-to-month,2,100.2,198.5,Electronic check,No,No,No
1627-AFWVJ,Two year,29,19.4,554.25,Mailed check,No internet service,No,No
9725-SCPZG,Month-to-month,1,90.85,90.85,Electronic check,No,Yes,Yes
5884-GCYMI,Month-to-month,1,69.4,69.4,Mailed check,No,No,Yes
3217-FZDMN,Month-to-month,8,94.45,742.95,Credit card (automatic),No,Yes,Yes
4486-EFAEB,Month-to-month,13,20.4,251.65,Electronic check,No internet service,Yes,No
0060-FUALY,Month-to-month,59,94.75,5597.65,Electronic check,No,Yes,No
7853-GVUDZ,Month-to-month,1,20.15,20.15,Credit card (automatic),No internet service,Yes,Yes
7480-QNVZJ,Month-to-month,50,95.7,4816.7,Electronic check,No,Yes,Yes
6954-OOYZZ,Month-to-month,18,44.35,768.05,Bank transfer (automatic),No,Yes,No
7088-FBAWU,Month-to-month,17,74.55,1215.8,Mailed check,No,No,No
8313-AFGBW,Two year,47,73.6,3522.65,Electronic check,No,No,No
3943-KDREE,Month-to-month,26,74.95,1834.95,Bank transfer (automatic),No,Yes,Yes
9239-ZBZZV,Month-to-month,6,47.95,305.1,Electronic check,No,Yes,Yes
3097-IDVPU,Month-to-month,19,50.1,910.45,Credit card (automatic),No,No,No
4398-HSCJH,Month-to-month,3,63.6,155.65,Electronic check,Yes,Yes,Yes
2197-OMWGI,Two year,68,53.0,3656.25,Electronic check,No,Yes,No
2303-PJYHN,Month-to-month,2,19.85,52.0,Bank transfer (automatic),No internet service,No,No
9795-VOWON,One year,7,24.35,150.85,Credit card (automatic),No,Yes,No
1237-WIYYZ,Month-to-month,18,19.55,389.25,Mailed check,No internet service,Yes,No
1987-AUELQ,Two year,71,25.05,1873.7,Credit card (automatic),No internet service,No,No
7852-LECYP,Month-to-month,13,93.8,1261.0,Credit card (automatic),No,No,No
4430-UZIPO,Month-to-month,3,36.85,108.7,Mailed check,Yes,Yes,Yes
4822-LPTYJ,Two year,72,103.75,7346.2,Bank transfer (automatic),No,Yes,No
8165-CBKXO,Two year,66,56.75,3708.4,Credit card (automatic),No,Yes,No
6527-PZFPV,One year,24,20.8,469.65,Credit card (automatic),No internet service,Yes,No
4855-SNKMY,Month-to-month,1,44.1,44.1,Electronic check,No,Yes,Yes
9593-CVZKR,Two year,56,24.45,1385.85,Mailed check,No internet service,Yes,No
8595-SIZNC,One year,22,25.6,548.8,Bank transfer (automatic),No internet service,No,No
8008-HAWED,Month-to-month,14,50.75,712.75,Electronic check,No,Yes,Yes
7124-UGSUR,One year,61,104.4,6405.0,Credit card (automatic),No,Yes,Yes
1862-SKORY,Month-to-month,40,39.3,1637.4,Electronic check,No,Yes,Yes
5236-XMZJY,Month-to-month,42,59.65,2536.55,Bank transfer (automatic),No,No,No
4827-DPADN,Two year,72,83.3,6042.7,Bank transfer (automatic),Yes,Yes,No
2694-CIUMO,Month-to-month,12,79.55,958.25,Credit card (automatic),Yes,Yes,No
5846-ABOBJ,Two year,71,24.45,1730.65,Bank transfer (automatic),No internet service,No,No
1439-LCGVL,One year,26,19.2,459.6,Mailed check,No internet service,No,No
0909-SDHNU,Month-to-month,7,29.8,201.95,Mailed check,No,No,No
4647-XXZAM,Month-to-month,6,45.5,285.2,Mailed check,No,No,No
1502-XFCVR,One year,58,106.45,6145.85,Electronic check,No,Yes,Yes
7740-KKCXF,Month-to-month,51,30.05,1529.45,Credit card (automatic),No,Yes,No
5360-XGYAZ,Two year,72,65.65,4664.5,Bank transfer (automatic),Yes,Yes,No
9692-TUSXH,Month-to-month,18,96.05,1740.7,Electronic check,No,Yes,Yes
7912-SYRQT,Month-to-month,7,75.1,552.95,Bank transfer (automatic),No,Yes,Yes
3557-HTYWR,Two year,47,74.05,3496.3,Mailed check,Yes,No,No
4816-JBHOV,Month-to-month,2,44.7,93.7,Electronic check,No,Yes,Yes
8920-NAVAY,One year,62,110.75,7053.35,Bank transfer (automatic),Yes,Yes,No
1699-TLDLZ,Two year,16,19.7,301.55,Mailed check,No internet service,No,No
5600-PDUJF,Month-to-month,6,49.5,312.7,Credit card (automatic),Yes,Yes,No
8292-TYSPY,Month-to-month,19,55.0,1046.5,Credit card (automatic),Yes,Yes,Yes
0567-XRHCU,Two year,69,43.95,2960.1,Credit card (automatic),No,Yes,No
1867-BDVFH,Month-to-month,11,74.35,834.2,Electronic check,No,Yes,Yes
2067-QYTCF,Month-to-month,64,111.15,6953.4,Electronic check,Yes,Yes,No
2359-QWQUL,One year,39,104.7,4134.85,Credit card (automatic),Yes,Yes,Yes
9103-TCIHJ,Month-to-month,15,55.7,899.8,Mailed check,No,Yes,Yes
7407-SUJIZ,Month-to-month,25,20.6,541.5,Mailed check,No internet service,No,No
9150-KPBJQ,Two year,6,19.65,116.85,Credit card (automatic),No internet service,No,No
0052-DCKON,One year,66,115.8,7942.15,Bank transfer (automatic),Yes,No,No
3654-ARMGP,Two year,61,88.65,5321.25,Credit card (automatic),Yes,No,No
9699-UBQFS,Month-to-month,43,94.5,4156.8,Electronic check,No,Yes,No
9367-TCUYN,Month-to-month,12,20.1,223.6,Mailed check,No internet service,No,No
1261-FWTTE,Month-to-month,23,34.65,768.45,Bank transfer (automatic),No,Yes,No
3528-HFRIQ,Month-to-month,71,52.3,3765.05,Bank transfer (automatic),No,Yes,No
0708-SJDIS,Month-to-month,34,65.0,2157.5,Mailed check,Yes,No,No
4140-WJAWW,Month-to-month,5,19.85,108.05,Credit card (automatic),No internet service,No,Yes
2073-QBVBI,One year,41,35.45,1391.65,Mailed check,Yes,No,No
6928-ONTRW,Two year,72,19.7,1379.8,Credit card (automatic),No internet service,No,No
3320-VEOYC,Month-to-month,14,95.6,1273.3,Electronic check,No,Yes,No
5231-FIQPA,Two year,41,19.85,810.45,Mailed check,No internet service,Yes,No
6617-WLBQC,One year,23,81.85,1810.85,Credit card (automatic),No,No,No
2599-CIPQE,Two year,71,109.3,7782.85,Credit card (automatic),Yes,No,No
6653-CBBOM,Month-to-month,1,70.3,70.3,Electronic check,No,Yes,Yes
8774-GSBUN,Two year,72,25.4,1797.1,Mailed check,No internet service,No,No
7326-RIGQZ,Month-to-month,6,69.8,377.85,Electronic check,No,Yes,No
1401-FTHFQ,One year,23,20.0,445.3,Credit card (automatic),No internet service,Yes,No
3247-ZVOUO,Month-to-month,10,85.55,851.75,Electronic check,No,No,Yes
0254-FNMCI,Two year,72,109.9,7624.2,Electronic check,Yes,Yes,No
1848-LBZHY,Month-to-month,7,50.3,355.1,Bank transfer (automatic),No,Yes,No
6101-IMRMM,Month-to-month,6,94.5,575.45,Mailed check,No,No,Yes
8118-TJAFG,Month-to-month,9,101.5,906.85,Electronic check,Yes,Yes,No
5429-LWCMV,Month-to-month,12,89.15,1057.55,Electronic check,No,Yes,No
7298-IZWLY,Month-to-month,1,19.4,19.4,Mailed check,No internet service,Yes,No
9758-MFWGD,One year,48,29.9,1388.75,Bank transfer (automatic),No,No,No
3955-JBZZM,Month-to-month,20,78.8,1641.3,Electronic check,No,No,No
1268-ASBGA,Month-to-month,16,85.35,1375.15,Credit card (automatic),No,Yes,Yes
8943-URTMR,Month-to-month,2,79.65,152.7,Mailed check,No,Yes,Yes
4815-TUMEQ,One year,10,19.3,185.2,Mailed check,No internet service,Yes,No
4713-LZDRV,Month-to-month,2,79.6,195.05,Electronic check,No,Yes,Yes
9909-IDLEK,Month-to-month,20,96.8,1826.7,Mailed check,Yes,No,No
4092-OFQZS,One year,20,20.65,417.5,Mailed check,No internet service,No,No
1561-BWHIN,One year,19,19.8,344.5,Mailed check,No internet service,No,No
4325-NFSKC,Month-to-month,19,90.6,1660.0,Electronic check,No,Yes,Yes
9927-DSWDF,Month-to-month,22,104.6,2180.55,Electronic check,Yes,Yes,No
9500-LTVBP,Month-to-month,35,80.05,2835.9,Credit card (automatic),Yes,No,No
7252-NTGSS,Month-to-month,1,45.15,45.15,Mailed check,No,No,No
8149-AIQCG,Month-to-month,39,73.15,2730.85,Credit card (automatic),No,Yes,No
1360-JYXKQ,One year,54,99.1,5437.1,Electronic check,Yes,Yes,No
2955-PSXOE,Month-to-month,1,20.2,20.2,Bank transfer (automatic),No internet service,Yes,Yes
7762-URZQH,Two year,66,106.05,6981.35,Credit card (automatic),No,Yes,Yes
0899-WZRSD,Month-to-month,56,105.35,5794.45,Mailed check,Yes,Yes,No
3255-GRXMG,Month-to-month,18,45.65,747.2,Credit card (automatic),No,Yes,No
4828-FAZPK,Month-to-month,16,79.95,1267.95,Credit card (automatic),No,Yes,No
6094-ZIVKX,One year,68,54.45,3674.95,Credit card (automatic),No,Yes,No
6925-BAYGL,Two year,53,25.1,1275.6,Credit card (automatic),No internet service,No,No
3262-EIDHV,Two year,72,84.7,5893.9,Credit card (automatic),Yes,No,No
7354-OIJLX,Month-to-month,9,75.85,724.65,Electronic check,No,Yes,No
1376-HHBDV,Month-to-month,30,48.8,1536.75,Mailed check,No,Yes,No
6907-NZZIJ,Month-to-month,36,99.15,3615.6,Electronic check,No,Yes,Yes
6133-OZILE,Month-to-month,18,35.2,607.3,Electronic check,Yes,Yes,No
4135-FRWKJ,One year,55,76.25,4154.55,Electronic check,Yes,No,No
2911-UREFD,Month-to-month,39,55.9,2184.35,Electronic check,No,No,Yes
3744-ZRRDZ,Month-to-month,21,82.35,1852.85,Electronic check,No,Yes,Yes
5673-TIYIB,Month-to-month,2,40.4,77.15,Credit card (automatic),Yes,Yes,Yes
6551-ZCOTS,One year,33,24.9,847.8,Bank transfer (automatic),No internet service,Yes,No
7191-ADRGF,Two year,44,54.3,2390.45,Bank transfer (automatic),No,No,No
5018-LXQQG,Month-to-month,30,66.3,1923.5,Bank transfer (automatic),Yes,No,No
6892-BOGQE,Two year,71,20.9,1493.2,Bank transfer (automatic),No internet service,Yes,No
1602-IJQQE,Month-to-month,4,75.35,338.1,Electronic check,No,No,Yes
4628-WQCQQ,One year,35,85.15,3030.6,Electronic check,No,Yes,Yes
1746-TGTWV,Month-to-month,1,75.35,75.35,Credit card (automatic),No,No,No
5995-SNNEW,Month-to-month,23,104.45,2184.85,Electronic check,No,Yes,No
8050-WYBND,One year,22,49.45,1031.4,Credit card (automatic),No,Yes,No
2821-WARNZ,One year,49,19.45,921.3,Credit card (automatic),No internet service,No,No
4879-GZLFH,Month-to-month,42,92.15,3875.4,Electronic check,No,Yes,No
1644-IRKSF,One year,33,93.8,3124.5,Electronic check,No,Yes,Yes
8314-HTWVE,Two year,7,19.85,144.15,Mailed check,No internet service,No,No
9402-ROUMJ,One year,67,100.25,6689.0,Bank transfer (automatic),Yes,Yes,No
2507-QZPQS,Month-to-month,15,95.7,1451.1,Electronic check,Yes,No,No
7159-NOKYQ,Two year,67,93.15,6368.2,Electronic check,No,Yes,No
5707-ZMDJP,Two year,53,69.7,3729.6,Mailed check,Yes,Yes,No
8779-YIQQA,One year,21,19.8,350.1,Mailed check,No internet service,No,No
7136-IHZJA,Month-to-month,40,71.35,2847.2,Mailed check,Yes,Yes,No
8966-OIQHG,One year,22,20.75,452.35,Bank transfer (automatic),No internet service,No,No
7074-STDCN,Month-to-month,39,40.6,1494.5,Electronic check,Yes,Yes,No
3705-PSNGL,One year,45,20.4,930.45,Electronic check,No internet service,Yes,Yes
8739-QOTTN,Month-to-month,2,20.35,41.85,Mailed check,No internet service,No,No
1399-OUPJN,Two year,57,19.75,1272.05,Bank transfer (automatic),No internet service,No,No
0277-BKSQP,Month-to-month,8,54.4,475.1,Electronic check,No,Yes,No
6502-HCJTI,Month-to-month,7,94.7,673.1,Credit card (automatic),No,Yes,Yes
2606-RMDHZ,Month-to-month,6,30.5,208.7,Credit card (automatic),No,Yes,Yes
5774-XZTQC,Month-to-month,7,20.45,150.75,Mailed check,No internet service,No,No
2676-SSLTO,Two year,49,66.15,3199.0,Bank transfer (automatic),Yes,Yes,No
6266-QHOJZ,One year,65,89.85,5844.65,Electronic check,Yes,Yes,No
7269-JISCY,One year,55,45.05,2462.6,Bank transfer (automatic),No,No,No
0363-SVHYR,Two year,71,86.85,6263.8,Bank transfer (automatic),Yes,No,No
8547-NSBBO,Month-to-month,35,96.75,3403.4,Mailed check,Yes,Yes,No
8258-GSTJK,Month-to-month,3,77.0,237.75,Electronic check,No,Yes,Yes
6861-OKBCE,Month-to-month,11,20.1,221.35,Credit card (automatic),No internet service,No,Yes
9940-RHLFB,Month-to-month,1,75.3,75.3,Electronic check,No,No,Yes
6591-QGOYB,Month-to-month,17,106.65,1672.1,Bank transfer (automatic),Yes,Yes,No
9070-BCKQP,Two year,72,110.15,7881.2,Credit card (automatic),Yes,Yes,No
6421-SZVEM,One year,28,82.85,2320.8,Bank transfer (automatic),No,Yes,No
1328-EUZHC,Two year,18,20.1,370.5,Mailed check,No internet service,No,No
2995-UPRYS,One year,40,99.2,4062.2,Credit card (automatic),Yes,Yes,Yes
8878-RYUKI,Month-to-month,52,59.45,3043.7,Electronic check,No,Yes,No
9633-DENPU,Month-to-month,47,58.6,2723.4,Bank transfer (automatic),No,Yes,No
7811-JIVPF,Month-to-month,23,49.7,1081.25,Credit card (automatic),No,No,No
7113-HIPFI,Two year,66,65.85,4097.05,Mailed check,Yes,No,No
8541-QVFKM,Month-to-month,8,73.5,632.2,Electronic check,No,Yes,No
6686-YPGHK,Month-to-month,47,85.5,4042.3,Mailed check,No,No,Yes
1383-EZRWL,Month-to-month,7,20.05,164.85,Mailed check,No internet service,No,Yes
9258-CNWAC,Two year,71,113.65,8166.8,Credit card (automatic),Yes,No,No
5371-VYLSX,Month-to-month,50,83.4,4113.7,Electronic check,No,Yes,No
6374-AFWOX,Two year,46,65.65,3047.15,Mailed check,Yes,No,No
4759-TRPLW,Month-to-month,1,70.4,70.4,Electronic check,No,No,Yes
5317-FLPJF,Two year,66,61.35,4193.4,Bank transfer (automatic),Yes,Yes,No
7621-VPNET,Month-to-month,42,85.9,3729.75,Credit card (automatic),Yes,Yes,No
6034-YMTOB,Month-to-month,5,75.65,399.45,Mailed check,Yes,Yes,No
8563-IIOXK,One year,7,49.75,331.3,Electronic check,No,Yes,Yes
4903-CNOZC,One year,29,70.9,1964.6,Credit card (automatic),No,No,No
4353-HYOJD,Month-to-month,27,49.85,1336.15,Mailed check,No,No,No
8020-BWHYL,Month-to-month,15,75.3,1147.45,Credit card (automatic),No,Yes,Yes
7267-FRMJW,Two year,25,20.1,486.05,Mailed check,No internet service,No,No
2982-VPSGI,Month-to-month,11,94.0,1078.9,Electronic check,No,Yes,Yes
4188-FRABG,Month-to-month,57,103.05,5925.75,Electronic check,Yes,Yes,No
8199-ZLLSA,One year,67,118.35,7804.15,Bank transfer (automatic),Yes,Yes,Yes
4128-ETESU,Month-to-month,47,99.7,4747.2,Electronic check,No,No,No
0620-DLSLK,Month-to-month,13,81.9,1028.9,Mailed check,No,Yes,No
4625-EWPTF,Month-to-month,8,30.45,226.45,Electronic check,No,Yes,Yes
5980-NOPLP,Month-to-month,44,96.1,4364.1,Electronic check,No,Yes,Yes
3850-OKINF,One year,71,66.2,4692.55,Electronic check,No,Yes,No
6892-XPFPU,Month-to-month,24,104.25,2433.9,Electronic check,No,Yes,Yes
8010-EZLOU,Month-to-month,15,80.2,1217.25,Electronic check,No,Yes,Yes
1156-ZFYDO,Month-to-month,1,19.75,19.75,Electronic check,No internet service,No,No
3295-YVUSR,Month-to-month,2,72.6,154.3,Mailed check,No,Yes,No
8016-NCFVO,Month-to-month,55,116.5,6382.55,Electronic check,Yes,Yes,No
4119-ZYPZY,Two year,71,106.8,7623.2,Electronic check,Yes,Yes,No
5549-ZGHFB,Two year,50,24.95,1261.45,Mailed check,No internet service,No,No
7577-SWIFR,Month-to-month,1,89.25,89.25,Electronic check,No,Yes,No
0303-WMMRN,Month-to-month,5,19.25,86.05,Mailed check,No internet service,Yes,No
6408-OTUBZ,One year,66,104.55,6779.05,Bank transfer (automatic),Yes,Yes,No
5204-HMGYF,One year,49,87.2,4345.0,Mailed check,Yes,Yes,No
1078-TDCRN,Month-to-month,3,30.75,82.85,Electronic check,No,Yes,No
3727-OVPRY,One year,66,25.7,1714.55,Credit card (automatic),No internet service,Yes,No
3797-FKOGQ,Month-to-month,11,86.2,893.2,Electronic check,No,No,No
7622-NXQZR,Month-to-month,28,30.1,810.85,Credit card (automatic),Yes,Yes,No
6196-HBOBZ,Two year,65,99.35,6347.55,Electronic check,No,Yes,No
3970-XGJDU,Two year,62,19.2,1123.65,Credit card (automatic),No internet service,Yes,No
7017-VFULY,Month-to-month,2,20.1,43.15,Bank transfer (automatic),No internet service,No,No
5562-YJQGT,Month-to-month,2,20.35,35.1,Credit card (automatic),No internet service,No,No
8807-OPMBM,Two year,55,25.65,1388.0,Credit card (automatic),No internet service,Yes,No
5439-WIKXB,Month-to-month,41,94.55,3851.45,Electronic check,No,Yes,No
9874-QLCLH,Month-to-month,17,104.2,1743.5,Electronic check,No,Yes,Yes
8294-UIMBA,One year,30,94.4,2638.1,Bank transfer (automatic),Yes,Yes,No
8109-YUOHE,One year,17,56.1,946.95,Mailed check,No,No,No
5840-NVDCG,Two year,16,68.25,1114.85,Bank transfer (automatic),Yes,No,No
8092-NLTGF,Two year,72,24.75,1777.6,Bank transfer (automatic),No internet service,No,No
5928-QLDHB,Month-to-month,9,76.25,684.85,Electronic check,No,Yes,No
9840-EFJQB,Month-to-month,1,74.35,74.35,Electronic check,No,No,No
0696-UKTOX,Month-to-month,23,54.15,1312.45,Electronic check,Yes,No,No
4801-KFYKL,Month-to-month,8,19.45,159.2,Bank transfer (automatic),No internet service,No,No
3472-OAOOR,Month-to-month,19,34.95,610.2,Mailed check,No,Yes,No
6135-OZQVA,Month-to-month,7,53.65,404.35,Electronic check,No,Yes,No
8062-YBDOE,Month-to-month,1,69.65,69.65,Electronic check,No,Yes,Yes
2252-JHJGE,One year,61,104.0,6363.45,Electronic check,No,No,No
4188-PCPIG,Two year,57,70.35,4124.65,Credit card (automatic),Yes,Yes,No
6000-APYLU,Month-to-month,9,80.8,713.1,Electronic check,No,Yes,Yes
7105-BENQF,One year,15,64.85,950.75,Mailed check,No,No,No
7721-DVEKZ,Month-to-month,1,19.65,19.65,Mailed check,No internet service,No,No
3566-VVORZ,Month-to-month,12,45.9,505.95,Bank transfer (automatic),No,No,No
9507-HSMMZ,Two year,54,20.0,1149.65,Mailed check,No internet service,No,No
2480-SQIOB,Month-to-month,4,44.8,169.65,Electronic check,No,No,No
0947-IDHRQ,Month-to-month,7,80.3,526.7,Mailed check,No,Yes,Yes
7813-TKCVO,One year,20,20.35,393.15,Mailed check,No internet service,No,No
0128-MKWSG,Month-to-month,26,45.8,1147.0,Mailed check,Yes,No,No
3672-YITQD,Month-to-month,36,84.1,3021.6,Electronic check,No,Yes,Yes
4350-ZTLPI,One year,53,108.95,5718.2,Bank transfer (automatic),Yes,Yes,No
9048-JVYVF,Month-to-month,3,69.35,191.35,Electronic check,Yes,Yes,Yes
0361-HJRDX,Two year,68,64.35,4539.6,Credit card (automatic),Yes,No,No
5727-MYATE,Two year,72,90.8,6397.6,Credit card (automatic),Yes,Yes,No
3823-KYNQY,One year,12,24.95,280.4,Credit card (automatic),No internet service,No,No
8988-ECPJR,Month-to-month,34,79.6,2718.3,Mailed check,No,Yes,Yes
7570-WELNY,Two year,68,84.7,5711.05,Bank transfer (automatic),No,Yes,No
3021-VLNRJ,One year,50,70.8,3478.15,Credit card (automatic),Yes,Yes,No
3776-EKTKM,Month-to-month,1,36.45,36.45,Electronic check,No,Yes,Yes
2080-CAZNM,Month-to-month,41,104.4,4133.95,Electronic check,No,Yes,No
1028-FFNJK,Month-to-month,30,101.5,2917.65,Electronic check,Yes,Yes,No
6907-FLBER,Month-to-month,1,54.3,54.3,Electronic check,No,No,No
3001-UNBTL,Month-to-month,29,103.95,2964.8,Electronic check,No,Yes,No
5982-PSMKW,Two year,23,91.1,2198.3,Credit card (automatic),Yes,Yes,No
3507-GASNP,Two year,60,19.95,1189.9,Mailed check,No internet service,No,No
7096-ZNBZI,Two year,72,26.45,1914.5,Credit card (automatic),No internet service,No,No
1902-XBTFB,Month-to-month,22,89.4,2001.5,Electronic check,No,Yes,Yes
1676-MQAOA,Two year,72,75.1,5336.35,Bank transfer (automatic),Yes,Yes,No
0786-IVLAW,One year,66,108.1,7238.6,Bank transfer (automatic),No,No,No
7566-DSRLQ,Two year,72,110.15,7998.8,Electronic check,Yes,Yes,No
0643-OKLRP,Month-to-month,47,80.35,3825.85,Electronic check,No,No,Yes
7245-JMTTQ,One year,51,111.5,5703.25,Electronic check,Yes,Yes,No
6050-IJRHS,One year,70,106.5,7397.0,Electronic check,No,Yes,No
6202-JVYEU,One year,9,19.9,164.6,Electronic check,No internet service,Yes,No
8591-TKMZH,Two year,59,111.1,6555.2,Mailed check,Yes,Yes,No
0734-OXWBT,Month-to-month,3,70.7,225.65,Mailed check,Yes,No,No
4282-ACRXS,Month-to-month,38,24.85,955.75,Electronic check,No,Yes,No
0365-TRTPY,Month-to-month,37,91.2,3382.3,Bank transfer (automatic),No,No,No
7349-ALMUX,Two year,37,65.6,2313.8,Bank transfer (automatic),Yes,No,No
9381-NDKME,Month-to-month,24,40.65,933.3,Credit card (automatic),No,Yes,Yes
6502-KUGLL,Month-to-month,14,59.45,780.85,Bank transfer (automatic),Yes,No,No
1841-YSJGV,Two year,72,109.95,7852.4,Credit card (automatic),Yes,Yes,No
2794-XIMMO,One year,53,60.45,3184.25,Electronic check,Yes,Yes,Yes
8382-SHQEH,Month-to-month,8,84.9,764.95,Electronic check,No,Yes,Yes
3511-BFTJW,Two year,72,38.5,2763.0,Credit card (automatic),No,No,No
7668-XCFYV,Month-to-month,17,92.55,1614.7,Electronic check,No,Yes,No
2983-ZANRP,Month-to-month,2,73.55,145.4,Bank transfer (automatic),No,Yes,Yes
7845-URHJN,Month-to-month,8,20.15,156.25,Bank transfer (automatic),No internet service,No,Yes
3034-ZBEQN,One year,48,34.7,1604.5,Mailed check,No,No,Yes
5018-HEKFO,Month-to-month,10,24.5,270.15,Mailed check,No internet service,Yes,No
2923-ARZLG,One year,0,19.7,0.0,Mailed check,No internet service,Yes,No
3976-NLDEZ,Month-to-month,1,20.6,20.6,Mailed check,No internet service,No,No
2282-YGNOR,One year,29,58.0,1734.5,Credit card (automatic),Yes,No,No
5336-UFNZP,One year,65,107.45,7047.5,Electronic check,No,Yes,No
6854-EXGSF,Month-to-month,8,65.5,573.15,Bank transfer (automatic),No,Yes,No
1241-EZFMJ,Two year,61,25.45,1538.6,Bank transfer (automatic),No internet service,No,No
9233-PSYHO,One year,45,100.15,4459.8,Bank transfer (automatic),No,Yes,No
5376-PCKNB,One year,72,104.45,7459.0,Credit card (automatic),No,Yes,No
8044-BGWPI,Month-to-month,12,21.15,306.05,Electronic check,No internet service,Yes,No
4060-LDNLU,Month-to-month,7,96.2,639.7,Electronic check,No,No,No
3589-PPVKW,Month-to-month,9,44.4,348.15,Mailed check,No,Yes,No
8327-LZKAS,One year,43,107.55,4533.9,Electronic check,Yes,Yes,Yes
5887-IKKYO,Two year,58,94.35,5563.65,Bank transfer (automatic),Yes,No,No
1075-BGWOH,Month-to-month,16,98.75,1587.55,Electronic check,No,Yes,Yes
1755-RMCXH,Month-to-month,2,20.3,40.25,Mailed check,No internet service,No,No
0302-JOIVN,Month-to-month,8,101.15,842.9,Electronic check,No,No,Yes
3858-XHYJO,One year,40,105.75,4228.55,Bank transfer (automatic),No,No,No
4299-SIMNS,Month-to-month,9,81.15,784.45,Electronic check,No,Yes,No
7025-IWFHT,One year,41,89.55,3729.75,Electronic check,Yes,Yes,No
6261-LHRTG,Month-to-month,26,54.75,1406.9,Credit card (automatic),No,Yes,No
7841-FCRQD,One year,33,53.75,1857.3,Credit card (automatic),Yes,Yes,No
2056-EVGZL,One year,68,105.75,7322.5,Credit card (automatic),Yes,No,No
8777-MBMTS,Two year,65,105.85,6725.5,Credit card (automatic),Yes,Yes,No
7753-USQYQ,One year,55,64.2,3627.3,Electronic check,Yes,Yes,No
5366-IJEQJ,Month-to-month,20,88.7,1761.45,Electronic check,No,Yes,Yes
7661-CPURM,One year,19,87.7,1725.95,Credit card (automatic),Yes,Yes,No
6233-HXJMX,Month-to-month,45,89.3,4192.15,Credit card (automatic),No,Yes,No
5902-WBLSE,Two year,70,20.15,1411.2,Credit card (automatic),No internet service,Yes,No
1981-INRFU,Month-to-month,2,79.75,164.5,Electronic check,No,Yes,Yes
4971-PUYQO,Month-to-month,27,94.55,2724.6,Mailed check,No,Yes,Yes
3239-TPHPZ,Two year,12,20.05,264.55,Electronic check,No internet service,Yes,No
5115-GZDEL,Two year,72,67.2,4671.7,Credit card (automatic),Yes,No,No
3338-CVVEH,Month-to-month,12,94.55,1173.55,Electronic check,No,No,No
8485-GJCDN,Month-to-month,5,69.05,318.5,Mailed check,No,Yes,Yes
2615-YVMYX,Month-to-month,71,107.5,7713.55,Electronic check,No,Yes,No
2851-STERV,One year,35,73.0,2471.25,Electronic check,Yes,Yes,No
4393-GEADV,Two year,70,114.75,7842.3,Credit card (automatic),Yes,No,No
8486-AYEQH,Month-to-month,31,76.05,2227.8,Electronic check,No,Yes,No
1527-SXDPN,Two year,52,96.25,4990.25,Bank transfer (automatic),Yes,Yes,Yes
6029-WTIPC,Month-to-month,37,101.1,3744.05,Electronic check,No,Yes,Yes
8634-CILSZ,One year,69,104.7,7220.35,Bank transfer (automatic),Yes,Yes,Yes
5419-JKZNQ,Month-to-month,30,77.9,2351.45,Mailed check,No,No,No
2495-KZNFB,Month-to-month,33,90.65,2989.6,Electronic check,No,Yes,No
1409-PHXTF,Two year,54,110.45,6077.75,Electronic check,Yes,Yes,No
4560-WQAQW,One year,59,68.7,4070.95,Bank transfer (automatic),Yes,No,No
9591-YVTEB,Month-to-month,55,44.85,2479.05,Electronic check,No,Yes,No
9309-BZGNT,One year,69,29.8,2134.3,Credit card (automatic),No,Yes,No
4274-DRSQT,One year,66,88.9,6000.1,Bank transfer (automatic),No,Yes,No
2027-DNKIV,One year,37,58.75,2203.1,Mailed check,Yes,Yes,No
8075-GXIUB,One year,9,19.85,183.15,Credit card (automatic),No internet service,No,No
2885-HIJDH,Two year,69,86.9,6194.1,Bank transfer (automatic),Yes,No,No
5424-RLQLC,Month-to-month,10,59.65,638.95,Mailed check,No,Yes,No
6682-QJDGB,Month-to-month,40,55.25,2139.2,Mailed check,No,Yes,Yes
6507-DTJZV,Month-to-month,13,66.4,831.75,Credit card (automatic),No,No,No
8780-IXSTS,Month-to-month,6,90.1,521.3,Electronic check,No,Yes,Yes
7673-BQGKU,Two year,69,20.15,1337.5,Bank transfer (automatic),No internet service,No,No
6723-WSNTY,One year,66,108.1,7181.95,Credit card (automatic),Yes,Yes,No
9530-EHPOH,Month-to-month,11,53.75,608.0,Electronic check,No,No,Yes
2725-IWWBA,One year,46,56.9,2560.1,Mailed check,Yes,No,No
0345-HKJVM,Month-to-month,6,89.3,577.6,Electronic check,No,No,Yes
1061-PNTHC,Month-to-month,56,109.6,5953.0,Mailed check,Yes,Yes,No
0394-YONDK,Two year,70,25.15,1790.15,Credit card (automatic),No internet service,No,No
6574-MCOEH,One year,33,79.15,2531.4,Electronic check,Yes,Yes,No
7399-QHBJS,Two year,72,66.75,4760.3,Credit card (automatic),Yes,No,No
3049-SOLAY,Month-to-month,3,95.2,292.85,Electronic check,No,Yes,Yes
0997-YTLNY,Month-to-month,19,48.8,953.65,Mailed check,Yes,No,No
3317-HRTNN,Month-to-month,5,45.7,198.0,Electronic check,No,No,Yes
9479-HYNYL,Two year,71,80.7,5705.05,Credit card (automatic),Yes,Yes,No
3235-ETOOB,Month-to-month,8,74.5,609.9,Electronic check,No,Yes,Yes
9708-KFDBY,Month-to-month,1,20.55,20.55,Credit card (automatic),No internet service,No,No
8058-INTPH,Month-to-month,1,79.65,79.65,Electronic check,No,Yes,Yes
3642-GKTCT,One year,61,115.1,6993.65,Mailed check,Yes,Yes,No
0774-RMNUW,Two year,71,59.7,4122.65,Bank transfer (automatic),Yes,No,No
1334-PDUKM,One year,68,86.45,5762.95,Credit card (automatic),No,No,No
0756-MPZRL,One year,46,33.7,1537.85,Credit card (automatic),Yes,No,No
2242-MFOTG,One year,33,80.1,2603.3,Bank transfer (automatic),No,No,No
2927-CVULT,Two year,53,104.05,5566.4,Bank transfer (automatic),Yes,Yes,No
2144-BFDSO,Month-to-month,50,108.75,5431.9,Bank transfer (automatic),No,No,No
8745-PVESG,One year,57,41.1,2258.25,Credit card (automatic),Yes,Yes,No
7647-GYYKX,Two year,54,20.35,1092.35,Bank transfer (automatic),No internet service,Yes,No
5647-FXOTP,Month-to-month,60,105.9,6401.25,Electronic check,No,Yes,No
5569-OUICF,Month-to-month,28,101.3,2812.2,Credit card (automatic),Yes,Yes,Yes
8821-XNHVZ,Month-to-month,1,80.05,80.05,Mailed check,No,Yes,Yes
2082-OJVTK,Month-to-month,29,89.2,2698.35,Electronic check,No,Yes,Yes
9700-ISPUP,Month-to-month,10,65.5,616.9,Electronic check,Yes,Yes,No
9839-ETQOE,Month-to-month,43,40.45,1912.85,Electronic check,No,Yes,No
6078-VESFR,Month-to-month,13,70.45,849.1,Bank transfer (automatic),No,No,No
9027-TMATR,Two year,43,78.8,3460.3,Electronic check,Yes,Yes,No
5940-NFXKV,Month-to-month,19,83.65,1465.75,Electronic check,No,Yes,Yes
1941-HOSAM,Month-to-month,1,90.1,90.1,Electronic check,No,Yes,No
9110-HSGTV,Two year,69,82.45,5555.3,Credit card (automatic),Yes,Yes,No
0704-VCUMB,Two year,61,20.25,1278.8,Credit card (automatic),No internet service,No,No
6171-ZTVYB,Month-to-month,43,66.25,2907.35,Bank transfer (automatic),Yes,No,No
8053-WWDRO,Month-to-month,6,19.5,146.3,Bank transfer (automatic),No internet service,No,Yes
9564-KCLHR,Month-to-month,1,51.25,51.25,Mailed check,Yes,No,Yes
1935-IMVBB,Month-to-month,56,89.7,4952.95,Mailed check,No,No,No
2535-PBCGC,Two year,70,64.55,4504.9,Bank transfer (automatic),Yes,No,No
2082-CEFLT,Month-to-month,1,45.6,45.6,Electronic check,No,Yes,Yes
1470-PSXNM,One year,49,93.65,4520.15,Electronic check,No,Yes,No
1213-NGCUN,Month-to-month,6,49.65,267.35,Bank transfer (automatic),Yes,Yes,Yes
2498-XLDZR,Two year,32,73.6,2316.85,Mailed check,Yes,No,No
9866-OCCKE,Two year,72,109.75,8075.35,Mailed check,Yes,Yes,No
5338-YHWYT,Two year,37,61.45,2302.35,Credit card (automatic),Yes,No,No
7718-UPSKJ,One year,69,106.4,7251.9,Credit card (automatic),Yes,Yes,No
8731-WBBMB,Month-to-month,26,81.9,2078.55,Bank transfer (automatic),Yes,No,No
1448-CYWKC,One year,58,105.2,6225.4,Credit card (automatic),No,Yes,No
7901-IIDQV,One year,24,54.6,1242.25,Bank transfer (automatic),Yes,No,No
2690-DVRVK,One year,5,20.55,99.45,Electronic check,No internet service,No,No
5688-KZTSN,Month-to-month,15,20.0,288.05,Electronic check,No internet service,Yes,Yes
1270-XKUCC,Two year,30,19.7,599.25,Mailed check,No internet service,No,No
0334-ZFJSR,One year,55,66.05,3462.1,Credit card (automatic),Yes,Yes,No
2894-QOJRX,Month-to-month,25,34.0,853.0,Bank transfer (automatic),No,Yes,Yes
5747-PMBSQ,Month-to-month,10,92.5,934.1,Mailed check,Yes,Yes,Yes
5583-EJXRD,Two year,44,54.05,2375.2,Credit card (automatic),Yes,Yes,No
4565-EVZMJ,One year,47,58.9,2813.05,Mailed check,Yes,Yes,No
3143-JQEGI,Month-to-month,13,88.35,1222.8,Electronic check,No,No,Yes
6386-SZZKH,Two year,49,107.95,5293.2,Bank transfer (automatic),Yes,Yes,Yes
3327-YBAKM,One year,64,96.9,6314.35,Mailed check,Yes,Yes,No
9441-QHEVC,Month-to-month,1,19.1,19.1,Mailed check,No internet service,No,No
6705-LNMDD,Month-to-month,20,50.0,1003.05,Mailed check,Yes,No,No
2580-ASVVY,Two year,37,45.4,1593.1,Electronic check,Yes,No,No
3370-GQEAL,Month-to-month,30,85.45,2509.95,Electronic check,No,No,No
5032-USPKF,One year,38,84.1,3187.65,Bank transfer (automatic),No,No,No
2982-IHMFT,Month-to-month,1,74.45,74.45,Mailed check,No,Yes,Yes
3521-SYVOR,Month-to-month,37,64.75,2345.2,Electronic check,No,Yes,Yes
4254-QPEDE,Two year,52,66.25,3330.1,Credit card (automatic),Yes,No,No
6283-GITPX,Two year,71,76.9,5522.7,Credit card (automatic),Yes,Yes,No
9526-JAWYF,Month-to-month,26,89.8,2335.3,Electronic check,No,No,Yes
0771-CHWSK,Two year,66,74.6,4798.4,Credit card (automatic),No,Yes,No
9788-HNGUT,Two year,72,116.95,8594.4,Credit card (automatic),Yes,Yes,No
9495-REDIY,One year,25,40.65,970.55,Credit card (automatic),No,Yes,No
5375-XLDOF,Two year,69,114.35,7665.8,Bank transfer (automatic),Yes,Yes,No
1172-VIYBP,Two year,53,69.7,3686.05,Bank transfer (automatic),No,No,No
5649-VUKMC,One year,12,95.5,1115.15,Mailed check,No,No,Yes
6559-PDZLR,Month-to-month,26,98.65,2537.0,Electronic check,Yes,Yes,No
8992-OBVDG,Month-to-month,21,61.65,1393.6,Mailed check,No,No,No
4273-MBHYA,Month-to-month,1,89.35,89.35,Electronic check,No,Yes,No
4724-WXVWF,Month-to-month,48,95.4,4445.3,Electronic check,Yes,Yes,No
5701-GUXDC,One year,26,35.4,978.6,Credit card (automatic),No,No,No
1460-UZPRJ,Two year,60,19.95,1258.15,Mailed check,No internet service,No,No
6082-GLJIX,Month-to-month,18,19.25,331.35,Mailed check,No internet service,No,No
5143-EGQFK,Month-to-month,10,29.65,291.4,Electronic check,Yes,Yes,Yes
4919-IKATY,Month-to-month,5,84.5,453.75,Electronic check,No,Yes,Yes
2495-TTHBQ,One year,4,20.4,84.75,Mailed check,No internet service,Yes,No
0485-ZBSLN,Two year,65,24.75,1715.1,Credit card (automatic),No internet service,No,No
3810-PJUHR,Two year,70,25.35,1715.15,Mailed check,No internet service,No,No
9050-QLROH,Month-to-month,18,90.7,1597.25,Credit card (automatic),No,Yes,Yes
0847-HGRML,Two year,62,20.0,1250.1,Bank transfer (automatic),No internet service,No,No
8232-CTLKO,Two year,66,59.75,3996.8,Electronic check,No,Yes,No
9227-YBAXE,Two year,65,82.5,5215.1,Bank transfer (automatic),Yes,Yes,No
6168-WFVVF,Month-to-month,3,70.3,235.5,Electronic check,No,Yes,Yes
9860-LISIZ,Month-to-month,34,20.35,673.2,Mailed check,No internet service,No,No
0112-QAWRZ,Month-to-month,16,90.8,1442.2,Bank transfer (automatic),No,Yes,No
0877-SDMBN,One year,54,103.95,5639.05,Bank transfer (automatic),No,Yes,Yes
2786-GCDPI,Month-to-month,50,104.95,5222.35,Electronic check,Yes,Yes,No
4043-MKDTV,Two year,71,105.25,7291.75,Electronic check,Yes,Yes,No
8065-YKXKD,Month-to-month,10,74.75,799.65,Electronic check,No,Yes,Yes
9637-EIHEQ,Month-to-month,1,50.8,50.8,Electronic check,Yes,Yes,Yes
9229-RQABD,One year,18,23.75,424.5,Mailed check,No internet service,No,No
8313-KTIHG,Month-to-month,4,61.3,249.4,Electronic check,Yes,Yes,No
5320-BRKGK,Two year,58,75.8,4415.75,Mailed check,Yes,No,No
6284-KMNUF,One year,56,98.0,5270.6,Electronic check,No,Yes,No
9689-PTNPG,Month-to-month,2,80.25,144.55,Electronic check,No,Yes,Yes
9465-RWMXL,Month-to-month,32,78.9,2447.95,Electronic check,No,Yes,Yes
6229-UOLQL,One year,56,52.0,2884.9,Mailed check,Yes,Yes,No
2362-IBOOY,Month-to-month,36,84.75,3050.15,Electronic check,No,Yes,Yes
3137-LUPIX,Month-to-month,4,64.4,253.0,Mailed check,Yes,Yes,No
0843-WTBXE,Month-to-month,53,85.45,4517.25,Bank transfer (automatic),No,No,Yes
6143-JQKEA,Month-to-month,10,45.8,436.2,Credit card (automatic),No,Yes,No
8676-OOQEJ,Month-to-month,4,30.5,118.4,Electronic check,Yes,No,No
5515-IDEJJ,Month-to-month,1,19.9,19.9,Mailed check,No internet service,No,Yes
9701-CDXHR,Month-to-month,51,69.15,3649.6,Mailed check,No,No,No
7450-NWRTR,Month-to-month,12,99.45,1200.15,Electronic check,No,Yes,Yes
8124-NZVGJ,One year,6,49.25,255.6,Mailed check,Yes,Yes,No
2162-FRZAA,Two year,63,39.35,2395.05,Bank transfer (automatic),Yes,No,No
5376-DEQCP,Month-to-month,1,70.6,70.6,Electronic check,No,Yes,Yes
5118-MUEYH,Month-to-month,48,105.1,5083.55,Credit card (automatic),Yes,Yes,No
9095-HFAFX,Month-to-month,5,81.0,389.6,Credit card (automatic),No,Yes,Yes
5627-TVBPP,One year,35,20.1,644.5,Credit card (automatic),No internet service,Yes,No
2379-ENZGV,Month-to-month,6,84.85,523.5,Electronic check,No,Yes,Yes
3936-QQFLL,Month-to-month,2,19.75,39.3,Mailed check,No internet service,No,No
2589-AYCRP,One year,50,19.75,989.05,Bank transfer (automatic),No internet service,No,No
4067-HLYQI,Month-to-month,33,70.4,2406.1,Bank transfer (automatic),No,Yes,No
5124-EOGYE,Two year,31,20.45,638.55,Mailed check,No internet service,No,No
5057-RKGLH,Two year,9,20.35,191.1,Mailed check,No internet service,No,No
0292-WEGCH,Month-to-month,54,86.2,4524.05,Electronic check,Yes,Yes,No
8910-ICHIU,One year,46,95.65,4664.2,Credit card (automatic),No,Yes,No
4097-YODCF,One year,34,103.8,3470.8,Electronic check,No,Yes,No
9715-WZCLW,Two year,71,97.2,6910.3,Electronic check,No,Yes,No
9786-YWNHU,Two year,63,63.55,4014.2,Mailed check,Yes,No,No
6407-GSJNL,Two year,51,24.95,1288.0,Bank transfer (automatic),No internet service,No,No
6005-OBZPH,Month-to-month,26,89.15,2277.65,Electronic check,No,Yes,Yes
4049-ZPALD,Two year,64,99.0,6375.8,Bank transfer (automatic),No,Yes,No
7932-WPTDS,Month-to-month,1,24.8,24.8,Electronic check,No,Yes,Yes
3733-UOCWF,One year,61,85.55,5251.75,Bank transfer (automatic),Yes,Yes,No
6833-JMZYP,Month-to-month,15,94.0,1505.45,Credit card (automatic),No,Yes,No
2722-VOJQL,One year,64,105.65,6903.1,Credit card (automatic),Yes,Yes,Yes
1310-QRITU,Month-to-month,18,50.3,913.3,Electronic check,No,Yes,No
8961-QDZZJ,One year,57,95.0,5535.8,Electronic check,No,Yes,No
9715-SBVSU,Two year,14,61.4,815.55,Bank transfer (automatic),No,Yes,No
8490-BXHEO,Month-to-month,18,80.55,1411.65,Credit card (automatic),No,Yes,No
7173-TETGO,Two year,72,78.5,5602.25,Bank transfer (automatic),No,No,No
7929-SKFGK,Two year,70,114.3,8244.3,Credit card (automatic),Yes,No,No
2300-RQGOI,Two year,38,20.05,741.5,Mailed check,No internet service,No,No
3563-SVYLG,Two year,68,62.65,4375.8,Credit card (automatic),Yes,No,No
5228-EXCET,Month-to-month,13,80.85,1008.7,Electronic check,No,Yes,Yes
6435-VWCCY,Two year,65,92.7,5968.4,Credit card (automatic),No,Yes,No
4998-IKFSE,Month-to-month,30,100.45,3096.9,Electronic check,No,No,No
8630-QSGXK,Two year,51,75.2,3901.25,Bank transfer (automatic),Yes,Yes,No
2455-USLMV,Month-to-month,31,84.75,2613.4,Credit card (automatic),No,Yes,No
7394-FKDNK,Month-to-month,9,89.45,853.1,Electronic check,No,No,Yes
9488-FVZCC,Two year,72,79.5,5661.7,Bank transfer (automatic),Yes,Yes,No
6331-LWDTQ,Month-to-month,10,72.15,794.25,Credit card (automatic),No,Yes,Yes
5995-WWKKG,One year,37,19.8,695.05,Electronic check,No internet service,Yes,No
1597-FZREH,Month-to-month,2,76.4,160.8,Electronic check,Yes,No,Yes
7879-CGSFV,One year,55,100.9,5552.05,Mailed check,No,Yes,No
9921-EZKBY,Month-to-month,33,95.3,3275.15,Bank transfer (automatic),No,Yes,No
7432-FFVAR,One year,46,90.95,4236.6,Bank transfer (automatic),Yes,No,No
7246-ZGQDF,Month-to-month,1,54.5,54.5,Electronic check,Yes,No,No
7000-WCEVQ,Month-to-month,20,61.6,1174.35,Mailed check,No,Yes,Yes
0727-IWKVK,Month-to-month,9,79.9,741.7,Electronic check,No,Yes,Yes
5959-BELXA,Month-to-month,32,96.15,3019.25,Credit card (automatic),No,Yes,Yes
4456-RHSNB,Month-to-month,19,49.6,962.9,Bank transfer (automatic),No,Yes,No
3512-IZIKN,Two year,70,65.3,4759.75,Credit card (automatic),Yes,No,Yes
2481-SBOYW,Two year,61,25.0,1498.35,Credit card (automatic),No internet service,Yes,No
7109-MFBYV,Month-to-month,26,45.45,1233.15,Electronic check,No,No,No
1833-TCXKK,Month-to-month,45,107.75,4882.8,Bank transfer (automatic),No,Yes,No
1832-PEUTS,Two year,62,89.1,5411.65,Credit card (automatic),No,Yes,No
6141-OOXUQ,Month-to-month,1,19.65,19.65,Mailed check,No internet service,No,Yes
8660-BUETV,Month-to-month,3,44.75,148.05,Mailed check,No,No,No
0580-PIQHM,One year,41,101.6,3930.55,Bank transfer (automatic),No,Yes,No
5696-CEIQJ,Two year,67,103.15,6895.5,Bank transfer (automatic),Yes,No,No
7503-ZGUZJ,Month-to-month,1,84.65,84.65,Mailed check,No,Yes,Yes
1696-HXOWK,One year,71,95.65,6856.95,Mailed check,No,No,No
3026-ATZYV,One year,37,75.1,2658.8,Bank transfer (automatic),No,No,No
4012-YCFAI,Two year,60,61.35,3766.2,Mailed check,Yes,Yes,No
2506-TNFCO,Month-to-month,1,69.55,69.55,Electronic check,No,Yes,Yes
9970-QBCDA,Month-to-month,6,19.7,129.55,Credit card (automatic),No internet service,No,No
8718-PTMEZ,Month-to-month,13,31.05,347.25,Electronic check,No,Yes,Yes
9496-IVVRP,Month-to-month,11,51.0,581.7,Bank transfer (automatic),No,No,No
2207-OBZNX,Month-to-month,7,51.0,354.05,Mailed check,No,Yes,Yes
2657-VPXTA,Month-to-month,10,88.85,929.45,Electronic check,No,Yes,No
6551-VLJMV,Two year,34,20.05,679.0,Credit card (automatic),No internet service,No,No
1221-GHZEP,Two year,62,65.1,3846.75,Mailed check,Yes,Yes,No
9289-LBQVU,One year,64,70.15,4480.7,Mailed check,Yes,Yes,No
6142-VSJQO,Month-to-month,1,44.35,44.35,Bank transfer (automatic),No,Yes,Yes
3458-IDMFK,Two year,25,20.75,499.4,Mailed check,No internet service,Yes,No
6933-FHBZC,One year,26,56.05,1553.2,Mailed check,No,Yes,No
0221-NAUXK,One year,10,19.95,219.5,Bank transfer (automatic),No internet service,Yes,No
9770-KXGQU,One year,53,98.6,5311.85,Mailed check,No,No,No
6437-UKHMV,Month-to-month,7,79.7,586.05,Electronic check,No,Yes,Yes
6538-POCHL,Month-to-month,33,79.0,2576.8,Credit card (automatic),No,Yes,No
6726-NNFWD,Two year,71,89.45,6435.25,Credit card (automatic),No,No,No
3002-WQZWT,Month-to-month,29,74.2,1993.25,Electronic check,No,Yes,No
4277-UDIEF,Month-to-month,24,81.0,1923.85,Bank transfer (automatic),Yes,No,No
1208-NBVFH,Month-to-month,20,49.6,939.8,Electronic check,No,Yes,No
4912-PIGUY,Month-to-month,1,84.6,84.6,Electronic check,No,Yes,No
1114-CENIM,Month-to-month,54,55.0,3092.65,Credit card (automatic),No,Yes,Yes
6060-DRTNL,Month-to-month,5,84.85,415.55,Mailed check,No,Yes,Yes
2725-TTRIQ,Two year,72,84.2,5986.55,Bank transfer (automatic),Yes,Yes,No
3374-TTZTK,Two year,52,106.3,5487.0,Electronic check,Yes,Yes,No
8990-ZXLSU,Month-to-month,9,69.05,651.5,Electronic check,No,No,No
2275-RBYQS,Month-to-month,1,45.4,45.4,Mailed check,No,Yes,No
8473-VUVJN,Month-to-month,1,73.65,73.65,Electronic check,No,Yes,Yes
6289-CPNLD,One year,33,73.9,2405.05,Mailed check,Yes,Yes,Yes
5536-SLHPM,Month-to-month,55,77.75,4458.15,Electronic check,No,Yes,Yes
4419-UJMUS,Two year,69,99.35,6856.45,Electronic check,Yes,Yes,No
7794-JASDG,Month-to-month,1,50.75,50.75,Mailed check,No,Yes,No
7609-YBPXG,Two year,54,87.1,4735.2,Bank transfer (automatic),Yes,No,No
5519-TEEUH,One year,33,20.15,682.15,Mailed check,No internet service,Yes,No
7856-GANIL,One year,45,98.7,4525.8,Bank transfer (automatic),Yes,Yes,No
0804-XBFBV,Month-to-month,11,25.2,321.05,Electronic check,No,No,No
2676-OXPPQ,Month-to-month,6,55.7,335.65,Bank transfer (automatic),No,Yes,No
3703-TTEPD,Month-to-month,21,65.35,1424.4,Bank transfer (automatic),No,No,No
2799-TSLAG,Two year,65,25.3,1748.55,Bank transfer (automatic),No internet service,Yes,No
0196-VULGZ,Month-to-month,6,84.35,474.9,Electronic check,No,Yes,Yes
8837-VVWLQ,Month-to-month,8,84.95,668.4,Electronic check,No,No,Yes
2696-NARTR,Month-to-month,11,73.85,926.25,Electronic check,Yes,Yes,Yes
2208-NKVVH,Two year,43,24.25,1077.95,Mailed check,No internet service,No,No
7614-QVWQL,One year,49,51.8,2541.25,Bank transfer (automatic),No,Yes,Yes
1976-CFOCS,Month-to-month,1,46.0,46.0,Electronic check,No,No,Yes
4631-OACRM,Month-to-month,15,79.4,1156.1,Electronic check,No,Yes,Yes
7139-JZFVG,Two year,60,60.5,3694.45,Bank transfer (automatic),No,No,No
4987-GQWPO,Month-to-month,17,25.1,382.8,Credit card (automatic),No,No,No
3755-JBMNH,Month-to-month,16,71.8,1167.8,Bank transfer (automatic),No,Yes,Yes
1757-TCATG,One year,35,20.05,746.75,Bank transfer (automatic),No internet service,No,No
6345-ULYRW,One year,44,88.4,3912.9,Mailed check,No,No,Yes
4776-XSKYQ,One year,12,30.25,368.85,Credit card (automatic),Yes,No,No
8048-DSDFQ,Month-to-month,1,20.2,20.2,Mailed check,No internet service,No,No
5753-QQWPW,One year,28,59.9,1654.7,Electronic check,Yes,Yes,No
6010-DDPPW,Two year,70,25.15,1940.85,Bank transfer (automatic),No internet service,No,No
1809-DMJHQ,Month-to-month,5,46.0,221.7,Mailed check,No,No,Yes
6693-FRIRW,Month-to-month,18,101.3,1794.65,Credit card (automatic),No,No,No
6586-MYGKD,Two year,70,76.95,5289.8,Credit card (automatic),Yes,Yes,No
3173-NVMPX,Month-to-month,9,55.3,501.2,Mailed check,No,Yes,No
0248-PGHBZ,Two year,67,92.45,6140.85,Bank transfer (automatic),Yes,Yes,No
0623-GDISB,Month-to-month,1,48.45,48.45,Bank transfer (automatic),No,Yes,No
2892-GESUL,Two year,18,19.35,309.25,Mailed check,No internet service,No,No
6923-EFPNL,Month-to-month,4,51.75,201.1,Credit card (automatic),No,No,Yes
7472-EQOAV,One year,71,86.7,6179.35,Bank transfer (automatic),No,Yes,No
9574-RKJIF,Month-to-month,30,94.4,2838.7,Electronic check,No,Yes,Yes
2043-WVTQJ,Month-to-month,1,55.7,55.7,Mailed check,No,No,No
8034-RYTVV,One year,55,84.25,4589.85,Credit card (automatic),No,Yes,No
3863-QSTYI,Month-to-month,59,64.65,3735.45,Electronic check,Yes,Yes,No
2619-WFQWU,Month-to-month,1,70.15,70.15,Mailed check,No,Yes,Yes
5044-LRQAQ,Month-to-month,7,69.2,477.55,Bank transfer (automatic),No,Yes,No
1716-LSAMB,Two year,45,54.65,2553.7,Bank transfer (automatic),Yes,No,No
1333-PBMXB,One year,54,24.75,1342.15,Bank transfer (automatic),No internet service,Yes,No
6546-OPBBH,One year,51,23.95,1216.35,Mailed check,No internet service,Yes,No
5985-BEHZK,One year,72,105.0,7578.05,Credit card (automatic),No,No,No
9127-QRZMH,One year,44,59.85,2603.95,Bank transfer (automatic),Yes,Yes,No
5919-VCZYM,Month-to-month,2,20.05,42.7,Mailed check,No internet service,No,No
9644-KVCNC,One year,66,92.15,6056.9,Bank transfer (automatic),No,Yes,No
2137-DQMEV,One year,68,44.8,2983.65,Mailed check,No,No,No
8174-LNWMW,Two year,31,20.9,689.35,Credit card (automatic),No internet service,No,No
9279-CJEOJ,Month-to-month,21,95.4,2025.1,Bank transfer (automatic),No,Yes,No
7964-VEXDG,Month-to-month,21,80.35,1747.2,Electronic check,No,No,No
2404-JIBFC,Two year,55,85.1,4657.95,Bank transfer (automatic),Yes,Yes,No
0778-NELLA,Month-to-month,9,34.7,296.1,Credit card (automatic),No,Yes,Yes
8029-XYPWT,Two year,71,115.05,8016.6,Bank transfer (automatic),Yes,Yes,No
4614-NUVZD,Month-to-month,1,81.1,81.1,Electronic check,No,Yes,Yes
4632-PAOYU,One year,22,19.95,433.5,Mailed check,No internet service,No,No
3803-KMQFW,Month-to-month,1,20.55,20.55,Mailed check,No internet service,No,Yes
6804-GDMOI,Two year,61,106.6,6428.4,Electronic check,Yes,Yes,Yes
2990-OGYTD,Two year,67,86.15,5883.85,Bank transfer (automatic),Yes,No,No
6646-JPPHA,Month-to-month,14,78.85,1043.8,Electronic check,No,No,No
9572-MTILT,Month-to-month,59,106.75,6252.9,Electronic check,Yes,Yes,Yes
7658-UYUQS,Month-to-month,21,86.55,1857.25,Bank transfer (automatic),No,No,No
7880-XSOJX,Month-to-month,4,42.4,146.4,Mailed check,Yes,No,No
9611-CTWIH,Month-to-month,3,89.45,240.45,Electronic check,No,Yes,Yes
4589-IUAJB,Two year,70,24.25,1724.15,Bank transfer (automatic),No internet service,No,No
0329-GTIAJ,Month-to-month,3,97.9,315.3,Electronic check,Yes,Yes,Yes
8746-BFOAJ,One year,21,20.5,429.55,Bank transfer (automatic),No internet service,No,No
8457-XIGKN,Month-to-month,20,19.6,356.15,Credit card (automatic),No internet service,Yes,No
6072-NUQCB,One year,22,20.25,488.25,Bank transfer (automatic),No internet service,No,No
6629-CZTTH,Month-to-month,1,55.7,55.7,Mailed check,No,Yes,Yes
8838-GPHZP,Two year,63,20.6,1298.7,Mailed check,No internet service,Yes,No
8750-QWZAJ,Two year,70,19.8,1378.75,Bank transfer (automatic),No internet service,No,No
5364-EVNIB,Month-to-month,13,79.8,973.45,Electronic check,No,Yes,Yes
6918-UMQCG,Month-to-month,5,80.2,384.25,Electronic check,No,No,No
0675-NCDYU,Two year,72,116.4,8543.25,Credit card (automatic),Yes,Yes,No
6339-DKLMK,Month-to-month,13,31.65,389.95,Electronic check,No,Yes,No
1346-PJWTK,Month-to-month,61,94.15,5731.85,Credit card (automatic),Yes,No,No
5088-QZLRL,Month-to-month,1,20.65,20.65,Electronic check,No internet service,No,No
8023-QHAIO,Month-to-month,56,76.85,4275.75,Bank transfer (automatic),Yes,Yes,No
4397-FRLTA,Month-to-month,4,20.15,84.5,Mailed check,No internet service,No,No
3057-VJJQE,Two year,35,55.25,1924.1,Mailed check,No,No,No
5087-SUURX,Month-to-month,18,39.05,669.85,Electronic check,No,Yes,Yes
2302-OUZXB,Two year,72,82.15,5784.3,Bank transfer (automatic),No,No,No
8133-ANHHJ,One year,49,103.0,5166.2,Bank transfer (automatic),Yes,No,No
2270-CHBFN,Month-to-month,44,95.1,4060.55,Credit card (automatic),Yes,Yes,No
0013-EXCHZ,Month-to-month,3,83.9,267.4,Mailed check,Yes,Yes,Yes
5982-FPVQN,Month-to-month,37,95.15,3532.85,Electronic check,No,Yes,No
9107-UKCKY,One year,61,79.8,4914.8,Electronic check,No,Yes,No
4654-ULTTN,Two year,70,74.8,5315.8,Credit card (automatic),Yes,Yes,No
5550-VFRLC,Month-to-month,1,69.85,69.85,Electronic check,No,Yes,Yes
5546-BYZSM,Month-to-month,41,20.45,775.6,Electronic check,No internet service,No,No
1492-KGETH,One year,70,78.35,5445.95,Bank transfer (automatic),Yes,No,No
4929-BSTRX,Month-to-month,1,53.55,53.55,Mailed check,No,Yes,Yes
4163-HFTUK,One year,51,19.1,1007.8,Electronic check,No internet service,No,No
8215-NGSPE,Two year,42,20.0,833.55,Mailed check,No internet service,No,No
2225-ZRGSG,Two year,70,93.9,6579.05,Bank transfer (automatic),Yes,No,Yes
8859-YSTWS,One year,48,19.95,1004.5,Bank transfer (automatic),No internet service,No,No
5271-YNWVR,Two year,68,113.15,7856.0,Electronic check,Yes,Yes,Yes
7601-DHFWZ,Two year,48,24.0,1183.05,Credit card (automatic),No internet service,No,No
2657-ALMWY,Month-to-month,26,84.95,2169.75,Electronic check,No,No,Yes
6330-JKLPC,Month-to-month,11,80.5,896.9,Bank transfer (automatic),No,Yes,Yes
4667-OHGKG,Month-to-month,1,19.3,19.3,Mailed check,No internet service,Yes,Yes
1998-VHJHK,One year,27,19.15,501.35,Mailed check,No internet service,No,No
1707-HABPF,One year,46,91.3,4126.35,Bank transfer (automatic),No,Yes,No
1660-HSOOQ,Month-to-month,1,49.65,49.65,Mailed check,No,Yes,Yes
7253-UVNDW,Two year,46,54.35,2460.15,Credit card (automatic),Yes,No,Yes
0487-VVUVK,Month-to-month,25,19.15,477.6,Mailed check,No internet service,Yes,No
7228-OMTPN,Month-to-month,4,88.45,370.65,Electronic check,No,Yes,Yes
5063-IUOKK,Two year,13,19.75,265.75,Mailed check,No internet service,No,No
4508-OEBEY,One year,31,75.5,2424.45,Credit card (automatic),Yes,Yes,No
0027-KWYKW,Month-to-month,23,83.75,1849.95,Electronic check,No,Yes,No
2308-STERM,Month-to-month,2,19.4,61.05,Mailed check,No internet service,No,No
5982-XMDEX,Two year,65,26.5,1698.55,Bank transfer (automatic),No internet service,No,No
6284-AHOOQ,Month-to-month,22,90.5,1910.6,Bank transfer (automatic),Yes,Yes,Yes
6051-PTVNS,One year,55,19.15,998.1,Credit card (automatic),No internet service,No,No
2344-JMOGN,Month-to-month,9,94.85,890.6,Mailed check,Yes,Yes,Yes
3799-ISUZQ,Month-to-month,7,69.95,529.5,Bank transfer (automatic),No,Yes,Yes
2877-VDUER,One year,35,40.9,1383.6,Mailed check,Yes,No,No
9152-AMKAK,Two year,6,80.25,493.4,Mailed check,Yes,Yes,No
1794-HBQTJ,Month-to-month,1,48.6,48.6,Credit card (automatic),No,Yes,Yes
9432-VOFYX,Month-to-month,17,70.8,1207.0,Electronic check,No,Yes,No
8049-WJCLQ,Month-to-month,10,60.2,563.5,Mailed check,No,No,No
6586-PSJOX,One year,15,55.2,864.55,Credit card (automatic),Yes,No,No
2460-FPSYH,Month-to-month,40,55.8,2109.35,Electronic check,No,Yes,Yes
9705-ZJBCG,One year,13,54.15,701.05,Bank transfer (automatic),Yes,No,No
4818-DRBQT,Month-to-month,29,80.15,2265.25,Bank transfer (automatic),No,Yes,Yes
1320-HTRDR,Month-to-month,3,75.5,220.6,Electronic check,No,Yes,Yes
6847-KJLTS,Month-to-month,58,100.4,5749.8,Bank transfer (automatic),Yes,Yes,No
9670-BPNXF,One year,45,62.55,2796.45,Credit card (automatic),Yes,Yes,No
3913-FCUUW,Two year,72,70.45,5165.7,Bank transfer (automatic),Yes,Yes,No
3301-VKTGC,One year,68,85.5,5696.6,Bank transfer (automatic),No,Yes,No
1493-AMTIE,Month-to-month,1,20.2,20.2,Bank transfer (automatic),No internet service,Yes,Yes
9555-SAHUZ,Month-to-month,38,54.5,2076.05,Electronic check,No,No,No
0816-TSPHQ,Month-to-month,2,20.75,44.2,Mailed check,No internet service,No,No
9932-WBWIK,Month-to-month,11,20.35,215.25,Mailed check,No internet service,No,No
4619-EVPHY,One year,20,91.0,1859.5,Bank transfer (automatic),No,Yes,No
5286-YHCVC,Two year,72,104.8,7470.1,Bank transfer (automatic),No,Yes,No
6424-ELEYH,Month-to-month,3,74.75,229.5,Credit card (automatic),No,Yes,Yes
4391-RESHN,Month-to-month,23,104.05,2470.1,Mailed check,Yes,Yes,Yes
9115-YQHGA,Month-to-month,40,51.1,2092.9,Electronic check,Yes,Yes,No
4462-CYWMH,Month-to-month,62,89.8,5629.55,Bank transfer (automatic),No,Yes,No
8963-MQVYN,Month-to-month,22,20.55,469.85,Electronic check,No internet service,Yes,No
2458-EOMRE,Month-to-month,11,64.05,733.95,Bank transfer (automatic),No,No,No
9334-GWGOW,Month-to-month,7,74.85,485.25,Electronic check,No,Yes,No
6821-BUXUX,Month-to-month,13,96.65,1244.5,Electronic check,No,Yes,Yes
5028-HTLJB,Month-to-month,1,20.05,20.05,Mailed check,No internet service,No,Yes
9801-GDWGV,Month-to-month,39,103.45,3994.45,Electronic check,No,Yes,Yes
6542-LWGXJ,Month-to-month,3,25.0,78.25,Mailed check,No,No,No
5567-GZKQY,Two year,58,20.3,1131.5,Credit card (automatic),No internet service,No,No
1222-LRYKO,Month-to-month,6,26.35,184.05,Mailed check,No internet service,No,No
2320-JRSDE,Month-to-month,1,19.9,19.9,Electronic check,No internet service,Yes,Yes
2087-QAREY,Month-to-month,22,54.7,1178.75,Mailed check,No,Yes,No
0601-WZHJF,Month-to-month,14,46.35,667.7,Electronic check,No,No,Yes
4423-JWZJN,One year,64,90.25,5629.15,Credit card (automatic),No,No,No
5143-WMWOG,Month-to-month,1,19.95,19.95,Electronic check,No internet service,No,Yes
6490-FGZAT,Month-to-month,6,20.65,109.3,Mailed check,No internet service,No,No
5393-RXQSZ,Month-to-month,1,79.6,79.6,Electronic check,No,No,Yes
7452-FOLON,One year,39,25.45,958.45,Bank transfer (automatic),No internet service,No,No
2320-TZRRH,One year,20,19.5,403.15,Mailed check,No internet service,No,No
0231-LXVAP,Month-to-month,1,75.9,75.9,Electronic check,Yes,Yes,Yes
9444-JTXHZ,Month-to-month,1,76.2,76.2,Electronic check,No,No,Yes
4942-VZZOM,One year,64,66.15,4392.5,Credit card (automatic),No,Yes,No
5510-BOIUJ,Month-to-month,1,19.25,19.25,Mailed check,No internet service,No,Yes
7502-BNYGS,Month-to-month,46,69.1,3168.0,Credit card (automatic),No,Yes,No
4291-HYEBC,One year,28,39.1,1096.6,Electronic check,No,Yes,No
6147-CBCRA,Month-to-month,33,20.05,669.45,Mailed check,No internet service,No,No
6047-SUHPR,One year,39,59.8,2343.85,Electronic check,No,No,No
4471-KXAUH,Month-to-month,42,84.3,3588.4,Electronic check,Yes,Yes,Yes
9752-ZNQUT,Month-to-month,1,48.6,48.6,Electronic check,No,Yes,No
7638-QVMVY,Month-to-month,7,79.0,522.95,Electronic check,No,Yes,Yes
1576-PFZIW,Two year,70,105.35,7511.9,Credit card (automatic),No,No,No
5666-MBJPT,Two year,65,25.1,1725.0,Bank transfer (automatic),No internet service,Yes,No
7312-XSBAT,Month-to-month,1,49.75,49.75,Electronic check,No,No,No
3096-GKWEB,Month-to-month,18,94.75,1691.9,Electronic check,No,Yes,No
2371-JQHZZ,Month-to-month,24,93.0,2248.05,Electronic check,No,Yes,No
0674-GCDXG,Two year,63,71.9,4479.2,Bank transfer (automatic),Yes,Yes,No
1121-QSIVB,One year,44,77.55,3471.1,Mailed check,No,Yes,No
4396-KLSEH,Month-to-month,4,19.85,63.0,Electronic check,No internet service,Yes,No
3244-DCJWY,Month-to-month,1,70.25,70.25,Electronic check,No,Yes,Yes
2824-MYYBN,Month-to-month,37,95.25,3314.15,Electronic check,No,Yes,No
0875-CABNR,Month-to-month,10,84.6,865.55,Credit card (automatic),No,Yes,Yes
6345-HOVES,Month-to-month,34,25.05,852.7,Bank transfer (automatic),No,Yes,No
8318-LCNBW,One year,35,53.15,1930.9,Credit card (automatic),No,No,No
6469-QJKZW,Month-to-month,4,20.15,91.4,Electronic check,No internet service,No,No
0147-ESWWR,Month-to-month,39,101.25,3949.15,Electronic check,Yes,Yes,No
1217-VASWC,One year,43,100.55,4304.0,Bank transfer (automatic),No,Yes,No
7812-FZHPE,Month-to-month,17,24.1,409.9,Mailed check,No internet service,No,Yes
6370-ZVHDV,Two year,61,25.3,1554.9,Bank transfer (automatic),No internet service,No,No
5915-DGNVC,One year,49,71.8,3472.05,Electronic check,No,No,No
6260-XLACS,One year,4,19.7,117.8,Mailed check,No internet service,No,No
3566-CAAYU,Two year,64,49.85,3210.35,Electronic check,Yes,No,No
4983-CCWMC,Month-to-month,3,69.6,207.4,Mailed check,No,Yes,No
9103-CXVOK,Month-to-month,1,19.75,19.75,Electronic check,No internet service,No,No
2896-TBNBE,One year,40,80.8,3132.75,Electronic check,No,No,No
4797-AXPXK,Month-to-month,1,60.0,60.0,Electronic check,Yes,Yes,Yes
5229-PRWKT,Month-to-month,8,86.55,649.65,Electronic check,No,Yes,Yes
6982-UQZLY,Month-to-month,1,20.85,20.85,Mailed check,No internet service,Yes,Yes
2522-WLNSF,One year,34,64.2,2106.3,Bank transfer (automatic),Yes,No,No
3841-CONLJ,Month-to-month,1,35.0,35.0,Electronic check,No,No,No
5057-LCOUI,Month-to-month,39,50.75,2011.4,Electronic check,No,Yes,Yes
0193-ESZXP,One year,58,105.5,6205.5,Credit card (automatic),Yes,Yes,Yes
4475-NVTLU,Two year,45,19.2,903.7,Electronic check,No internet service,No,No
4369-HTUIF,Month-to-month,6,85.15,503.6,Bank transfer (automatic),No,Yes,Yes
9386-LDCZR,One year,43,90.65,3882.3,Credit card (automatic),Yes,Yes,No
9585-KKMFD,Two year,41,20.0,879.8,Mailed check,No internet service,Yes,No
5399-ZIMKF,Month-to-month,5,74.65,383.65,Electronic check,No,Yes,No
0336-KXKFK,Two year,72,61.2,4390.25,Credit card (automatic),Yes,Yes,No
5619-XZZKR,One year,4,19.95,68.2,Mailed check,No internet service,No,No
3948-FVVRP,Month-to-month,9,54.8,452.8,Mailed check,Yes,No,No
5327-XOKKY,Two year,72,73.45,5329.0,Credit card (automatic),No,Yes,No
0983-TATYJ,One year,33,51.45,1758.9,Mailed check,Yes,Yes,No
1813-JYWTO,Two year,72,80.45,5737.6,Bank transfer (automatic),No,No,No
0156-FVPTA,Month-to-month,22,54.2,1152.7,Electronic check,Yes,Yes,Yes
1984-FCOWB,One year,70,109.5,7674.55,Electronic check,Yes,Yes,Yes
0654-HMSHN,Month-to-month,21,104.4,2157.95,Electronic check,No,No,Yes
6719-OXYBR,Month-to-month,15,85.3,1219.85,Electronic check,No,No,No
3312-ZWLGF,Month-to-month,29,79.3,2414.55,Electronic check,Yes,Yes,No
6476-YHMGA,Month-to-month,15,76.5,1155.6,Bank transfer (automatic),Yes,No,No
5287-QWLKY,Month-to-month,71,105.1,7548.1,Credit card (automatic),No,Yes,Yes
0795-XCCTE,Two year,72,25.4,1809.35,Bank transfer (automatic),No internet service,No,No
0168-XZKBB,Month-to-month,19,86.85,1564.4,Electronic check,No,Yes,No
3785-NRHYR,Month-to-month,1,19.65,19.65,Mailed check,No internet service,No,No
5196-SGOAK,Month-to-month,1,75.7,75.7,Electronic check,No,Yes,Yes
4537-DKTAL,Month-to-month,2,45.55,84.4,Electronic check,No,No,No
7072-MBHEV,Month-to-month,11,78.1,864.85,Credit card (automatic),No,Yes,No
5602-BVFMK,One year,12,19.3,228.75,Mailed check,No internet service,No,No
6297-NOOPG,Two year,70,110.5,7752.05,Electronic check,Yes,Yes,No
1891-UAWWU,Month-to-month,20,90.8,1951.0,Electronic check,No,No,Yes
8204-TIFGJ,Month-to-month,23,20.3,470.6,Bank transfer (automatic),No internet service,Yes,No
8050-DVOJX,Two year,49,81.35,4060.9,Credit card (automatic),Yes,No,No
6108-OQZDQ,Month-to-month,4,97.95,384.5,Electronic check,No,Yes,Yes
0363-QJVFX,Month-to-month,32,108.15,3432.9,Credit card (automatic),Yes,Yes,Yes
8903-XEBGX,Month-to-month,2,55.3,108.65,Electronic check,No,Yes,No
8169-SAEJD,Two year,69,56.55,3952.65,Credit card (automatic),No,No,No
9840-DVNDC,Month-to-month,6,80.5,463.05,Credit card (automatic),No,Yes,Yes
1089-XZWHH,Two year,24,19.7,494.05,Mailed check,No internet service,Yes,No
2325-WINES,One year,32,104.05,3416.85,Credit card (automatic),No,Yes,No
6064-ZATLR,Two year,27,52.85,1498.65,Bank transfer (automatic),No,No,No
3096-JRDSO,Month-to-month,27,104.3,2867.75,Bank transfer (automatic),Yes,Yes,Yes
7824-PANSQ,Month-to-month,58,80.65,4807.35,Bank transfer (automatic),Yes,No,No
8042-JVNFH,Month-to-month,1,71.35,71.35,Mailed check,No,Yes,Yes
9648-BCHKM,Two year,18,24.65,471.35,Credit card (automatic),No internet service,Yes,No
2888-ADFAO,Two year,47,21.3,1041.8,Bank transfer (automatic),No internet service,Yes,No
8707-HOEDG,Two year,70,110.2,7689.8,Electronic check,Yes,Yes,No
3374-LXDEV,Month-to-month,13,89.4,1132.35,Electronic check,Yes,No,Yes
4072-IPYLT,Month-to-month,36,51.05,1815.0,Credit card (automatic),No,No,No
7167-PCEYD,Two year,67,19.8,1311.3,Mailed check,No internet service,Yes,No
4936-YPJNK,Month-to-month,10,19.9,199.45,Mailed check,No internet service,Yes,No
1580-BMCMR,Month-to-month,19,87.3,1637.3,Electronic check,No,Yes,No
4817-KEQSP,Two year,71,19.85,1326.35,Bank transfer (automatic),No internet service,No,No
6408-WHTEF,Two year,72,89.4,6376.55,Mailed check,Yes,Yes,No
9251-AWQGT,Two year,48,20.0,935.9,Mailed check,No internet service,No,No
8749-CLJXC,Month-to-month,1,20.05,20.05,Mailed check,No internet service,No,No
7989-VCQOH,Month-to-month,18,83.25,1611.15,Electronic check,Yes,No,No
5049-GLYVG,Month-to-month,1,20.6,20.6,Mailed check,No internet service,No,Yes
4199-QHJNM,Two year,67,102.9,6989.7,Bank transfer (automatic),Yes,No,No
8882-TLVRW,Two year,69,39.1,2779.5,Mailed check,Yes,No,No
5883-GTGVD,Month-to-month,19,99.95,1931.75,Electronic check,No,Yes,Yes
5135-GRQJV,Two year,72,114.5,8331.95,Mailed check,Yes,Yes,No
2384-OVPSA,Two year,38,20.2,735.9,Mailed check,No internet service,No,No
1371-WEPDS,One year,40,55.8,2283.3,Electronic check,No,No,No
3580-GICBM,Two year,61,24.2,1445.2,Mailed check,No internet service,Yes,No
4817-QRJSX,Month-to-month,10,81.0,818.05,Credit card (automatic),No,Yes,Yes
9730-DRTMJ,One year,32,72.8,2333.05,Credit card (automatic),Yes,Yes,No
4686-UXDML,Month-to-month,21,99.85,1992.55,Credit card (automatic),No,Yes,No
3349-ANQNH,One year,59,99.5,5890.0,Electronic check,No,Yes,No
2398-YPMUR,Month-to-month,13,70.15,916.75,Electronic check,No,Yes,Yes
0932-YIXYU,Two year,47,20.25,1029.8,Credit card (automatic),No internet service,No,No
7480-SPLEF,Two year,69,26.0,1796.55,Bank transfer (automatic),No internet service,Yes,No
7636-XUHWW,Month-to-month,2,19.9,33.7,Credit card (automatic),No internet service,Yes,No
1431-CYWMH,Month-to-month,22,19.05,454.05,Bank transfer (automatic),No internet service,No,No
5937-EORGB,Month-to-month,15,96.5,1392.25,Electronic check,No,Yes,No
6349-JDHQP,Two year,53,19.85,1049.6,Credit card (automatic),No internet service,No,No
5539-HIVAK,Month-to-month,28,25.7,734.6,Mailed check,No internet service,No,No
5847-MXBEO,One year,22,20.3,475.1,Mailed check,No internet service,No,No
9985-MWVIX,Month-to-month,1,70.15,70.15,Mailed check,No,Yes,Yes
4583-PARNH,Month-to-month,16,91.55,1540.05,Electronic check,Yes,Yes,No
1116-FRYVH,Two year,48,39.4,1978.65,Mailed check,Yes,No,No
1421-HCERK,Month-to-month,30,105.7,3181.8,Bank transfer (automatic),Yes,Yes,No
9633-XQABV,Month-to-month,3,70.25,229.7,Electronic check,No,Yes,No
0716-BQNDX,Two year,57,93.75,5625.55,Electronic check,Yes,No,No
1265-XTECC,One year,68,96.55,6581.9,Credit card (automatic),No,Yes,Yes
1183-CANVH,One year,23,60.0,1347.15,Bank transfer (automatic),Yes,No,No
1972-XMUWV,Two year,65,59.8,3808.2,Credit card (automatic),Yes,Yes,No
8679-LZBMD,One year,44,90.65,3974.15,Bank transfer (automatic),No,Yes,No
3407-JMJQQ,Two year,71,109.0,7661.8,Bank transfer (automatic),No,Yes,No
6252-DFGTK,One year,37,68.1,2479.25,Credit card (automatic),Yes,No,No
1539-LNKHM,Month-to-month,12,20.4,266.6,Mailed check,No internet service,No,No
8645-KOMJQ,Two year,69,81.95,5601.4,Bank transfer (automatic),Yes,Yes,No
0289-IVARM,Month-to-month,35,60.55,1982.6,Electronic check,No,No,No
9761-XUJWD,Month-to-month,5,65.6,339.9,Bank transfer (automatic),Yes,Yes,No
4057-FKCZK,Two year,58,82.5,4828.05,Bank transfer (automatic),No,No,No
4291-TPNFG,Two year,72,82.3,5980.55,Bank transfer (automatic),Yes,Yes,No
6087-YPWHO,Two year,72,68.15,4808.7,Mailed check,Yes,No,No
3090-QFUVD,Month-to-month,1,20.3,20.3,Credit card (automatic),No internet service,No,No
2237-ZFSMY,One year,39,95.55,3692.85,Electronic check,Yes,Yes,Yes
1722-LDZJS,One year,53,20.2,1068.15,Credit card (automatic),No internet service,No,No
1818-ESQMW,Month-to-month,27,89.2,2383.6,Electronic check,Yes,Yes,No
4871-JTKJF,Month-to-month,1,69.65,69.65,Electronic check,No,Yes,Yes
1415-YFWLT,Month-to-month,1,89.3,89.3,Electronic check,No,Yes,Yes
7401-RUBNK,Month-to-month,18,74.8,1438.05,Electronic check,No,No,No
0506-YLVKJ,Two year,46,20.2,917.45,Mailed check,No internet service,Yes,No
8661-BOYNW,Two year,72,84.4,6096.45,Credit card (automatic),Yes,Yes,No
6711-VTNRE,Month-to-month,36,87.55,3078.1,Electronic check,Yes,Yes,Yes
4815-GBTCD,Month-to-month,4,25.15,99.95,Electronic check,No,Yes,No
2805-AUFQN,Two year,25,19.8,475.2,Credit card (automatic),No internet service,No,No
0980-PVMRC,Month-to-month,40,50.85,2036.55,Electronic check,No,Yes,No
7233-DRTRF,Month-to-month,63,102.4,6444.05,Electronic check,No,Yes,No
3500-RMZLT,Month-to-month,15,96.3,1426.75,Mailed check,Yes,Yes,Yes
3873-NFTGI,Month-to-month,14,55.5,767.55,Credit card (automatic),No,Yes,No
1162-ECVII,Two year,72,109.75,7932.5,Bank transfer (automatic),Yes,Yes,No
7048-GXDAY,Month-to-month,39,106.4,4040.65,Electronic check,No,Yes,No
8571-ZCMCX,Two year,47,60.0,2768.65,Credit card (automatic),No,Yes,No
1169-WCVAK,Month-to-month,19,88.8,1672.35,Credit card (automatic),Yes,Yes,No
4548-SDBKE,Month-to-month,5,85.2,474.8,Electronic check,No,Yes,Yes
8066-POXGX,Month-to-month,13,35.1,446.1,Electronic check,No,Yes,Yes
7129-CAKJW,Month-to-month,17,80.05,1345.65,Bank transfer (automatic),No,No,No
8695-ARGXZ,Month-to-month,34,75.55,2425.4,Electronic check,No,Yes,No
3570-YUEKJ,Month-to-month,42,49.55,2077.95,Electronic check,No,Yes,No
4143-OOBWZ,Month-to-month,5,81.3,416.3,Electronic check,No,Yes,Yes
1555-HAPSU,Two year,71,23.9,1663.5,Credit card (automatic),No internet service,No,No
1697-NVVGY,Month-to-month,19,66.4,1286.05,Bank transfer (automatic),No,No,No
7854-EKTJL,Month-to-month,2,19.6,35.85,Electronic check,No internet service,Yes,Yes
8464-EETCQ,Two year,57,18.8,1094.35,Credit card (automatic),No internet service,No,No
2419-FSORS,Two year,72,108.4,7719.5,Electronic check,Yes,Yes,No
8132-YPVBX,Month-to-month,6,85.95,514.6,Mailed check,No,Yes,No
9102-IAYHT,Month-to-month,17,85.45,1451.6,Electronic check,No,Yes,Yes
6754-LZUKA,Two year,61,80.9,4932.5,Bank transfer (automatic),No,No,No
3422-LYEPQ,Month-to-month,1,71.0,71.0,Electronic check,No,Yes,Yes
8099-MZPUJ,Two year,48,111.8,5443.65,Credit card (automatic),Yes,No,No
0787-LHDYT,Month-to-month,16,20.6,330.25,Credit card (automatic),No internet service,Yes,No
2642-DTVCO,Month-to-month,9,85.05,746.5,Electronic check,No,Yes,Yes
0374-IOEGQ,Month-to-month,3,44.6,122.7,Electronic check,No,No,No
4361-JEIVL,Month-to-month,1,44.4,44.4,Electronic check,No,Yes,Yes
3197-NNYNB,Two year,65,105.1,6631.85,Credit card (automatic),No,No,No
3396-DKDEL,Two year,70,115.15,8250.0,Credit card (automatic),Yes,Yes,No
1752-OZXFY,One year,60,59.8,3561.15,Mailed check,No,Yes,No
9066-QRSDU,One year,69,26.3,1763.55,Electronic check,No internet service,Yes,No
9112-WSNPU,Month-to-month,35,70.55,2419.0,Electronic check,No,No,No
9867-NNXLC,Month-to-month,22,20.05,470.2,Mailed check,No internet service,Yes,No
5321-NTRKC,Two year,66,79.85,5234.95,Bank transfer (automatic),No,No,No
1363-TXLSL,Month-to-month,1,70.3,70.3,Electronic check,No,Yes,Yes
9507-EXLTT,Month-to-month,1,79.35,79.35,Bank transfer (automatic),No,Yes,Yes
3161-GETRM,Month-to-month,34,90.05,3097.0,Credit card (automatic),No,Yes,No
0402-OAMEN,Two year,72,24.45,1709.1,Bank transfer (automatic),No internet service,No,No
6933-VLYFX,One year,31,59.95,1848.8,Electronic check,Yes,No,No
6754-WKSHP,One year,30,25.35,723.3,Bank transfer (automatic),No internet service,No,No
9846-GKXAS,Month-to-month,9,90.8,809.75,Bank transfer (automatic),No,Yes,Yes
6017-PPLPX,Month-to-month,20,70.45,1470.95,Electronic check,No,Yes,Yes
4976-LNFVV,Month-to-month,19,34.3,577.15,Credit card (automatic),No,Yes,No
5055-MGMGF,Month-to-month,65,105.05,6914.95,Electronic check,No,Yes,No
4641-FROLU,Two year,30,19.3,602.9,Mailed check,No internet service,No,No
2862-JVEOY,One year,6,19.15,124.4,Mailed check,No internet service,No,No
2969-QWUBZ,Month-to-month,2,51.4,96.8,Electronic check,No,No,No
9822-BIIGN,Month-to-month,53,71.85,3827.9,Electronic check,Yes,No,No
2077-MPJQO,Month-to-month,7,75.4,533.05,Electronic check,No,Yes,No
1534-OULXE,One year,61,49.7,2961.4,Bank transfer (automatic),No,Yes,No
7136-RVDTZ,One year,70,45.25,3264.45,Electronic check,No,Yes,Yes
2971-SGAFL,Month-to-month,13,78.75,995.35,Electronic check,No,Yes,No
1480-IVEVR,One year,35,81.6,2815.25,Bank transfer (automatic),No,Yes,No
2905-KFQUV,Month-to-month,2,70.4,154.8,Credit card (automatic),No,Yes,No
4581-SSPWD,Month-to-month,3,75.8,246.3,Electronic check,No,Yes,Yes
3370-HXOPH,Month-to-month,3,76.1,257.6,Electronic check,No,No,No
9391-YZEJW,One year,62,94.0,5757.2,Bank transfer (automatic),No,Yes,No
9958-MEKUC,Two year,72,103.95,7517.7,Credit card (automatic),Yes,No,No
0281-CNTZX,Two year,63,19.95,1234.8,Bank transfer (automatic),No internet service,Yes,No
6927-WTFIV,Month-to-month,20,71.3,1389.2,Credit card (automatic),No,No,Yes
4118-CEVPF,One year,35,110.8,3836.3,Bank transfer (automatic),Yes,Yes,No
3398-ZOUAA,Month-to-month,21,69.1,1474.75,Electronic check,No,Yes,Yes
9114-VEPUF,One year,62,96.1,6001.45,Electronic check,No,No,No
7876-BEUTG,Month-to-month,15,48.8,720.1,Mailed check,No,Yes,No
2338-BQEZT,Month-to-month,55,50.55,2832.75,Credit card (automatic),No,Yes,No
9873-MNDKV,Month-to-month,11,44.65,472.25,Mailed check,No,Yes,No
0378-NHQXU,Month-to-month,17,88.25,1460.65,Electronic check,No,No,Yes
8241-JUIQO,One year,61,19.45,1336.35,Bank transfer (automatic),No internet service,No,No
2194-IIQOF,Two year,71,89.3,6388.65,Credit card (automatic),Yes,No,No
4512-ZUIYL,Month-to-month,2,70.0,153.05,Bank transfer (automatic),No,No,Yes
9631-RXVJM,Two year,35,19.25,677.9,Mailed check,No internet service,No,No
9584-EXCDZ,Month-to-month,17,70.5,1165.6,Bank transfer (automatic),No,No,No
7969-AULMZ,Month-to-month,21,97.35,2119.5,Electronic check,No,Yes,Yes
5093-FEGLU,Two year,47,19.65,921.55,Bank transfer (automatic),No internet service,No,No
2621-UDNLU,Month-to-month,3,20.85,72.0,Mailed check,No internet service,No,No
7526-IVLYU,Month-to-month,3,19.65,68.35,Mailed check,No internet service,Yes,No
2428-HYUNX,Two year,44,19.35,847.25,Credit card (automatic),No internet service,Yes,No
9214-EKVXR,Month-to-month,1,44.0,44.0,Mailed check,No,Yes,No
3410-MHHUM,One year,44,94.4,4295.35,Electronic check,No,No,No
0568-ONFPC,Month-to-month,5,25.9,135.0,Bank transfer (automatic),No internet service,Yes,Yes
0733-VUNUW,Month-to-month,24,55.65,1400.55,Bank transfer (automatic),No,Yes,Yes
4550-EVXNY,Month-to-month,1,69.65,69.65,Electronic check,No,Yes,Yes
2122-YWVYA,Month-to-month,18,75.4,1380.4,Electronic check,No,Yes,No
2968-SSGAA,Month-to-month,10,100.6,1060.2,Electronic check,No,Yes,Yes
2296-DKZFP,Two year,65,71.0,4386.2,Bank transfer (automatic),No,No,No
4844-JJWUY,Month-to-month,1,86.0,86.0,Electronic check,No,Yes,Yes
6777-TGHTM,One year,53,106.95,5785.5,Credit card (automatic),No,Yes,Yes
8909-BOLNL,One year,3,21.2,52.05,Mailed check,No internet service,No,No
6603-YRDCJ,Two year,33,61.05,2018.4,Mailed check,Yes,Yes,No
3538-WZPHD,Month-to-month,3,29.6,79.45,Electronic check,No,Yes,Yes
3229-USWAR,One year,34,79.95,2727.3,Bank transfer (automatic),Yes,Yes,No
2138-VFAPZ,Two year,14,19.7,263.65,Mailed check,No internet service,Yes,No
6131-JLWZM,Month-to-month,13,20.3,275.4,Mailed check,No internet service,Yes,No
4785-QRJHC,One year,46,59.9,2816.65,Bank transfer (automatic),Yes,Yes,Yes
0269-XFESX,One year,23,24.35,538.5,Mailed check,No internet service,No,No
1709-EJDOX,Two year,47,19.75,948.9,Mailed check,No internet service,No,No
4316-XCSLJ,Month-to-month,17,50.3,846.8,Mailed check,No,Yes,No
8610-WFCJF,Month-to-month,49,95.6,4783.5,Electronic check,No,Yes,Yes
9693-XMUOB,Month-to-month,59,50.25,2997.45,Electronic check,No,Yes,No
0383-CLDDA,Two year,69,85.35,5897.4,Credit card (automatic),Yes,Yes,No
4905-JEFDW,One year,11,41.6,470.6,Electronic check,No,Yes,Yes
2709-UQGNP,Month-to-month,10,51.65,524.5,Mailed check,No,Yes,No
3549-ZTMNH,Two year,12,24.0,269.65,Bank transfer (automatic),No internet service,Yes,No
7881-INRLC,Month-to-month,45,100.85,4740.0,Credit card (automatic),No,Yes,Yes
8033-ATFAS,Month-to-month,39,59.85,2341.5,Mailed check,No,Yes,No
1635-NZATJ,Two year,71,25.45,1789.65,Credit card (automatic),No internet service,No,No
0562-HKHML,Two year,71,23.9,1626.4,Credit card (automatic),No internet service,No,No
8277-RVRSV,One year,33,24.15,800.3,Credit card (automatic),No internet service,No,No
9943-VSZUV,Month-to-month,67,75.7,5060.85,Mailed check,No,Yes,No
0117-LFRMW,Month-to-month,37,40.2,1448.8,Bank transfer (automatic),No,No,Yes
6172-FECYY,Month-to-month,49,84.5,4254.85,Electronic check,No,No,Yes
7054-ENNGU,Month-to-month,9,50.85,466.6,Mailed check,No,No,No
1455-HFBXA,Two year,52,91.6,4627.8,Credit card (automatic),Yes,Yes,No
9402-CXWPL,One year,70,98.9,6838.6,Electronic check,No,No,No
1628-BIZYP,Month-to-month,1,85.0,85.0,Electronic check,No,Yes,No
1965-AKTSX,Month-to-month,14,78.95,1101.85,Electronic check,No,Yes,Yes
0082-LDZUE,Month-to-month,1,44.3,44.3,Mailed check,No,Yes,No
4786-UKSNZ,Month-to-month,1,20.2,20.2,Mailed check,No internet service,No,Yes
5343-SGUBI,One year,52,80.2,4297.6,Mailed check,No,Yes,No
0856-NAOES,Month-to-month,6,60.9,414.1,Mailed check,No,No,No
1976-AZZPJ,Month-to-month,7,34.2,256.6,Mailed check,No,No,No
7248-VZQLC,Month-to-month,47,85.2,3969.35,Bank transfer (automatic),No,Yes,Yes
6156-UZDLF,One year,26,87.15,2274.1,Credit card (automatic),Yes,Yes,No
3099-OONVS,Month-to-month,25,54.3,1296.8,Electronic check,Yes,No,No
9500-WBGRP,Two year,69,19.1,1268.85,Mailed check,No internet service,Yes,No
5183-KLYEM,Two year,72,112.75,8192.6,Credit card (automatic),Yes,Yes,No
5144-PQCDZ,Month-to-month,4,19.95,59.25,Mailed check,No internet service,Yes,No
8514-VZHEB,Two year,59,19.5,1147.85,Mailed check,No internet service,No,No
6625-IUTTT,Two year,67,65.55,4361.55,Bank transfer (automatic),No,No,No
9355-NPPFS,Month-to-month,26,78.8,2006.1,Electronic check,No,Yes,No
0068-FIGTF,One year,27,78.2,2078.95,Mailed check,Yes,No,No
5965-GGPRW,Two year,72,105.25,7609.75,Bank transfer (automatic),No,No,No
8035-PWSEV,Month-to-month,6,89.25,487.05,Electronic check,Yes,Yes,No
2236-HILPA,Two year,62,20.65,1218.45,Credit card (automatic),No internet service,No,No
1840-BIUOG,One year,20,68.7,1416.2,Electronic check,Yes,Yes,No
1356-MKYSK,Month-to-month,6,78.65,483.3,Credit card (automatic),Yes,No,No
6080-LNESI,Two year,51,24.75,1234.6,Mailed check,No internet service,No,No
1830-IPXVJ,Two year,61,19.75,1311.6,Credit card (automatic),No internet service,No,No
5828-DWPIL,Month-to-month,62,89.1,5618.3,Electronic check,No,Yes,No
8398-TBIYD,Two year,72,84.7,6185.15,Bank transfer (automatic),Yes,Yes,No
0011-IGKFF,Month-to-month,13,98.0,1237.85,Electronic check,No,Yes,Yes
4192-GORJT,Month-to-month,5,94.45,498.1,Electronic check,No,Yes,Yes
6496-SLWHQ,Month-to-month,3,105.0,294.45,Electronic check,No,Yes,Yes
9912-GVSEQ,Month-to-month,26,93.85,2381.55,Electronic check,No,Yes,Yes
2931-FSOHN,Month-to-month,13,59.9,788.35,Electronic check,No,Yes,No
9418-RUKPH,Two year,38,19.95,756.4,Mailed check,No internet service,Yes,No
5383-MMTWC,Month-to-month,8,84.0,613.4,Electronic check,No,Yes,Yes
9971-ZWPBF,Month-to-month,34,108.9,3625.2,Electronic check,Yes,Yes,No
4712-AUQZO,Month-to-month,18,33.6,550.35,Mailed check,No,No,No
9711-FJTBX,One year,56,85.85,4793.8,Mailed check,Yes,Yes,No
2908-ZTPNF,Month-to-month,36,34.85,1267.2,Bank transfer (automatic),Yes,Yes,No
7240-ETPTR,Month-to-month,9,48.75,442.2,Electronic check,No,Yes,Yes
2202-CUYXZ,Month-to-month,1,84.85,84.85,Electronic check,No,Yes,Yes
5995-OIGLP,Month-to-month,12,56.65,654.85,Mailed check,Yes,No,Yes
8421-WZOOW,Month-to-month,57,95.3,5567.45,Credit card (automatic),Yes,Yes,No
6261-RCVNS,One year,42,73.9,3160.55,Credit card (automatic),Yes,No,Yes
7951-QKZPL,Two year,33,24.5,740.3,Mailed check,No internet service,Yes,Yes
1414-YADCW,Two year,70,84.6,5706.2,Bank transfer (automatic),Yes,No,No
8756-RDDLT,Month-to-month,68,44.95,3085.35,Electronic check,Yes,No,No
2862-PFNIK,Month-to-month,1,24.7,24.7,Electronic check,No,Yes,No
5816-QVHRX,Month-to-month,37,100.3,3541.4,Credit card (automatic),Yes,No,No
4430-YHXGG,Month-to-month,4,25.45,84.2,Mailed check,No internet service,Yes,No
6888-SBYAI,Month-to-month,1,50.7,50.7,Mailed check,No,Yes,No
7395-XWZOY,Month-to-month,20,55.0,1165.55,Credit card (automatic),Yes,Yes,No
7169-YWAMK,Two year,72,68.4,4855.35,Bank transfer (automatic),Yes,No,No
3640-PHQXK,Month-to-month,31,89.9,2806.9,Electronic check,No,Yes,Yes
6877-LGWXO,Month-to-month,18,78.55,1422.65,Electronic check,No,No,Yes
6859-RKMZJ,Month-to-month,11,55.05,608.15,Bank transfer (automatic),No,Yes,No
2729-VNVAP,Two year,33,19.8,641.35,Credit card (automatic),No internet service,No,No
2957-JIRMN,One year,62,84.45,4959.15,Electronic check,No,No,No
2049-BAFNW,Month-to-month,1,35.9,35.9,Mailed check,Yes,No,No
3842-QTGDL,Month-to-month,16,80.75,1321.3,Bank transfer (automatic),No,No,No
7163-OCEQI,One year,22,78.65,1663.75,Mailed check,Yes,Yes,No
9782-LGXMC,Month-to-month,49,61.75,3024.15,Bank transfer (automatic),Yes,No,No
5975-BAICR,One year,36,63.7,2188.5,Credit card (automatic),No,Yes,No
8019-ENHXU,Month-to-month,42,99.45,4138.05,Electronic check,Yes,Yes,Yes
5167-GBFRE,Month-to-month,4,25.2,102.5,Bank transfer (automatic),No,Yes,Yes
9033-EOXWV,One year,12,74.05,872.65,Mailed check,Yes,No,Yes
4673-KKSLS,Month-to-month,31,87.6,2724.25,Electronic check,Yes,No,No
4853-OITSN,Month-to-month,5,89.15,413.25,Electronic check,No,Yes,No
9800-OUIGR,Two year,66,20.0,1374.2,Credit card (automatic),No internet service,No,No
1324-NLTJE,Month-to-month,15,55.0,757.1,Credit card (automatic),Yes,No,Yes
2324-EFHVG,Two year,64,104.4,6692.65,Bank transfer (automatic),No,Yes,No
7094-MSZAO,Month-to-month,10,20.05,218.5,Credit card (automatic),No internet service,Yes,No
1522-VVDMG,Month-to-month,7,89.75,608.8,Electronic check,Yes,Yes,Yes
6907-CQGPN,Month-to-month,29,34.3,1004.75,Electronic check,Yes,No,No
0780-XNZFN,Two year,57,20.65,1125.6,Bank transfer (automatic),No internet service,No,No
0239-OXEXL,Month-to-month,46,84.25,3847.6,Mailed check,No,No,No
2675-IJRGJ,Two year,53,19.65,978.0,Bank transfer (automatic),No internet service,No,No
7049-GKVZY,One year,17,79.85,1387.35,Credit card (automatic),Yes,No,No
8577-QSOCG,Two year,38,20.2,746.05,Mailed check,No internet service,Yes,No
3721-CNZHX,One year,15,19.8,304.6,Mailed check,No internet service,No,No
0212-ISBBF,Month-to-month,22,50.35,1098.85,Electronic check,No,Yes,No
9185-TQCVP,Month-to-month,14,85.15,1139.2,Electronic check,No,Yes,Yes
3585-YNADK,One year,57,74.6,4368.95,Bank transfer (automatic),Yes,No,No
5271-DBYSJ,Month-to-month,11,79.15,827.7,Credit card (automatic),No,Yes,No
1099-GODLO,Two year,1,20.35,20.35,Mailed check,No internet service,No,No
6828-HMKWP,Two year,12,21.05,262.05,Bank transfer (automatic),No internet service,No,No
5567-WSELE,Month-to-month,3,94.6,279.55,Electronic check,No,Yes,Yes
1472-TNCWL,Month-to-month,36,94.7,3512.5,Electronic check,No,Yes,No
8063-RJYNF,Month-to-month,16,94.25,1483.25,Electronic check,No,Yes,Yes
0687-ZVTHB,One year,65,72.45,4653.85,Credit card (automatic),No,No,Yes
2080-GKCWQ,Month-to-month,2,74.95,151.75,Electronic check,No,No,No
9661-ACXBS,Month-to-month,42,105.2,4400.75,Electronic check,No,Yes,Yes
2193-SFWQW,Two year,72,111.95,8033.1,Bank transfer (automatic),Yes,No,No
5656-JAMLX,Two year,62,19.85,1253.65,Bank transfer (automatic),No internet service,No,No
3462-BJQQA,Month-to-month,6,89.75,552.65,Electronic check,No,Yes,No
0442-TDYUO,Two year,48,20.05,1036.0,Mailed check,No internet service,Yes,No
6733-LRIZX,Two year,35,108.95,4025.5,Electronic check,Yes,Yes,No
9503-XJUME,One year,52,19.65,928.4,Credit card (automatic),No internet service,No,No
4367-NHWMM,Month-to-month,1,24.9,24.9,Mailed check,No,Yes,No
3727-RJMEO,Month-to-month,6,82.85,460.25,Electronic check,No,Yes,Yes
3779-OSWCF,Two year,71,93.2,6506.15,Credit card (automatic),Yes,No,No
6736-DHUQI,One year,67,84.8,5598.3,Bank transfer (automatic),No,No,No
3915-ODIYG,One year,60,71.75,4374.55,Electronic check,No,Yes,No
1360-RCYRT,Month-to-month,23,30.35,678.75,Bank transfer (automatic),Yes,Yes,No
2724-FJDYW,One year,39,54.85,2191.7,Bank transfer (automatic),Yes,No,No
4451-RWASJ,One year,15,19.5,239.75,Mailed check,No internet service,Yes,No
6646-VRFOL,Month-to-month,53,103.85,5485.5,Electronic check,No,Yes,Yes
3460-TJBWI,Two year,24,24.2,609.05,Mailed check,No internet service,No,No
5917-HBSDW,Month-to-month,37,19.35,683.75,Electronic check,No internet service,No,No
5685-IIXLY,Month-to-month,5,83.6,404.2,Electronic check,No,Yes,Yes
5671-UUNXD,One year,50,100.65,5189.75,Electronic check,Yes,Yes,No
0956-ACVZC,One year,54,94.1,5060.9,Credit card (automatic),No,Yes,No
2325-NBPZG,Month-to-month,3,74.55,233.65,Electronic check,No,Yes,No
4250-ZBWLV,One year,68,108.45,7176.55,Electronic check,Yes,No,Yes
4482-FTFFX,Month-to-month,5,56.15,291.45,Electronic check,Yes,No,No
8859-DZTGQ,Two year,33,20.35,689.75,Mailed check,No internet service,No,No
0440-MOGPM,One year,41,80.55,3263.9,Electronic check,No,Yes,No
0020-JDNXP,One year,34,61.25,1993.2,Mailed check,Yes,No,No
3752-CQSJI,Month-to-month,13,20.45,254.5,Mailed check,No internet service,Yes,No
5025-GOOKI,Month-to-month,20,18.9,347.65,Credit card (automatic),No internet service,Yes,No
4698-KVLLG,Two year,51,19.6,967.9,Credit card (automatic),No internet service,No,No
5095-AESKG,Month-to-month,3,91.5,242.95,Credit card (automatic),No,Yes,Yes
2887-JPYLU,Month-to-month,41,45.2,1841.9,Bank transfer (automatic),No,No,No
4770-QAZXN,Month-to-month,13,19.45,232.1,Credit card (automatic),No internet service,No,No
4896-CPRPF,Two year,35,25.45,809.25,Bank transfer (automatic),No internet service,No,No
1871-MOWRM,Month-to-month,12,80.85,866.45,Bank transfer (automatic),Yes,No,Yes
9714-EDSUC,Month-to-month,4,94.9,360.55,Mailed check,Yes,Yes,No
2027-OAQQC,Month-to-month,43,49.05,2076.2,Bank transfer (automatic),No,Yes,Yes
0282-NVSJS,Month-to-month,12,29.3,355.9,Mailed check,Yes,Yes,No
9090-SGQXL,Month-to-month,68,105.3,7299.65,Electronic check,No,Yes,Yes
6595-YGXIT,Month-to-month,25,88.95,2291.2,Electronic check,No,Yes,Yes
7353-YOWFP,One year,7,20.25,129.15,Mailed check,No internet service,No,No
9835-ZIITK,One year,66,110.85,7491.75,Electronic check,Yes,Yes,Yes
8008-ESFLK,One year,53,110.5,5835.5,Electronic check,Yes,No,No
7537-CBQUZ,Month-to-month,63,109.4,7031.45,Bank transfer (automatic),No,Yes,No
1555-DJEQW,Two year,70,114.2,7723.9,Bank transfer (automatic),Yes,Yes,Yes
5649-TJHOV,Month-to-month,27,36.5,1032.0,Bank transfer (automatic),No,No,Yes
0519-XUZJU,Month-to-month,1,70.75,70.75,Mailed check,No,No,Yes
3363-EWLGO,Month-to-month,5,19.95,109.6,Mailed check,No internet service,No,No
4750-UKWJK,One year,37,19.6,727.8,Mailed check,No internet service,No,No
6338-AVWCY,Month-to-month,3,40.15,130.75,Mailed check,No,Yes,Yes
1689-YQBYY,Month-to-month,12,76.6,893.0,Electronic check,No,Yes,No
4487-ZYJZK,One year,38,19.6,763.1,Credit card (automatic),No internet service,No,No
2959-FENLU,Month-to-month,9,85.3,781.4,Credit card (automatic),No,Yes,No
0708-LGSMF,Month-to-month,13,65.85,902.25,Electronic check,No,Yes,No
9253-QXKBE,Month-to-month,29,94.45,2653.65,Electronic check,No,Yes,Yes
7634-HLQJR,Two year,47,20.05,1016.7,Credit card (automatic),No internet service,No,No
0487-RPVUM,Month-to-month,61,99.4,5943.65,Bank transfer (automatic),Yes,No,No
4079-ULGFR,Month-to-month,16,20.0,275.7,Mailed check,No internet service,No,No
2516-XSJKX,Two year,41,78.45,3126.45,Electronic check,Yes,No,No
0057-QBUQH,Two year,43,25.1,1070.15,Electronic check,No internet service,Yes,No
9445-SZLCH,Month-to-month,36,97.35,3457.9,Bank transfer (automatic),No,Yes,Yes
6599-SFQVE,Month-to-month,6,55.0,340.4,Electronic check,No,Yes,No
8331-ZXFOE,One year,58,71.1,4299.2,Credit card (automatic),Yes,Yes,No
4003-FUSHP,Month-to-month,19,61.55,1093.2,Credit card (automatic),Yes,Yes,No
0356-ERHVT,Month-to-month,11,45.9,521.9,Bank transfer (automatic),No,Yes,No
7325-ENZFI,One year,39,40.3,1630.4,Bank transfer (automatic),Yes,Yes,No
4884-ZTHVF,Month-to-month,8,87.1,713.6,Electronic check,No,Yes,No
3920-HIHMQ,Month-to-month,26,49.5,1265.65,Mailed check,No,Yes,No
3055-OYMSE,Month-to-month,53,73.8,4003.85,Credit card (automatic),No,Yes,No
0613-WUXUM,Two year,70,19.2,1401.4,Mailed check,No internet service,Yes,No
7568-PODML,Month-to-month,1,45.3,45.3,Mailed check,No,Yes,Yes
4458-KVRBJ,Two year,59,25.0,1510.5,Mailed check,No internet service,No,No
5349-IECLD,Month-to-month,2,94.95,178.1,Electronic check,No,No,Yes
1397-XKKWR,One year,7,35.3,264.8,Mailed check,No,No,No
3945-GFWQL,Month-to-month,12,44.55,480.6,Electronic check,No,Yes,Yes
8097-OMULG,One year,59,76.75,4541.9,Credit card (automatic),Yes,No,No
6013-BHCAW,Two year,61,81.0,4976.15,Bank transfer (automatic),Yes,Yes,No
0401-WDBXM,Two year,72,105.55,7542.25,Bank transfer (automatic),No,Yes,No
3387-PLKUI,Month-to-month,13,18.8,251.25,Mailed check,No internet service,No,No
6096-EGVTU,One year,64,24.9,1595.5,Mailed check,No internet service,No,No
3797-VTIDR,Month-to-month,1,23.45,23.45,Electronic check,No,Yes,Yes
5081-NWSUP,One year,10,64.9,685.55,Mailed check,Yes,No,No
2580-ATZSQ,One year,65,61.35,3874.1,Bank transfer (automatic),No,No,No
8085-MSNLK,Two year,62,113.95,6891.4,Mailed check,Yes,No,No
9691-HKOVS,One year,55,90.15,4916.95,Electronic check,Yes,Yes,No
9881-VCZEP,Month-to-month,25,54.1,1373.0,Electronic check,No,No,No
9526-BIHHD,Month-to-month,1,29.7,29.7,Mailed check,No,No,Yes
8757-TFHHJ,Month-to-month,1,49.8,49.8,Credit card (automatic),No,Yes,No
4523-WXCEF,Month-to-month,59,101.1,6039.9,Electronic check,No,No,Yes
1468-DEFNC,Two year,64,24.4,1548.65,Bank transfer (automatic),No internet service,Yes,No
5119-KEPFY,Month-to-month,36,95.0,3440.25,Bank transfer (automatic),No,Yes,No
8364-TRMMK,Month-to-month,3,50.65,151.3,Mailed check,No,Yes,Yes
0916-KNFAJ,Two year,61,69.9,4226.7,Mailed check,No,Yes,No
8319-QBEHW,One year,26,39.95,1023.75,Bank transfer (automatic),No,Yes,No
3063-QFSZL,Month-to-month,1,55.4,55.4,Electronic check,No,Yes,Yes
8775-LHDJH,Month-to-month,1,90.6,90.6,Electronic check,No,Yes,Yes
9625-QNLUX,Two year,68,103.25,7074.4,Credit card (automatic),No,Yes,No
3097-NQYSN,Month-to-month,2,86.85,156.35,Mailed check,No,Yes,Yes
4024-CSNBY,Two year,72,94.25,6849.75,Bank transfer (automatic),Yes,Yes,No
7110-BDTWG,Two year,71,47.05,3263.6,Electronic check,Yes,Yes,No
7493-GVFIO,Two year,57,20.55,1252.85,Credit card (automatic),No internet service,No,No
0690-SRQID,Month-to-month,4,19.65,67.55,Mailed check,No internet service,Yes,No
9605-WGJVW,Month-to-month,1,70.2,70.2,Electronic check,No,Yes,No
9114-DPSIA,Two year,72,81.0,5750.0,Credit card (automatic),Yes,No,No
4700-UBQMV,One year,21,75.9,1549.75,Bank transfer (automatic),No,Yes,No
7711-GQBZC,Two year,71,24.7,1810.55,Bank transfer (automatic),No internet service,No,No
3565-UNOCC,Month-to-month,29,99.05,2952.85,Bank transfer (automatic),No,Yes,Yes
4627-MIHJH,Two year,69,110.25,7467.55,Credit card (automatic),Yes,No,No
9795-NREXC,Two year,64,85.0,5484.4,Credit card (automatic),Yes,Yes,No
8573-CGOCC,Month-to-month,16,19.75,294.9,Credit card (automatic),No internet service,No,No
7356-AYNJP,One year,4,23.9,97.5,Electronic check,No internet service,No,No
9249-FXSCK,One year,52,111.25,5916.45,Credit card (automatic),Yes,Yes,Yes
5493-SDRDQ,Month-to-month,2,55.1,113.35,Mailed check,No,Yes,Yes
6286-SUUWT,Month-to-month,1,19.95,19.95,Mailed check,No internet service,No,No
4819-HJPIW,Month-to-month,18,25.15,476.8,Mailed check,No,No,No
8654-DHAOW,Month-to-month,2,54.15,101.65,Mailed check,No,No,No
5438-QMDDL,Month-to-month,19,59.8,1130.85,Mailed check,No,Yes,No
9812-GHVRI,Month-to-month,40,83.85,3532.25,Bank transfer (automatic),No,No,No
5553-AOINX,One year,66,104.9,6891.45,Electronic check,No,Yes,No
1228-ZLNBX,Month-to-month,21,75.3,1570.7,Mailed check,No,No,No
4226-KKDON,Month-to-month,8,66.65,520.95,Electronic check,Yes,Yes,No
3831-YCPUO,Two year,72,109.5,7854.9,Credit card (automatic),Yes,Yes,No
7445-WMRBW,One year,48,73.85,3581.4,Bank transfer (automatic),Yes,Yes,No
3308-DGHKL,Two year,69,19.3,1447.9,Bank transfer (automatic),No internet service,Yes,No
9924-JPRMC,Two year,72,118.2,8547.15,Electronic check,Yes,Yes,No
0080-EMYVY,One year,14,51.45,727.85,Credit card (automatic),No,No,No
6218-KNUBD,Month-to-month,6,59.45,357.6,Electronic check,No,No,No
7337-CINUD,Two year,8,19.5,159.35,Bank transfer (automatic),No internet service,No,No
7609-NRNCA,One year,17,19.55,280.85,Mailed check,No internet service,No,No
0623-EJQEG,One year,65,93.55,6069.25,Electronic check,Yes,No,No
7153-CHRBV,One year,57,59.3,3274.35,Mailed check,Yes,Yes,No
0871-URUWO,Month-to-month,13,102.25,1359.0,Credit card (automatic),No,Yes,Yes
9190-MFJLN,Month-to-month,19,95.9,1777.9,Credit card (automatic),No,Yes,Yes
6198-PNNSZ,One year,56,109.8,6109.65,Bank transfer (automatic),No,No,No
3317-VLGQT,Month-to-month,14,78.1,1122.4,Electronic check,No,Yes,No
4132-POCZS,Month-to-month,52,39.9,2020.9,Electronic check,No,Yes,No
5614-DNZCE,Two year,58,64.9,3795.45,Credit card (automatic),Yes,Yes,No
1095-JUDTC,Month-to-month,47,95.05,4504.55,Electronic check,Yes,Yes,Yes
3896-RCYYE,Month-to-month,67,53.4,3579.15,Credit card (automatic),Yes,Yes,No
9638-JIQYA,Month-to-month,2,24.9,49.7,Credit card (automatic),No,Yes,No
3258-SANFR,Month-to-month,6,44.7,276.5,Credit card (automatic),No,No,No
3726-TBHQT,Two year,71,114.0,8175.9,Bank transfer (automatic),Yes,Yes,No
3190-ITQXP,Two year,46,20.25,890.35,Bank transfer (automatic),No internet service,No,No
0870-VEMYL,Month-to-month,5,53.85,259.8,Credit card (automatic),Yes,No,Yes
4833-QTJNO,Month-to-month,67,83.85,5588.8,Bank transfer (automatic),No,No,No
3039-MJSLN,Month-to-month,3,20.2,50.6,Bank transfer (automatic),No internet service,No,No
0178-CIIKR,Month-to-month,3,19.95,58.0,Mailed check,No internet service,No,No
5385-SUIRI,Month-to-month,52,104.2,5568.35,Electronic check,No,Yes,Yes
3982-XWFZQ,Month-to-month,42,50.25,2203.65,Electronic check,No,Yes,Yes
5774-QPLTF,One year,50,20.35,938.95,Mailed check,No internet service,Yes,No
2322-VCZHZ,Month-to-month,23,90.0,2024.1,Electronic check,No,Yes,No
5010-IPEAQ,Two year,67,54.2,3623.95,Credit card (automatic),Yes,No,No
4009-ALQFH,Month-to-month,25,99.5,2369.05,Electronic check,No,Yes,Yes
6383-ZTSIW,One year,39,99.1,3877.95,Mailed check,No,No,No
8990-YOZLV,Two year,69,66.9,4577.9,Mailed check,Yes,Yes,No
3069-SSVSN,One year,1,25.85,25.85,Mailed check,No,No,No
5222-IMUKT,Month-to-month,32,91.05,2871.5,Electronic check,No,No,No
3627-FCRDW,Month-to-month,9,71.0,672.55,Electronic check,No,No,Yes
7562-GSUHK,Month-to-month,16,93.2,1573.7,Credit card (automatic),No,Yes,Yes
6685-XSHHU,Two year,60,20.95,1270.55,Bank transfer (automatic),No internet service,Yes,No
8901-UPRHR,Two year,72,109.2,7711.45,Bank transfer (automatic),Yes,Yes,No
4903-UYAVB,Month-to-month,5,19.35,126.05,Mailed check,No internet service,No,Yes
0118-JPNOY,Month-to-month,26,85.8,2193.65,Credit card (automatic),No,Yes,No
6776-TLWOI,Month-to-month,3,19.85,64.55,Mailed check,No internet service,No,Yes
3845-FXCYS,Month-to-month,2,19.65,31.2,Electronic check,No internet service,Yes,No
5857-XRECV,One year,2,20.5,38.25,Bank transfer (automatic),No internet service,No,No
0725-CXOTM,One year,36,89.65,3348.1,Credit card (automatic),Yes,Yes,No
4343-EJVQB,Month-to-month,7,74.35,533.6,Mailed check,No,No,No
9000-PLFUZ,Two year,60,49.45,2907.55,Credit card (automatic),No,Yes,No
3427-GGZZI,Month-to-month,19,89.1,1620.8,Electronic check,No,Yes,No
7779-ORAEL,Two year,45,75.15,3480.35,Credit card (automatic),Yes,No,No
0644-OQMDK,Month-to-month,4,70.65,293.85,Electronic check,No,Yes,No
4077-CROMM,Month-to-month,31,104.2,3243.45,Electronic check,Yes,Yes,Yes
3154-CFSZG,Month-to-month,47,90.05,4137.2,Electronic check,No,No,No
2868-MZAGQ,Month-to-month,1,79.25,79.25,Electronic check,No,Yes,Yes
4847-QNOKA,Month-to-month,1,44.9,44.9,Bank transfer (automatic),No,Yes,Yes
2220-IAHLS,Month-to-month,1,19.4,19.4,Credit card (automatic),No internet service,No,No
1658-XUHBX,Month-to-month,59,88.75,5348.65,Credit card (automatic),No,Yes,No
6379-RXJRQ,Month-to-month,10,70.1,659.65,Electronic check,No,Yes,Yes
2378-HTWFW,Month-to-month,35,91.0,3180.5,Credit card (automatic),No,No,No
8650-RHRKE,Month-to-month,4,29.65,118.5,Electronic check,No,Yes,Yes
4377-VDHYI,One year,32,90.8,3023.85,Electronic check,No,Yes,No
0475-RIJEP,Month-to-month,43,77.85,3365.85,Electronic check,No,Yes,Yes
1260-TTRXI,Month-to-month,4,54.3,195.3,Electronic check,No,No,Yes
3719-TDVQB,Two year,54,18.95,1031.1,Mailed check,No internet service,Yes,No
6328-ZPBGN,Month-to-month,11,95.15,997.65,Bank transfer (automatic),No,Yes,Yes
0201-MIBOL,Two year,66,102.4,6471.85,Bank transfer (automatic),No,Yes,No
4937-QPZPO,One year,61,99.9,6241.35,Electronic check,No,Yes,No
2925-VDZHY,Two year,72,88.7,6501.35,Credit card (automatic),Yes,No,No
6981-TDRFT,One year,44,54.3,2317.1,Electronic check,Yes,Yes,No
3413-CSSTH,Month-to-month,41,55.7,2237.55,Bank transfer (automatic),No,Yes,No
8033-VCZGH,One year,50,103.95,5231.3,Electronic check,No,Yes,No
4789-KWMXN,One year,47,110.85,5275.8,Credit card (automatic),Yes,Yes,Yes
0224-NIJLP,Two year,8,20.15,165.5,Mailed check,No internet service,No,No
7542-CYDDM,Month-to-month,18,20.05,358.5,Mailed check,No internet service,No,No
4718-WXBGI,Two year,72,91.95,6614.9,Credit card (automatic),Yes,Yes,No
2867-UIMSS,Month-to-month,1,80.5,80.5,Electronic check,No,No,Yes
8495-PRWFH,Month-to-month,42,55.65,2421.75,Electronic check,No,No,No
0439-IFYUN,Month-to-month,18,74.7,1294.6,Electronic check,No,Yes,No
5716-LIBJC,One year,13,104.15,1299.1,Credit card (automatic),No,Yes,No
2868-LLSKM,One year,68,83.65,5733.4,Bank transfer (automatic),Yes,Yes,No
8111-RKSPX,Month-to-month,4,72.2,305.55,Bank transfer (automatic),No,Yes,Yes
2988-QRAJY,Two year,69,110.05,7430.75,Credit card (automatic),No,Yes,No
1585-MQSSU,Month-to-month,17,51.5,900.5,Mailed check,Yes,No,Yes
0071-NDAFP,Two year,25,25.5,630.6,Credit card (automatic),No internet service,No,No
2856-NNASM,Month-to-month,43,89.55,3856.75,Mailed check,No,Yes,Yes
7328-ZJAJO,Two year,59,19.5,1222.65,Credit card (automatic),No internet service,No,No
6458-CYIDZ,Month-to-month,5,80.7,374.8,Electronic check,No,No,No
8559-CIZFV,One year,21,77.5,1625.0,Mailed check,Yes,No,Yes
1090-PYKCI,One year,69,105.1,7234.8,Credit card (automatic),Yes,Yes,No
3058-WQDRE,Month-to-month,13,25.15,331.85,Bank transfer (automatic),No,Yes,No
7547-EKNFS,Month-to-month,42,95.25,3959.35,Bank transfer (automatic),No,Yes,Yes
2279-AXJJK,Month-to-month,52,95.65,5088.4,Credit card (automatic),Yes,Yes,No
6769-DYBQN,Month-to-month,46,85.0,3969.4,Electronic check,No,No,Yes
0909-SELIE,Two year,61,80.8,4860.85,Bank transfer (automatic),Yes,Yes,No
3417-TSCIC,One year,29,24.85,788.05,Mailed check,No,Yes,No
1042-HFUCW,One year,25,54.75,1266.35,Credit card (automatic),Yes,Yes,No
4439-JMPMT,Month-to-month,5,85.75,470.95,Electronic check,Yes,Yes,Yes
6537-OTKMY,One year,15,50.75,688.2,Electronic check,No,No,No
8999-EXMNO,Two year,19,20.15,387.7,Mailed check,No internet service,No,No
6725-TPKJO,Two year,44,20.05,845.25,Mailed check,No internet service,No,No
2446-BEGGB,Month-to-month,6,98.25,560.6,Electronic check,No,Yes,Yes
7162-WPHPM,Two year,58,71.6,4230.25,Credit card (automatic),Yes,No,No
1599-MMYRQ,One year,62,81.45,4983.05,Credit card (automatic),No,Yes,No
8821-KVZKQ,One year,70,58.4,4113.15,Bank transfer (automatic),Yes,Yes,No
1496-GGSUK,Month-to-month,1,25.7,25.7,Mailed check,No,Yes,Yes
6434-TTGJP,Two year,10,53.7,521.0,Credit card (automatic),Yes,No,No
0042-JVWOJ,One year,26,19.6,471.85,Bank transfer (automatic),No internet service,Yes,No
0130-SXOUN,Month-to-month,66,89.4,5976.9,Credit card (automatic),No,No,No
2575-GFSOE,Month-to-month,7,69.0,506.9,Electronic check,No,Yes,Yes
2330-PQGDQ,One year,51,84.2,4299.75,Bank transfer (automatic),Yes,No,No
1452-UZOSF,Two year,72,106.1,7548.6,Credit card (automatic),Yes,Yes,No
2097-YVPKN,Two year,65,25.75,1654.75,Mailed check,No internet service,No,No
2842-JTCCU,Month-to-month,2,46.05,80.35,Bank transfer (automatic),No,No,Yes
8597-CTXVJ,One year,70,64.95,4551.5,Bank transfer (automatic),Yes,No,No
6631-HMANX,Two year,72,85.45,6227.5,Credit card (automatic),Yes,Yes,No
9962-BFPDU,Month-to-month,1,20.05,20.05,Mailed check,No internet service,No,No
3296-SILRA,Month-to-month,1,76.4,76.4,Mailed check,No,Yes,Yes
9681-OXGVC,Month-to-month,5,100.5,514.0,Electronic check,No,Yes,Yes
6394-HHHZM,Month-to-month,3,20.7,57.5,Mailed check,No internet service,No,No
5995-LFTLE,Two year,58,25.3,1474.35,Credit card (automatic),No internet service,Yes,No
5180-UCIIQ,Month-to-month,22,40.05,880.2,Mailed check,No,No,Yes
1932-UEDCX,Month-to-month,33,100.6,3270.25,Bank transfer (automatic),No,Yes,No
7153-OANIO,Month-to-month,1,69.95,69.95,Electronic check,No,No,Yes
5188-HGMLP,Month-to-month,54,74.0,3919.15,Bank transfer (automatic),No,No,No
0665-XHDJU,Two year,72,99.4,7285.7,Electronic check,No,Yes,No
6521-YYTYI,Month-to-month,1,93.3,93.3,Electronic check,No,Yes,Yes
8878-HMWBV,Month-to-month,3,49.15,169.05,Electronic check,No,Yes,Yes
8265-HKSOW,Two year,72,107.45,7658.3,Credit card (automatic),Yes,No,No
3544-FBCAS,Two year,72,83.6,5959.3,Credit card (automatic),No,Yes,No
5331-RGMTT,Month-to-month,54,99.05,5295.7,Credit card (automatic),No,Yes,No
4759-PXTAN,One year,59,80.1,4693.2,Electronic check,Yes,Yes,No
7054-DMVAS,Two year,54,65.3,3512.9,Bank transfer (automatic),No,Yes,No
3428-MMGUB,Two year,60,89.55,5231.2,Electronic check,No,Yes,No
6549-BTYPG,Two year,60,60.8,3603.45,Credit card (automatic),Yes,No,No
7823-JSOAG,Month-to-month,3,74.5,217.45,Electronic check,No,No,No
3705-RHRFR,Two year,69,99.15,6875.35,Bank transfer (automatic),No,No,No
9374-YOLBJ,Month-to-month,1,19.25,19.25,Electronic check,No internet service,No,No
9074-KGVOX,Month-to-month,50,39.45,2021.35,Credit card (automatic),No,Yes,No
6128-DAFVY,Month-to-month,56,44.85,2564.95,Credit card (automatic),No,Yes,No
9933-QRGTX,Two year,60,97.2,5611.75,Electronic check,Yes,Yes,No
4476-OSWTN,One year,69,110.55,7610.1,Mailed check,Yes,Yes,No
3751-KTZEL,Month-to-month,1,35.05,35.05,Mailed check,No,No,Yes
1977-STDKI,Month-to-month,1,73.0,73.0,Electronic check,No,Yes,Yes
5066-GFJMM,Month-to-month,3,19.9,45.75,Mailed check,No internet service,Yes,No
2661-GKBTK,Two year,60,76.95,4543.95,Bank transfer (automatic),Yes,No,No
0458-HEUZG,Two year,13,35.4,450.4,Mailed check,Yes,No,No
7268-WNTCP,Two year,62,20.45,1297.35,Bank transfer (automatic),No internet service,No,No
0824-VWDPO,One year,45,96.75,4442.75,Bank transfer (automatic),No,No,No
8409-WQJUX,One year,25,54.2,1423.15,Electronic check,Yes,No,No
2578-JQPHZ,Two year,44,100.1,4378.35,Bank transfer (automatic),Yes,No,No
3278-FSIXX,Month-to-month,2,45.25,74.2,Mailed check,No,Yes,No
5813-UECBU,Month-to-month,33,83.85,2716.3,Credit card (automatic),No,Yes,Yes
0328-GRPMV,Month-to-month,1,70.1,70.1,Electronic check,No,Yes,Yes
9746-UGFAC,One year,22,20.85,450.65,Bank transfer (automatic),No internet service,No,No
2946-KIQSP,Month-to-month,35,33.45,1175.85,Mailed check,Yes,Yes,No
0625-AFOHS,Two year,29,20.2,558.8,Mailed check,No internet service,No,No
6726-WEXXK,One year,27,85.9,2220.1,Electronic check,No,Yes,No
4636-OLWOE,One year,54,61.0,3283.05,Electronic check,Yes,Yes,No
4342-HENTK,Month-to-month,2,70.65,142.35,Electronic check,No,Yes,Yes
4685-ERGHK,One year,57,86.9,4939.25,Electronic check,No,Yes,No
0885-HMGPY,Two year,62,69.4,4237.5,Bank transfer (automatic),Yes,No,No
5003-OKNNK,One year,15,20.35,335.95,Credit card (automatic),No internet service,No,No
4195-SMMNX,Month-to-month,2,20.35,33.2,Mailed check,No internet service,No,Yes
7208-PSIHR,Two year,70,104.3,7188.5,Bank transfer (automatic),Yes,Yes,No
4012-ZTHBR,Month-to-month,21,44.95,926.25,Electronic check,No,Yes,No
0489-WMEMG,One year,23,49.45,1119.35,Electronic check,Yes,Yes,No
7435-ZNUYY,One year,6,20.6,116.6,Mailed check,No internet service,No,No
1354-YZFNB,Two year,4,19.55,68.8,Credit card (automatic),No internet service,No,No
6956-SMUCM,Month-to-month,3,99.0,287.4,Credit card (automatic),No,Yes,Yes
2985-FMWYF,Month-to-month,23,93.5,2341.55,Electronic check,No,Yes,No
2812-ENYMO,One year,26,54.55,1362.85,Credit card (automatic),Yes,No,No
2717-HVIZY,Month-to-month,8,20.05,163.6,Mailed check,No internet service,No,No
3223-WZWJM,Month-to-month,26,83.95,2254.2,Electronic check,No,Yes,Yes
3422-GALYP,Month-to-month,2,79.45,145.15,Electronic check,No,Yes,No
9053-JZFKV,Two year,67,116.2,7752.3,Credit card (automatic),Yes,No,Yes
2530-ENDWQ,Two year,71,93.7,6585.35,Bank transfer (automatic),No,Yes,Yes
2890-WFBHU,One year,59,79.85,4786.1,Credit card (automatic),Yes,No,No
0327-WFZSY,One year,39,100.0,3835.55,Electronic check,No,No,No
7977-HXJKU,Two year,21,19.6,397.0,Mailed check,No internet service,No,No
6615-ZGEDR,Month-to-month,1,19.7,19.7,Mailed check,No internet service,No,Yes
7033-CLAMM,Two year,48,20.2,1027.25,Bank transfer (automatic),No internet service,No,No
4023-RTIQM,One year,31,50.4,1580.1,Credit card (automatic),No,Yes,No
0864-FVJNJ,One year,64,113.35,7222.75,Electronic check,Yes,No,No
7356-IWLFW,Month-to-month,46,80.0,3769.7,Bank transfer (automatic),No,Yes,No
9541-PWTWO,Two year,52,80.95,4233.95,Bank transfer (automatic),Yes,Yes,No
3967-VQOGC,Two year,67,24.9,1680.25,Mailed check,No internet service,Yes,No
7872-RDDLZ,Month-to-month,67,54.9,3725.5,Electronic check,No,No,No
9250-WYPLL,Month-to-month,5,75.55,413.65,Electronic check,No,No,Yes
6308-CQRBU,Two year,71,109.25,7707.7,Electronic check,Yes,No,No
2754-XBHTB,Month-to-month,9,77.65,714.15,Bank transfer (automatic),No,Yes,Yes
1597-LHYNC,Month-to-month,26,95.0,2497.2,Electronic check,No,Yes,Yes
0186-CAERR,One year,71,116.3,8309.55,Bank transfer (automatic),Yes,Yes,No
3043-SUDUA,Month-to-month,32,19.9,601.55,Bank transfer (automatic),No internet service,No,No
5442-BHQNG,Month-to-month,2,70.35,139.25,Electronic check,No,No,No
2169-RRLFW,Two year,71,25.6,1888.25,Credit card (automatic),No internet service,No,No
5872-OEQNH,One year,60,44.45,2773.9,Electronic check,No,Yes,No
3162-KKZXO,One year,55,100.15,5409.75,Electronic check,No,Yes,No
7055-VKGDA,One year,54,105.4,5643.4,Credit card (automatic),Yes,Yes,Yes
0754-UKWQP,Month-to-month,2,95.85,197.7,Electronic check,No,Yes,Yes
8873-GLDMH,Month-to-month,6,73.85,401.3,Mailed check,No,Yes,No
5696-JVVQY,Two year,48,70.1,3238.4,Credit card (automatic),No,Yes,No
8946-BFWSG,Two year,63,25.25,1573.05,Mailed check,No internet service,No,No
7493-TPUWZ,Month-to-month,1,79.15,79.15,Electronic check,No,Yes,Yes
0547-HURJB,Month-to-month,12,21.05,235.8,Credit card (automatic),No internet service,No,No
8904-OPDCK,Month-to-month,54,24.95,1364.75,Bank transfer (automatic),No,Yes,No
8845-LWKGE,One year,30,64.5,1985.15,Electronic check,Yes,Yes,No
1577-HKTFG,Month-to-month,30,19.65,655.85,Bank transfer (automatic),No internet service,No,Yes
8752-STIVR,Month-to-month,4,79.0,303.15,Electronic check,No,Yes,Yes
0691-NIKRI,One year,40,105.95,4335.2,Credit card (automatic),Yes,Yes,No
5022-JNQEQ,Month-to-month,9,75.85,647.5,Electronic check,Yes,Yes,No
4558-FANTW,Month-to-month,17,91.85,1574.45,Electronic check,Yes,No,Yes
3249-VHRIP,Two year,62,43.6,2748.7,Credit card (automatic),No,Yes,No
3736-BLEPA,One year,28,91.25,2483.65,Bank transfer (automatic),Yes,Yes,No
4701-LKOZD,Two year,70,89.75,6367.2,Credit card (automatic),Yes,No,No
6603-QWSPR,Two year,46,104.4,4904.2,Bank transfer (automatic),Yes,Yes,No
9921-QFQUL,Month-to-month,23,90.15,2044.95,Mailed check,No,No,No
1929-ZCBHE,One year,47,40.3,1794.8,Electronic check,Yes,No,No
4378-MYPGO,Two year,68,105.25,7173.15,Bank transfer (automatic),No,Yes,No
8651-ENBZX,One year,60,106.0,6441.4,Electronic check,Yes,Yes,Yes
4129-LYCOI,Two year,67,104.0,7039.05,Electronic check,Yes,Yes,No
7798-JVXYM,Month-to-month,14,69.65,921.4,Electronic check,Yes,Yes,No
8647-SDTWQ,Month-to-month,57,74.3,4018.35,Electronic check,No,Yes,No
2696-ECXKC,One year,55,100.9,5448.6,Mailed check,No,No,No
2081-KJSQF,Month-to-month,1,20.25,20.25,Mailed check,No internet service,Yes,No
7623-TRNQN,Month-to-month,1,49.9,49.9,Mailed check,Yes,Yes,Yes
3323-CPBWR,Month-to-month,23,96.9,2085.45,Credit card (automatic),Yes,Yes,No
9330-IJWIO,Month-to-month,13,100.35,1358.85,Electronic check,No,Yes,Yes
3384-CTMSF,Month-to-month,47,104.1,5135.15,Electronic check,No,Yes,No
0902-RFHOF,One year,38,20.1,730.1,Mailed check,No internet service,No,No
9286-DOJGF,Month-to-month,38,74.95,2869.85,Bank transfer (automatic),No,Yes,Yes
6048-QBXKL,Month-to-month,2,56.55,118.25,Credit card (automatic),No,Yes,No
9661-MHUMO,Month-to-month,1,49.25,49.25,Credit card (automatic),Yes,Yes,Yes
7718-RXDGG,Month-to-month,15,68.6,1108.6,Bank transfer (automatic),No,Yes,No
1025-FALIX,Month-to-month,26,69.05,1815.65,Credit card (automatic),No,Yes,No
3451-VAWLI,Two year,35,19.7,730.4,Credit card (automatic),No internet service,No,No
3407-QGWLG,Month-to-month,3,20.05,75.45,Mailed check,No internet service,Yes,No
1842-EZJMK,Month-to-month,50,103.7,5071.05,Electronic check,Yes,No,Yes
2347-WKKAE,Month-to-month,42,94.4,4014.6,Electronic check,No,Yes,No
8735-DCXNF,Month-to-month,10,54.95,568.85,Credit card (automatic),Yes,Yes,No
3214-IYUUQ,One year,61,93.7,5860.7,Bank transfer (automatic),Yes,No,No
1936-UAFEH,Two year,68,110.25,7279.35,Credit card (automatic),Yes,No,No
3587-PMCOY,One year,10,98.9,1064.95,Electronic check,No,Yes,No
8079-XRJRS,One year,65,89.75,5769.6,Electronic check,No,No,Yes
1027-LKKQQ,Two year,72,80.45,5886.85,Bank transfer (automatic),Yes,Yes,No
7148-XZPHA,Month-to-month,55,79.4,4238.45,Electronic check,Yes,No,No
8073-IJDCM,Month-to-month,1,20.3,20.3,Mailed check,No internet service,Yes,Yes
5309-TAIKL,Month-to-month,7,62.8,418.3,Bank transfer (automatic),Yes,No,No
6856-RAURS,Month-to-month,2,74.9,136.05,Mailed check,No,Yes,No
8778-LMWTJ,Month-to-month,9,74.85,708.2,Electronic check,No,Yes,No
9717-IOAAF,Two year,27,25.85,788.55,Credit card (automatic),No internet service,Yes,No
8884-ADFVN,Month-to-month,7,101.95,700.85,Electronic check,No,Yes,Yes
2845-KDHVX,Two year,64,68.3,4378.8,Mailed check,Yes,Yes,No
0848-SOMKO,Two year,70,48.4,3442.8,Bank transfer (automatic),Yes,No,No
2720-WGKHP,Month-to-month,2,94.0,181.7,Electronic check,No,Yes,Yes
6734-FQAJX,Two year,67,105.05,7171.7,Electronic check,Yes,Yes,No
2869-ADAWR,Month-to-month,45,89.3,4016.85,Credit card (automatic),No,Yes,Yes
1535-VTJOQ,Two year,24,25.15,553.0,Credit card (automatic),No internet service,No,No
6368-TZZDT,Two year,4,19.5,96.85,Credit card (automatic),No internet service,No,No
0943-ZQPXH,Month-to-month,44,92.95,4122.9,Bank transfer (automatic),No,Yes,No
1293-BSEUN,Two year,72,20.7,1482.3,Mailed check,No internet service,Yes,No
9894-EZEWG,Month-to-month,1,74.3,74.3,Credit card (automatic),No,Yes,Yes
1302-TPUBN,Two year,66,19.35,1240.8,Bank transfer (automatic),No internet service,No,No
7851-FLGGQ,Month-to-month,1,44.65,44.65,Mailed check,Yes,Yes,Yes
0637-UBJRP,Month-to-month,13,84.05,1095.3,Electronic check,No,No,Yes
0940-OUQEC,Month-to-month,10,80.7,788.8,Bank transfer (automatic),No,Yes,Yes
2378-VTKDH,Month-to-month,65,104.35,6578.55,Electronic check,No,Yes,No
0927-CNGRH,Month-to-month,1,19.55,19.55,Mailed check,No internet service,No,No
8608-OZTLB,One year,38,74.05,2802.3,Electronic check,Yes,No,No
2335-GSODA,Two year,23,40.1,857.75,Mailed check,Yes,No,No
1952-DVVSW,One year,10,20.1,184.4,Mailed check,No internet service,No,No
0702-PGIBZ,Month-to-month,4,101.7,364.55,Electronic check,No,Yes,Yes
6656-GULJQ,Two year,72,83.55,6093.3,Credit card (automatic),Yes,Yes,No
9853-JFZDU,Month-to-month,35,56.85,1861.1,Electronic check,Yes,No,No
1963-VAUKV,Month-to-month,1,20.4,20.4,Mailed check,No internet service,No,Yes
3777-XROBG,Two year,58,19.55,1079.65,Credit card (automatic),No internet service,No,No
6994-FGRHH,One year,70,106.15,7475.1,Electronic check,Yes,Yes,No
4000-VGMQP,One year,38,78.95,2862.55,Credit card (automatic),No,No,No
3999-WRNGR,Month-to-month,60,49.75,3069.45,Electronic check,No,Yes,No
3466-RITXD,Month-to-month,26,92.4,2349.8,Credit card (automatic),No,Yes,No
2680-XKKNJ,One year,8,58.2,469.25,Bank transfer (automatic),Yes,No,No
3058-HJCUY,One year,41,102.6,4213.35,Electronic check,Yes,Yes,Yes
2974-GGUXS,Month-to-month,36,91.95,3301.05,Credit card (automatic),No,Yes,No
7994-XIRTR,One year,54,65.25,3529.95,Bank transfer (automatic),Yes,No,No
3259-FDWOY,Two year,71,106.0,7723.7,Bank transfer (automatic),No,Yes,Yes
2101-RANCD,Month-to-month,55,73.1,4144.9,Electronic check,No,Yes,No
7921-BEPCI,Two year,72,59.75,4265.0,Bank transfer (automatic),No,No,No
0807-ZABDG,Month-to-month,3,55.1,154.65,Mailed check,Yes,Yes,Yes
8510-TMWYB,Two year,54,59.8,3246.45,Bank transfer (automatic),No,Yes,No
3258-ZKPAI,Two year,72,116.6,8337.45,Bank transfer (automatic),Yes,Yes,No
1428-IEDPR,Two year,52,109.3,5731.4,Electronic check,Yes,Yes,No
5298-GSTLM,One year,60,101.4,6176.6,Bank transfer (automatic),No,Yes,No
4450-YOOHP,Month-to-month,39,50.65,1905.4,Credit card (automatic),No,Yes,No
6728-CZFEI,One year,15,56.15,931.9,Mailed check,No,No,No
5748-RNCJT,Two year,69,106.5,7348.8,Bank transfer (automatic),Yes,Yes,Yes
3653-NCRDJ,One year,43,19.2,776.25,Mailed check,No internet service,Yes,No
6121-TNHBO,One year,63,83.0,5243.05,Bank transfer (automatic),Yes,No,No
5119-NZPTV,Month-to-month,2,70.1,141.65,Electronic check,No,No,No
6519-ZHPXP,Two year,72,108.3,7679.65,Bank transfer (automatic),Yes,Yes,No
7739-LAXOG,Month-to-month,32,91.05,2954.5,Bank transfer (automatic),No,Yes,Yes
3472-QPRCH,Two year,40,25.25,1006.9,Credit card (automatic),No internet service,No,No
8224-UAXBZ,One year,58,45.35,2540.1,Electronic check,No,Yes,No
9610-WCESF,Two year,67,43.9,3097.2,Electronic check,Yes,No,No
9776-CLUJA,Month-to-month,51,77.5,3807.35,Electronic check,No,Yes,Yes
2486-WYVVE,One year,31,79.3,2484.0,Mailed check,Yes,Yes,No
3865-ZYKAD,Month-to-month,69,84.9,5785.65,Credit card (automatic),No,Yes,No
1422-DGUBX,One year,32,79.25,2619.15,Electronic check,Yes,Yes,No
2999-AANRQ,Two year,21,71.05,1524.85,Credit card (automatic),Yes,No,No
8668-KNZTI,One year,52,53.75,2790.65,Electronic check,No,No,No
0480-KYJVA,Two year,72,24.25,1784.5,Credit card (automatic),No internet service,No,No
6034-ZRYCV,Two year,72,54.2,3937.45,Electronic check,No,Yes,Yes
9746-YKGXB,One year,52,44.25,2276.1,Bank transfer (automatic),No,No,No
3926-YZVVX,One year,41,50.05,2029.05,Bank transfer (automatic),Yes,No,No
6000-UKLWI,Two year,41,20.15,802.35,Mailed check,No internet service,No,No
2079-FBMZK,Month-to-month,6,69.25,418.4,Mailed check,No,Yes,Yes
6332-FBZRI,One year,67,69.35,4653.25,Credit card (automatic),Yes,Yes,No
2096-XOTMO,Month-to-month,16,19.35,275.9,Mailed check,No internet service,No,No
3266-FTKHB,Two year,17,19.15,343.45,Mailed check,No internet service,No,No
8221-EQDGL,Month-to-month,35,61.0,2130.45,Mailed check,No,No,No
2346-LOCWC,Two year,58,20.5,1191.4,Credit card (automatic),No internet service,No,No
6608-QQLVK,Month-to-month,1,50.5,50.5,Electronic check,No,Yes,Yes
0298-XACET,Two year,52,50.2,2554.0,Mailed check,Yes,No,No
7560-QJAVJ,Two year,70,79.6,5589.45,Bank transfer (automatic),Yes,No,No
2995-YWTCD,Two year,19,24.9,467.7,Bank transfer (automatic),No internet service,Yes,No
3551-HUAZH,Month-to-month,1,74.4,74.4,Electronic check,No,Yes,Yes
9137-UIYPG,Month-to-month,35,106.9,3756.45,Electronic check,Yes,Yes,No
2809-ZMYOQ,Month-to-month,32,101.35,3334.9,Electronic check,No,Yes,No
5084-OOVCJ,Month-to-month,17,55.35,920.5,Credit card (automatic),Yes,Yes,No
0254-WWRKD,One year,67,50.55,3431.75,Credit card (automatic),No,No,No
7727-SHVZV,Month-to-month,9,19.5,150.35,Bank transfer (automatic),No internet service,No,No
6302-JGYRJ,One year,31,79.45,2587.7,Mailed check,Yes,Yes,Yes
5339-PXDVH,Month-to-month,4,90.65,367.95,Electronic check,No,No,No
2205-LPVGL,One year,58,89.85,5125.75,Bank transfer (automatic),Yes,Yes,No
8782-NUUOL,One year,60,79.0,4801.1,Mailed check,Yes,No,No
3685-YLCMQ,One year,58,104.65,6219.6,Electronic check,Yes,Yes,Yes
7601-WFVZV,Month-to-month,1,19.55,19.55,Mailed check,No internet service,No,No
4609-KNNWG,Two year,27,19.9,550.1,Mailed check,No internet service,No,No
4868-AADLV,One year,66,116.25,7862.25,Electronic check,Yes,Yes,No
9529-OFXHY,Month-to-month,15,87.75,1242.2,Bank transfer (automatic),No,Yes,No
8634-MPHTR,Month-to-month,47,100.05,4871.05,Electronic check,No,Yes,Yes
2669-QVCRG,Month-to-month,41,81.3,3190.65,Credit card (automatic),No,Yes,No
2478-EEWWM,Month-to-month,59,44.3,2666.75,Electronic check,No,Yes,No
9174-IHETN,Two year,50,70.35,3533.6,Credit card (automatic),No,No,No
2233-TXSIU,One year,17,44.45,792.15,Credit card (automatic),No,No,No
9644-UMGQA,Month-to-month,6,49.15,295.65,Electronic check,No,Yes,No
3256-EZDBI,Month-to-month,51,29.45,1459.35,Credit card (automatic),No,Yes,No
8761-NSOBC,Month-to-month,44,100.55,4398.15,Electronic check,Yes,No,Yes
0419-YAAPX,Month-to-month,49,85.3,4297.95,Credit card (automatic),No,Yes,No
8413-VONUO,Month-to-month,2,95.65,167.3,Electronic check,No,No,Yes
0872-CASZJ,One year,59,69.1,4096.9,Mailed check,Yes,Yes,No
4726-DLWQN,Month-to-month,50,70.35,3454.6,Bank transfer (automatic),No,Yes,No
8164-OCKUJ,Two year,59,20.6,1286.0,Mailed check,No internet service,No,No
3094-JOJAI,Month-to-month,18,74.15,1387.0,Mailed check,No,No,No
9494-MRNYX,Month-to-month,10,75.05,786.3,Electronic check,No,No,No
2599-CZABP,One year,14,44.6,641.25,Electronic check,No,No,No
7945-PRBVF,Two year,35,21.45,705.45,Bank transfer (automatic),No internet service,No,No
4544-RXFMG,One year,8,43.45,345.5,Mailed check,No,Yes,No
0859-YGKFW,One year,18,20.05,345.9,Bank transfer (automatic),No internet service,No,No
1150-FTQGN,One year,60,94.15,5811.8,Bank transfer (automatic),No,No,No
9223-UCPVT,Month-to-month,1,94.4,94.4,Electronic check,No,No,Yes
7196-LIWRH,Two year,6,19.55,124.45,Mailed check,No internet service,No,No
5448-VWNAM,Month-to-month,19,75.9,1375.6,Mailed check,Yes,Yes,No
1177-XZBJL,One year,53,64.15,3491.55,Bank transfer (automatic),Yes,No,No
3518-FSTWG,Two year,72,109.55,7920.7,Bank transfer (automatic),No,Yes,No
9330-VOFSZ,Two year,60,110.8,6640.7,Credit card (automatic),Yes,Yes,No
4351-QLCSU,Month-to-month,1,55.0,55.0,Credit card (automatic),No,Yes,Yes
0939-EREMR,Month-to-month,13,53.45,718.1,Mailed check,Yes,No,No
9389-ACWBI,Month-to-month,5,69.95,320.4,Credit card (automatic),No,No,No
5419-JPRRN,Month-to-month,1,101.45,101.45,Electronic check,No,Yes,Yes
3644-QXEHN,Month-to-month,13,97.0,1334.45,Electronic check,No,No,No
2911-IJORQ,One year,37,90.6,3358.65,Bank transfer (automatic),Yes,Yes,No
5921-NGYRH,Month-to-month,64,73.55,4764.0,Mailed check,No,Yes,No
2100-BDNSN,Month-to-month,5,67.95,350.3,Bank transfer (automatic),Yes,No,Yes
5998-DZLYR,Two year,61,94.35,5703.0,Bank transfer (automatic),Yes,Yes,No
0488-GSLFR,Month-to-month,1,69.5,69.5,Electronic check,No,Yes,Yes
9318-NKNFC,Month-to-month,1,18.85,18.85,Mailed check,No internet service,Yes,Yes
3985-HOYPM,One year,26,19.4,525.55,Mailed check,No internet service,No,No
9728-FTTVZ,Month-to-month,1,69.2,69.2,Electronic check,No,Yes,Yes
9548-LERKT,Two year,24,19.75,483.15,Mailed check,No internet service,No,No
6576-FBXOJ,One year,17,54.6,934.8,Electronic check,Yes,No,No
4310-KEDTB,Month-to-month,26,29.8,786.5,Mailed check,No,Yes,No
7254-IQWOZ,Month-to-month,1,69.65,69.65,Electronic check,No,Yes,Yes
2474-BRUCM,Month-to-month,40,101.85,4086.3,Electronic check,No,No,Yes
4062-HBMOS,Month-to-month,52,103.05,5364.8,Electronic check,No,Yes,No
0742-NXBGR,Month-to-month,1,82.3,82.3,Electronic check,No,Yes,Yes
2676-ISHSF,Month-to-month,1,20.3,20.3,Mailed check,No internet service,No,No
9236-NDUCW,Two year,21,35.1,770.4,Mailed check,Yes,No,No
4753-PADAS,One year,67,105.7,6816.95,Bank transfer (automatic),No,Yes,No
6103-QCKFX,Month-to-month,44,56.25,2419.55,Bank transfer (automatic),Yes,No,No
7781-EWARA,One year,70,60.35,4138.7,Electronic check,Yes,No,No
6110-OHIHY,Month-to-month,3,79.25,267.6,Electronic check,No,No,Yes
7018-FPXHH,Two year,56,59.8,3457.45,Bank transfer (automatic),No,Yes,No
5889-LFOLL,Month-to-month,13,84.6,1115.2,Electronic check,No,Yes,Yes
5708-EVONK,Month-to-month,58,93.4,5435.6,Bank transfer (automatic),No,Yes,Yes
8708-XPXHZ,Month-to-month,42,94.2,4186.3,Electronic check,No,Yes,Yes
0616-ATFGB,Month-to-month,1,25.05,25.05,Electronic check,No,No,Yes
0572-ZJKLT,Two year,46,99.65,4630.2,Mailed check,Yes,No,No
5135-RDDQL,Two year,63,50.65,3221.25,Bank transfer (automatic),No,Yes,No
1353-LJWEM,Month-to-month,11,60.9,688.5,Electronic check,Yes,Yes,No
1794-SWWKL,Month-to-month,15,59.65,867.1,Bank transfer (automatic),Yes,Yes,No
6166-YIPFO,Two year,72,64.7,4746.05,Electronic check,Yes,Yes,No
7016-BPGEU,Month-to-month,29,25.1,712.85,Credit card (automatic),No,Yes,Yes
6876-ADESB,Month-to-month,1,48.95,48.95,Electronic check,No,No,Yes
9332-GYWLO,Month-to-month,6,54.85,355.1,Electronic check,No,No,No
1963-SVUCV,Month-to-month,1,45.3,45.3,Electronic check,No,No,Yes
4184-VODJZ,One year,63,91.35,5764.7,Electronic check,No,Yes,No
0220-EBGCE,Month-to-month,2,85.85,167.3,Electronic check,No,Yes,Yes
1092-WPIVQ,Two year,18,25.1,428.45,Mailed check,No internet service,No,No
7233-IOQNP,Month-to-month,43,34.0,1505.35,Bank transfer (automatic),Yes,No,No
2834-JKOOW,One year,15,45.9,693.45,Mailed check,Yes,No,No
2754-VDLTR,Month-to-month,10,95.2,930.4,Electronic check,No,No,Yes
2400-FEQME,Two year,55,20.5,1177.95,Mailed check,No internet service,No,No
3190-XFANI,One year,49,100.6,5069.65,Bank transfer (automatic),Yes,Yes,Yes
7551-DACSP,Month-to-month,6,55.3,324.25,Mailed check,No,Yes,Yes
4957-SREEC,Two year,70,20.35,1458.1,Credit card (automatic),No internet service,No,No
7235-NXZCP,Month-to-month,2,74.85,156.4,Mailed check,No,Yes,Yes
0230-UBYPQ,One year,63,36.1,2298.9,Bank transfer (automatic),Yes,No,No
4923-ADWXJ,Month-to-month,25,65.8,1679.65,Bank transfer (automatic),Yes,Yes,No
1763-KUAAW,One year,18,20.35,369.6,Bank transfer (automatic),No internet service,No,No
1104-TNLZA,Month-to-month,28,105.8,2998.0,Electronic check,Yes,Yes,No
5195-KPUNQ,One year,53,96.75,5206.55,Mailed check,Yes,Yes,No
0520-FDVVT,One year,35,102.35,3626.1,Bank transfer (automatic),No,Yes,Yes
3439-GVUSX,Month-to-month,1,24.4,24.4,Mailed check,No,No,No
1444-VVSGW,One year,70,115.65,7968.85,Credit card (automatic),Yes,No,Yes
5712-PTIWW,Month-to-month,2,79.85,152.45,Electronic check,Yes,Yes,Yes
5949-HGVJL,Month-to-month,26,73.05,1959.5,Electronic check,Yes,Yes,No
5203-XEHAX,One year,34,64.35,2053.05,Electronic check,No,No,No
1635-HDGFT,Two year,19,20.5,398.55,Mailed check,No internet service,No,No
3315-TOTBP,Month-to-month,15,76.0,1130.85,Mailed check,No,Yes,Yes
8050-XGRVL,One year,62,54.75,3425.35,Credit card (automatic),No,No,No
6661-HBGWL,Month-to-month,42,104.75,4323.45,Bank transfer (automatic),No,Yes,Yes
1518-VOWAV,Month-to-month,9,74.65,703.55,Electronic check,No,Yes,Yes
9828-QHFBK,Month-to-month,24,51.15,1275.7,Electronic check,No,Yes,No
3908-MKIMJ,Two year,68,41.95,2965.75,Electronic check,No,Yes,No
5012-YSPJJ,Month-to-month,31,54.35,1647.0,Mailed check,Yes,No,No
5909-ECHUI,Month-to-month,1,56.25,56.25,Electronic check,No,Yes,Yes
1309-BXVOQ,Month-to-month,21,106.1,2249.95,Electronic check,Yes,Yes,Yes
6728-VOIFY,One year,63,96.0,6109.75,Electronic check,No,Yes,No
9317-WZPGV,Month-to-month,2,79.75,159.4,Bank transfer (automatic),No,Yes,Yes
4891-NLUBA,Two year,61,61.45,3751.15,Bank transfer (automatic),Yes,Yes,No
2856-HYAPG,Month-to-month,1,68.65,68.65,Electronic check,No,No,Yes
8969-PRHFK,One year,18,19.65,411.25,Mailed check,No internet service,No,No
0661-KQHNK,One year,6,19.0,105.5,Credit card (automatic),No internet service,No,No
8709-KRDVL,Month-to-month,33,100.0,3320.6,Electronic check,No,Yes,No
4488-PSYCG,Month-to-month,16,20.25,327.45,Bank transfer (automatic),No internet service,No,Yes
1427-VERSM,Month-to-month,56,98.7,5669.5,Electronic check,Yes,Yes,No
9801-NOSHQ,One year,23,19.8,465.45,Mailed check,No internet service,No,No
6339-YPSAH,Month-to-month,9,73.8,704.3,Electronic check,No,Yes,No
3621-CEOVK,Month-to-month,14,100.2,1369.8,Electronic check,No,Yes,Yes
6906-ANDWJ,Month-to-month,15,74.9,1107.25,Bank transfer (automatic),No,Yes,Yes
2159-TURXX,Month-to-month,5,20.05,95.55,Credit card (automatic),No internet service,No,No
1548-FEHVL,Month-to-month,61,106.2,6375.2,Electronic check,No,Yes,No
3795-CAWEX,Two year,70,116.55,8152.3,Credit card (automatic),Yes,Yes,No
6215-NQCPY,Month-to-month,15,99.7,1566.75,Electronic check,No,Yes,No
5647-URDKA,Two year,8,19.7,130.25,Mailed check,No internet service,No,No
2229-DPMBI,Two year,8,19.5,162.15,Mailed check,No internet service,No,No
9626-WEQRM,Month-to-month,4,29.15,110.05,Mailed check,No,Yes,No
2188-SXWVT,One year,34,55.0,1885.15,Mailed check,No,No,No
6258-PVZWJ,Two year,68,90.8,6302.85,Credit card (automatic),Yes,Yes,No
1094-BKOSX,One year,45,51.0,2264.5,Bank transfer (automatic),Yes,No,No
6969-MVBAI,Month-to-month,9,90.1,816.8,Electronic check,No,Yes,No
2978-XXSOG,Month-to-month,22,59.05,1253.5,Mailed check,Yes,Yes,No
2342-CKIAO,Month-to-month,2,20.3,41.2,Mailed check,No internet service,No,No
6953-PBDIN,Two year,70,72.95,5265.55,Bank transfer (automatic),Yes,No,No
3898-BSJYF,One year,10,73.55,693.3,Credit card (automatic),Yes,No,No
3938-YFPXD,Two year,72,84.3,5997.1,Credit card (automatic),Yes,No,No
7696-AMHOD,One year,49,78.0,3824.2,Credit card (automatic),No,No,No
2453-SAFNS,One year,54,72.1,3886.05,Mailed check,Yes,No,No
9558-IHEZX,Two year,71,106.75,7283.25,Credit card (automatic),No,Yes,No
9617-UDPEU,One year,22,19.25,412.55,Mailed check,No internet service,Yes,No
6340-DACFT,Two year,50,20.55,1070.25,Credit card (automatic),No internet service,No,No
4955-VCWBI,One year,43,20.0,817.95,Mailed check,No internet service,No,No
6813-GZQCG,Two year,45,24.65,1171.3,Credit card (automatic),No internet service,Yes,No
7426-GSWPO,Month-to-month,64,103.5,6548.65,Bank transfer (automatic),No,Yes,No
3389-KTRXV,Two year,23,23.85,625.65,Mailed check,No internet service,No,No
3118-UHVVQ,Two year,68,25.8,1911.5,Credit card (automatic),No internet service,No,No
1031-IIDEO,Month-to-month,1,70.85,70.85,Electronic check,No,Yes,Yes
5832-XKAES,Month-to-month,2,69.8,134.7,Credit card (automatic),No,Yes,Yes
3205-MXZRA,One year,26,59.45,1507.0,Credit card (automatic),Yes,No,No
4701-AHWMW,Month-to-month,55,54.55,2978.3,Bank transfer (automatic),Yes,Yes,Yes
8317-BVKSO,Month-to-month,14,20.05,299.3,Electronic check,No internet service,Yes,No
5702-KVQRD,Two year,71,82.55,5832.65,Electronic check,Yes,Yes,No
0083-PIVIK,One year,64,81.25,5567.55,Electronic check,Yes,No,No
9210-IAHGH,Month-to-month,7,70.75,450.8,Credit card (automatic),Yes,Yes,Yes
6169-PGNCD,Two year,57,74.3,4166.35,Credit card (automatic),Yes,Yes,No
0023-XUOPT,Month-to-month,13,94.1,1215.6,Electronic check,No,No,Yes
4592-IWTJI,Month-to-month,3,29.7,91.7,Credit card (automatic),No,No,Yes
4909-JOUPP,Two year,72,109.7,7898.45,Credit card (automatic),Yes,No,No
4657-FWVFY,Month-to-month,40,96.35,3915.4,Credit card (automatic),No,Yes,No
2257-BOVXD,Month-to-month,14,66.6,979.5,Credit card (automatic),Yes,Yes,No
7729-JTEEC,Month-to-month,2,44.5,90.05,Electronic check,No,Yes,No
7632-MNYOY,One year,66,110.9,7432.05,Credit card (automatic),Yes,No,Yes
6518-LGAOV,Month-to-month,38,105.0,4026.4,Electronic check,Yes,Yes,Yes
7242-QZLXF,Month-to-month,1,25.3,25.3,Electronic check,No,Yes,Yes
4576-CSAJH,One year,22,55.15,1193.05,Credit card (automatic),Yes,Yes,Yes
1000-AJSLD,Month-to-month,1,20.1,20.1,Mailed check,No internet service,Yes,Yes
9696-RMYBA,Month-to-month,5,80.1,398.55,Mailed check,No,Yes,No
8690-UPCZI,One year,29,69.05,1958.45,Bank transfer (automatic),Yes,No,No
1062-LHZOD,Month-to-month,1,69.9,69.9,Mailed check,No,Yes,Yes
9770-LXDBK,Month-to-month,3,20.4,63.15,Mailed check,No internet service,No,No
4086-WITJG,Two year,71,19.7,1301.1,Credit card (automatic),No internet service,No,No
8344-WFMFH,Month-to-month,9,50.1,484.05,Electronic check,No,Yes,No
9600-NAXZN,Month-to-month,43,101.4,4528.0,Electronic check,No,Yes,Yes
8822-KNBHV,One year,48,83.45,3887.85,Credit card (automatic),No,Yes,No
8404-FYDIB,Month-to-month,26,86.65,2208.75,Credit card (automatic),No,Yes,No
2791-SFVEW,Month-to-month,9,20.15,238.15,Bank transfer (automatic),No internet service,No,No
6457-USBER,Month-to-month,1,80.8,80.8,Electronic check,No,Yes,Yes
6762-NSODU,Two year,46,19.4,958.15,Credit card (automatic),No internet service,No,No
4662-EKDPQ,Month-to-month,2,62.05,118.3,Bank transfer (automatic),No,No,Yes
9248-OJYKK,Month-to-month,1,76.45,76.45,Electronic check,No,Yes,Yes
9888-ZCUMM,Two year,64,60.05,3845.45,Bank transfer (automatic),Yes,Yes,No
3398-FSHON,Month-to-month,12,91.3,1094.5,Electronic check,No,Yes,Yes
3319-DWOEP,Month-to-month,6,95.75,573.75,Electronic check,No,Yes,Yes
1074-WVEVG,One year,59,20.35,1267.0,Mailed check,No internet service,No,No
9979-RGMZT,One year,7,94.05,633.45,Mailed check,No,Yes,No
6437-UDQJM,Two year,72,84.1,6129.65,Credit card (automatic),No,Yes,No
1226-IENZN,Month-to-month,16,78.75,1218.25,Electronic check,No,Yes,No
2108-GLPQB,Month-to-month,25,55.55,1405.3,Credit card (automatic),No,No,No
9259-PACGQ,Month-to-month,34,62.65,2274.9,Electronic check,Yes,No,Yes
4415-IJZTP,Month-to-month,1,74.5,74.5,Electronic check,No,Yes,Yes
1465-VINDH,Month-to-month,10,102.1,1068.85,Credit card (automatic),No,Yes,Yes
5474-LAMUQ,One year,24,20.1,533.9,Mailed check,No internet service,No,No
3468-DRVQJ,One year,10,70.3,676.15,Electronic check,No,No,No
1122-YJBCS,One year,69,53.65,3804.4,Credit card (automatic),No,Yes,No
4990-ALDGW,Two year,57,20.75,1118.8,Mailed check,No internet service,No,No
4816-OKWNX,One year,50,103.4,5236.4,Bank transfer (automatic),Yes,Yes,No
3315-IKYZQ,One year,28,50.8,1386.8,Mailed check,Yes,No,No
2810-FTLEM,Month-to-month,16,50.15,762.25,Electronic check,No,Yes,Yes
4747-LCAQL,Month-to-month,25,79.0,1902.0,Mailed check,Yes,Yes,No
3411-WLRSQ,Month-to-month,3,74.6,239.05,Bank transfer (automatic),No,Yes,No
0898-XCGTF,One year,61,96.5,5673.7,Bank transfer (automatic),No,Yes,No
8006-PYCSW,Month-to-month,2,20.1,39.8,Mailed check,No internet service,No,No
8249-THVEC,One year,51,19.4,997.75,Mailed check,No internet service,No,No
8722-PRFDV,Two year,71,77.55,5574.35,Credit card (automatic),No,No,No
2164-SOQXL,Month-to-month,20,20.05,406.05,Mailed check,No internet service,No,No
4020-KIUDI,Month-to-month,6,19.85,138.85,Credit card (automatic),No internet service,No,No
5850-BDWCY,Month-to-month,6,20.2,123.65,Mailed check,No internet service,No,No
2038-YSEZE,Month-to-month,29,67.45,1801.1,Mailed check,Yes,No,No
0827-ITJPH,Two year,36,18.55,689.0,Credit card (automatic),No internet service,Yes,No
8799-OXZMD,Month-to-month,28,29.75,790.7,Mailed check,No,Yes,No
1925-TIBLE,Month-to-month,7,86.5,582.5,Electronic check,No,Yes,Yes
1705-GUHPV,Two year,63,24.2,1618.2,Mailed check,No internet service,No,No
4779-ZGICK,Two year,48,23.55,1173.35,Mailed check,No internet service,No,No
0048-PIHNL,One year,49,20.45,900.9,Bank transfer (automatic),No internet service,No,No
0818-OCPZO,Month-to-month,27,81.45,2122.05,Electronic check,No,Yes,Yes
3967-KXAPS,Two year,72,92.3,6719.9,Credit card (automatic),Yes,No,No
1447-GIQMR,Month-to-month,1,69.15,69.15,Electronic check,No,Yes,Yes
3704-IEAXF,Two year,72,53.65,3784.0,Credit card (automatic),Yes,No,No
6810-VCAEX,One year,47,39.65,1798.65,Credit card (automatic),Yes,No,No
0674-EYYZV,Month-to-month,1,54.65,54.65,Electronic check,No,Yes,No
4480-MBMLB,One year,36,104.8,3886.45,Bank transfer (automatic),No,Yes,No
1395-OFUWC,Month-to-month,43,29.3,1224.05,Credit card (automatic),No,No,No
0822-QGCXA,Month-to-month,27,83.85,2310.2,Electronic check,Yes,No,No
0872-NXJYS,Month-to-month,9,79.55,723.4,Electronic check,No,Yes,Yes
2832-KJCRD,Month-to-month,38,103.65,3988.5,Electronic check,Yes,Yes,No
3588-WSTTJ,Month-to-month,35,99.05,3554.6,Electronic check,No,Yes,No
4075-WKNIU,Two year,0,73.35,0.0,Mailed check,Yes,No,No
5090-EMGTC,Two year,59,100.05,6034.85,Mailed check,Yes,Yes,No
2346-CZYIL,Two year,27,20.35,531.6,Credit card (automatic),No internet service,No,No
3798-EPWRR,Month-to-month,2,43.95,85.1,Electronic check,No,No,No
6258-NGCNG,Month-to-month,7,23.5,173.0,Mailed check,No internet service,No,No
4186-ZBUEW,One year,36,70.7,2511.95,Mailed check,Yes,Yes,No
5274-XHAKY,Month-to-month,41,94.3,3893.6,Bank transfer (automatic),No,Yes,No
1442-BQPVU,Month-to-month,13,29.15,357.15,Electronic check,No,No,No
3978-YNKDD,Two year,19,20.85,467.5,Credit card (automatic),No internet service,No,No
4940-KHCWD,Two year,60,37.7,2288.7,Bank transfer (automatic),Yes,No,No
9412-ARGBX,Two year,48,95.5,4627.85,Mailed check,Yes,Yes,Yes
1389-CXMLU,Month-to-month,3,91.05,289.1,Electronic check,No,No,Yes
9589-ABEPT,Two year,69,92.45,6460.55,Mailed check,Yes,Yes,No
9388-ZEYVT,One year,43,44.15,1931.3,Electronic check,Yes,No,No
0305-SQECB,One year,11,36.05,402.6,Mailed check,Yes,Yes,No
7605-SNLQG,Month-to-month,45,50.25,2221.55,Credit card (automatic),No,Yes,No
4670-TABXH,Two year,72,109.75,7758.9,Credit card (automatic),Yes,Yes,No
5561-NWEVX,Month-to-month,2,79.2,172.85,Electronic check,No,No,Yes
0064-SUDOG,Two year,12,20.3,224.5,Bank transfer (automatic),No internet service,No,No
8561-NMTBD,One year,67,112.35,7388.45,Credit card (automatic),Yes,Yes,No
5161-XEUVX,Two year,37,94.3,3460.95,Mailed check,Yes,No,No
8292-FRFZQ,One year,39,41.15,1700.9,Bank transfer (automatic),Yes,No,No
8591-NXRCV,Month-to-month,41,74.65,3090.65,Bank transfer (automatic),Yes,Yes,No
7895-VONWT,Month-to-month,25,48.25,1293.8,Electronic check,No,Yes,No
4526-RMTLL,Two year,8,76.15,645.8,Credit card (automatic),Yes,Yes,No
6253-GNHWH,Two year,71,71.1,5224.95,Mailed check,Yes,No,No
4566-NECEV,Month-to-month,5,96.55,500.1,Electronic check,No,No,No
8080-POTJR,One year,30,79.3,2427.1,Credit card (automatic),No,Yes,No
6906-MPARY,One year,40,89.6,3488.15,Credit card (automatic),Yes,Yes,No
3662-FXJFO,Two year,54,20.5,1035.7,Mailed check,No internet service,Yes,No
8107-RZLNV,Two year,72,106.3,7565.35,Bank transfer (automatic),No,Yes,No
0516-OOHAR,One year,28,100.35,2799.0,Bank transfer (automatic),No,No,No
2027-CWDNU,Month-to-month,18,85.6,1601.5,Electronic check,Yes,Yes,No
2737-WFVYW,Month-to-month,2,45.25,85.5,Electronic check,No,Yes,Yes
9912-OMZDS,One year,59,106.15,6256.2,Electronic check,No,Yes,No
3733-ZEECP,Month-to-month,22,51.1,1232.9,Electronic check,Yes,Yes,No
7878-RTCZG,Month-to-month,1,19.9,19.9,Mailed check,No internet service,No,No
2452-MRMZF,Two year,72,25.7,1937.4,Credit card (automatic),No internet service,Yes,No
2272-QAGFO,Month-to-month,14,74.3,1096.25,Electronic check,No,Yes,Yes
7103-IPXPJ,One year,50,99.4,5059.75,Electronic check,Yes,No,No
4342-HFXWS,One year,48,69.7,3023.65,Bank transfer (automatic),Yes,No,No
3545-CNWRG,Month-to-month,49,98.35,4889.2,Electronic check,No,Yes,No
1785-BPHTP,Month-to-month,28,85.45,2289.9,Electronic check,No,No,No
4989-LIXVT,Month-to-month,68,95.9,6503.2,Electronic check,No,Yes,No
7315-WYOAW,Month-to-month,13,100.75,1313.25,Electronic check,Yes,No,No
1173-XZPYF,Month-to-month,11,89.2,990.3,Electronic check,No,Yes,No
9850-OWRHQ,Month-to-month,3,74.1,228.0,Credit card (automatic),No,Yes,Yes
3768-NLUBH,Month-to-month,57,100.6,5746.15,Electronic check,No,No,Yes
8676-TRMJS,Month-to-month,3,75.0,209.1,Mailed check,No,No,Yes
2509-TFPJU,Two year,72,25.75,1864.2,Credit card (automatic),No internet service,No,No
9530-GRMJG,Two year,70,84.1,5979.7,Electronic check,Yes,Yes,No
6898-RBTLU,Two year,49,79.3,3902.45,Bank transfer (automatic),Yes,No,No
5481-NTDOH,One year,67,107.05,7142.5,Credit card (automatic),No,Yes,No
2068-WWXQZ,Two year,46,20.05,902.0,Bank transfer (automatic),No internet service,No,No
7359-SSBJK,Two year,64,70.2,4481.0,Credit card (automatic),Yes,Yes,Yes
2061-VVFST,Month-to-month,37,19.5,805.2,Bank transfer (automatic),No internet service,No,No
0685-MLYYM,Month-to-month,2,70.75,154.85,Electronic check,No,No,Yes
0749-IRGQE,Month-to-month,13,45.3,528.45,Electronic check,No,No,No
2380-DAMQP,Two year,72,115.15,8349.7,Electronic check,Yes,No,No
2256-YLYLP,Two year,68,72.95,4953.25,Bank transfer (automatic),Yes,Yes,No
1272-ILHFG,One year,15,19.65,332.65,Mailed check,No internet service,No,No
0164-XAIRP,Two year,24,19.55,470.2,Bank transfer (automatic),No internet service,Yes,No
5666-CYCYZ,Month-to-month,24,89.55,2259.35,Electronic check,Yes,Yes,No
4011-ARPHK,Month-to-month,27,50.35,1411.35,Mailed check,No,No,No
8182-PNAGI,Month-to-month,12,50.25,593.75,Bank transfer (automatic),Yes,No,Yes
6365-HITVU,Two year,71,87.25,6328.7,Credit card (automatic),Yes,No,No
7558-IMLMT,Two year,67,20.8,1411.9,Mailed check,No internet service,Yes,No
9488-FYQAU,Two year,63,109.25,6841.4,Bank transfer (automatic),Yes,Yes,No
3590-TCXTB,Month-to-month,1,20.35,20.35,Mailed check,No internet service,No,No
6994-KERXL,Month-to-month,4,55.9,238.5,Electronic check,No,Yes,No
7957-RYHQD,Month-to-month,40,79.2,3233.85,Credit card (automatic),No,Yes,Yes
2180-DXNEG,Month-to-month,12,96.0,1062.1,Electronic check,No,Yes,Yes
1960-UOTYM,Two year,52,79.2,4016.3,Electronic check,No,No,No
2740-JFBOK,Month-to-month,10,24.0,226.55,Electronic check,No internet service,Yes,No
6500-JVEGC,One year,68,101.35,7110.75,Bank transfer (automatic),No,No,No
5515-AKOAJ,Month-to-month,54,100.1,5440.9,Electronic check,Yes,Yes,Yes
8976-OQHGT,Month-to-month,4,56.5,235.1,Mailed check,Yes,No,Yes
5245-VDBUR,One year,52,35.45,1958.95,Mailed check,No,No,No
6230-BSUXY,Month-to-month,1,85.0,85.0,Electronic check,No,Yes,Yes
8469-SNFFH,One year,70,79.4,5528.9,Bank transfer (automatic),Yes,No,No
2144-ESWKO,One year,43,35.2,1463.7,Credit card (automatic),No,Yes,No
1241-FPMOF,Two year,52,19.65,1025.05,Mailed check,No internet service,No,No
9928-BZVLZ,Two year,12,49.85,552.1,Mailed check,Yes,No,No
4114-QMKVN,One year,56,68.75,3815.4,Bank transfer (automatic),No,No,No
2775-SEFEE,Two year,0,61.9,0.0,Bank transfer (automatic),Yes,Yes,No
9003-CPATH,Month-to-month,42,79.9,3313.4,Electronic check,No,No,No
1754-GKYPY,Month-to-month,22,89.75,1938.9,Bank transfer (automatic),No,Yes,No
5294-CDGWY,One year,51,59.3,3014.65,Electronic check,No,No,Yes
7956-XQWGU,Month-to-month,27,19.4,460.25,Credit card (automatic),No internet service,Yes,No
1591-MQJTP,One year,51,93.65,4839.15,Bank transfer (automatic),No,Yes,No
5295-PCJOO,Month-to-month,4,49.4,184.4,Electronic check,No,Yes,Yes
2369-FEVNO,Month-to-month,1,19.9,19.9,Mailed check,No internet service,Yes,No
9863-JZAIC,Month-to-month,35,55.0,2010.55,Mailed check,No,No,Yes
7471-MQPOS,One year,71,72.9,5139.65,Bank transfer (automatic),Yes,Yes,No
7660-HDPJV,Month-to-month,1,69.2,69.2,Electronic check,No,Yes,Yes
5115-SQAAU,Two year,69,25.6,1673.4,Bank transfer (automatic),No internet service,Yes,No
9845-QOMAD,One year,14,19.75,309.35,Mailed check,No internet service,No,No
7672-VFMXZ,Month-to-month,57,55.7,3171.6,Electronic check,Yes,No,No
9739-JLPQJ,Two year,72,117.5,8670.1,Credit card (automatic),Yes,No,No
9916-AYHTC,Two year,48,19.85,916.0,Credit card (automatic),No internet service,No,No
3855-ONCAR,Month-to-month,4,78.9,299.75,Mailed check,No,Yes,No
1488-SYSFC,Month-to-month,31,20.65,702.05,Electronic check,No internet service,Yes,No
7931-PXHFC,One year,38,62.3,2354.8,Mailed check,Yes,Yes,Yes
3990-QYKBE,Month-to-month,37,92.5,3473.4,Electronic check,No,Yes,Yes
0970-QXPXW,Month-to-month,1,19.65,19.65,Mailed check,No internet service,No,No
3259-KNMRR,Two year,57,79.75,4438.2,Bank transfer (automatic),No,Yes,No
6120-RJKLU,Two year,62,79.95,4819.75,Credit card (automatic),Yes,Yes,No
9572-WUKSB,Month-to-month,3,29.9,92.25,Electronic check,Yes,Yes,No
5893-KCLGT,Two year,72,19.75,1567.0,Mailed check,No internet service,Yes,No
0076-LVEPS,Month-to-month,29,45.0,1242.45,Mailed check,Yes,Yes,No
3640-JQGJG,Month-to-month,13,44.8,559.2,Bank transfer (automatic),No,No,No
4919-MOAVT,Month-to-month,3,69.65,220.1,Electronic check,No,No,Yes
1596-OQSPS,Month-to-month,11,51.1,531.15,Electronic check,No,No,No
9867-XOBQA,Two year,21,53.15,1183.2,Mailed check,Yes,No,No
9546-KDTRB,Month-to-month,19,24.7,465.85,Bank transfer (automatic),No internet service,No,No
3090-HAWSU,Two year,61,111.6,6876.05,Credit card (automatic),Yes,Yes,Yes
9820-RMCQV,Month-to-month,11,48.55,501.0,Credit card (automatic),No,No,Yes
3174-RKMOW,Month-to-month,35,109.95,3782.4,Electronic check,Yes,Yes,No
1760-CAZHT,Month-to-month,25,20.8,460.2,Mailed check,No internet service,No,No
7839-QRKXN,Month-to-month,1,20.2,20.2,Mailed check,No internet service,Yes,Yes
8441-SHIPE,Two year,67,25.6,1790.35,Bank transfer (automatic),No internet service,Yes,No
5204-QZXPU,Month-to-month,19,39.65,733.35,Electronic check,No,Yes,Yes
4597-ELFTS,One year,56,24.9,1334.0,Electronic check,No internet service,No,Yes
1320-GVNHT,Two year,72,108.4,7767.25,Credit card (automatic),No,Yes,No
1047-RNXZV,Two year,43,19.55,876.15,Mailed check,No internet service,No,No
3541-ZNUHK,Month-to-month,55,85.1,4600.95,Electronic check,No,Yes,No
8450-JOVAH,Month-to-month,2,56.7,113.55,Mailed check,No,No,Yes
8725-JEDFD,Month-to-month,27,69.05,1793.25,Mailed check,No,Yes,No
7562-UXTPG,Month-to-month,13,70.15,886.7,Mailed check,No,Yes,No
8071-SBTRN,Two year,70,111.15,7737.55,Mailed check,No,Yes,No
1113-IUJYX,One year,14,105.95,1348.9,Mailed check,Yes,No,Yes
6668-CNMFP,One year,19,89.35,1686.85,Bank transfer (automatic),Yes,Yes,No
5626-MGTUK,Month-to-month,20,89.1,1879.25,Bank transfer (automatic),No,Yes,No
5681-LLOEI,One year,43,91.25,4013.8,Credit card (automatic),Yes,Yes,No
8212-DJRCH,Month-to-month,5,90.35,434.5,Mailed check,No,Yes,No
4323-OHFOW,One year,70,105.55,7195.35,Bank transfer (automatic),Yes,Yes,No
4933-BSAIP,Two year,40,19.1,780.1,Mailed check,No internet service,No,No
2030-BTZRO,Two year,6,20.4,107.6,Credit card (automatic),No internet service,Yes,No
1116-DXXDF,Two year,39,100.45,3801.7,Electronic check,No,Yes,No
9274-CNFMO,Month-to-month,4,74.95,308.7,Electronic check,No,No,Yes
7758-XKCBS,Month-to-month,15,29.7,438.25,Electronic check,Yes,Yes,Yes
8992-JQYUN,Month-to-month,1,50.35,50.35,Electronic check,No,Yes,Yes
6563-VNPMN,Month-to-month,45,85.7,3778.1,Bank transfer (automatic),Yes,Yes,No
0617-AQNWT,Two year,64,47.85,3147.5,Electronic check,Yes,No,Yes
2267-WTPYD,Month-to-month,57,94.0,5438.95,Credit card (automatic),No,No,No
0270-THENM,Two year,72,69.85,5102.35,Bank transfer (automatic),Yes,No,No
2446-PLQVO,Month-to-month,1,70.3,70.3,Electronic check,No,Yes,Yes
4707-MAXGU,Two year,72,25.85,1872.2,Credit card (automatic),No internet service,No,No
2710-WYVXG,Two year,3,71.1,213.35,Mailed check,Yes,No,No
3005-NFMTA,Month-to-month,55,98.8,5617.75,Electronic check,No,Yes,Yes
6300-BWMJX,Month-to-month,59,93.35,5386.5,Electronic check,Yes,No,No
8784-CGILN,Month-to-month,18,99.85,1776.95,Bank transfer (automatic),Yes,Yes,Yes
5389-FFVKB,Month-to-month,32,80.3,2483.05,Credit card (automatic),No,Yes,Yes
7009-LGECI,Month-to-month,4,50.55,235.65,Bank transfer (automatic),No,Yes,No
8444-WRIDW,Month-to-month,66,80.45,5224.35,Credit card (automatic),No,Yes,Yes
5022-KVDQT,Month-to-month,27,81.3,2272.8,Electronic check,No,Yes,No
7976-CICYS,Month-to-month,4,20.7,83.75,Credit card (automatic),No internet service,Yes,No
1036-GUDCL,Month-to-month,60,79.05,4663.4,Credit card (automatic),Yes,Yes,No
2005-DWQZJ,Two year,8,19.05,201.7,Mailed check,No internet service,No,No
8148-WOCMK,Two year,8,19.6,125.0,Credit card (automatic),No internet service,No,No
7815-PDTHL,Two year,35,20.2,684.4,Mailed check,No internet service,Yes,No
9451-LPGOO,Month-to-month,7,86.8,620.35,Electronic check,No,Yes,Yes
9173-IVZVP,Two year,53,20.9,1146.05,Mailed check,No internet service,No,No
9129-UXERG,Month-to-month,18,103.6,1806.35,Credit card (automatic),Yes,Yes,No
3635-JBPSG,Two year,15,38.8,603.0,Mailed check,No,Yes,No
7964-ZRKKG,One year,67,88.4,5798.3,Bank transfer (automatic),No,Yes,No
5868-YWPDW,Month-to-month,6,84.2,519.15,Electronic check,No,Yes,Yes
6229-LSCKB,Month-to-month,6,79.7,497.6,Electronic check,No,Yes,No
2025-JKFWI,Month-to-month,13,99.0,1301.7,Mailed check,Yes,Yes,Yes
4078-SAYYN,Month-to-month,11,100.75,1129.75,Electronic check,No,Yes,Yes
1724-IQWNM,Month-to-month,1,19.3,19.3,Mailed check,No internet service,Yes,No
8217-QYOHV,Month-to-month,5,55.75,266.95,Mailed check,Yes,Yes,No
5546-QUERU,One year,13,19.95,257.0,Mailed check,No internet service,Yes,No
9940-HPQPG,Month-to-month,9,91.75,865.8,Bank transfer (automatic),No,No,Yes
6897-UUBNU,Month-to-month,29,89.65,2623.65,Mailed check,Yes,No,No
6127-IYJOZ,Month-to-month,1,45.85,45.85,Mailed check,No,Yes,No
6618-RYATB,Month-to-month,1,79.55,79.55,Mailed check,No,Yes,Yes
8930-XOTDP,Month-to-month,18,55.95,1082.8,Mailed check,No,No,No
5916-QEWPT,Month-to-month,2,69.0,147.8,Credit card (automatic),No,No,No
5060-TQUQN,Month-to-month,30,83.55,2570.2,Bank transfer (automatic),Yes,Yes,No
0531-XBKMM,Two year,66,65.7,4378.9,Bank transfer (automatic),Yes,No,No
8465-SBRXP,Two year,38,94.9,3616.25,Bank transfer (automatic),Yes,Yes,No
2408-PSJVE,Month-to-month,44,61.9,2924.05,Mailed check,Yes,Yes,No
9079-YEXQJ,Month-to-month,54,111.1,6014.85,Electronic check,Yes,No,Yes
9700-ZCLOT,Month-to-month,2,20.0,32.7,Mailed check,No internet service,No,No
8738-JOKAR,One year,42,67.7,2882.25,Mailed check,Yes,Yes,No
4534-WGCIR,Two year,58,25.15,1509.9,Credit card (automatic),No internet service,No,No
1930-WNXSB,Month-to-month,58,92.85,5305.05,Electronic check,No,Yes,No
2685-SREOM,Month-to-month,25,89.1,2368.4,Electronic check,No,Yes,Yes
3508-CFVZL,Two year,71,111.3,7985.9,Mailed check,Yes,No,No
0402-CQAJN,Month-to-month,37,101.9,3545.35,Bank transfer (automatic),No,Yes,Yes
6692-UDPJC,Month-to-month,14,91.65,1301.0,Electronic check,Yes,Yes,Yes
1273-MTETI,Month-to-month,4,88.85,372.45,Electronic check,No,Yes,Yes
0657-DOGUM,One year,48,60.6,2985.25,Bank transfer (automatic),Yes,Yes,No
5480-HPRRX,Month-to-month,3,25.3,77.75,Electronic check,No,No,Yes
8792-AOROI,Two year,8,65.5,564.35,Mailed check,Yes,No,No
0295-PPHDO,Month-to-month,1,95.45,95.45,Electronic check,No,Yes,Yes
5146-YYFRZ,Two year,67,19.95,1311.75,Bank transfer (automatic),No internet service,No,No
1195-OIYEJ,Month-to-month,13,91.1,1135.7,Electronic check,No,Yes,Yes
5906-CVLHP,One year,45,54.15,2319.8,Credit card (automatic),Yes,Yes,Yes
3452-SRFEG,Month-to-month,49,74.6,3720.35,Bank transfer (automatic),No,Yes,No
4070-OKWVH,Month-to-month,52,94.6,5025.8,Bank transfer (automatic),No,No,No
5297-MDOIR,One year,63,81.15,5224.5,Credit card (automatic),No,Yes,No
6369-MCAKO,Two year,68,89.05,6185.8,Bank transfer (automatic),Yes,Yes,No
4926-UMJZD,Month-to-month,31,49.2,1498.55,Mailed check,Yes,Yes,No
6848-HJTXY,Two year,64,19.45,1208.6,Credit card (automatic),No internet service,No,No
6341-AEVKX,One year,62,104.3,6613.65,Electronic check,Yes,Yes,No
4501-EQDRN,Month-to-month,1,69.7,69.7,Bank transfer (automatic),No,No,Yes
2990-HWIML,Month-to-month,6,89.5,573.3,Electronic check,No,Yes,Yes
0682-USIXD,Month-to-month,21,86.05,1818.9,Electronic check,Yes,Yes,No
6976-BWGLQ,Two year,72,25.2,1787.35,Bank transfer (automatic),No internet service,No,No
7078-NVFAM,Month-to-month,32,35.15,1051.05,Electronic check,No,Yes,No
8065-QBYTO,One year,71,99.65,7181.25,Credit card (automatic),Yes,Yes,No
2133-TSRRM,Month-to-month,34,105.35,3688.6,Bank transfer (automatic),No,Yes,No
7384-GHBPI,Month-to-month,3,35.15,99.75,Electronic check,No,Yes,Yes
7603-USHJS,Month-to-month,12,73.75,871.4,Credit card (automatic),No,Yes,Yes
7234-FECYN,Month-to-month,8,101.35,780.5,Electronic check,No,No,Yes
2511-ALLCS,Two year,35,24.3,821.6,Bank transfer (automatic),No internet service,No,No
3191-CSNMG,Month-to-month,3,80.7,239.45,Electronic check,No,Yes,No
7952-OBOYL,Month-to-month,3,89.85,244.45,Mailed check,Yes,Yes,No
7470-DYNOE,One year,53,61.1,3357.9,Electronic check,No,Yes,No
7853-OETYL,Month-to-month,4,29.05,129.6,Electronic check,No,Yes,No
1545-ACTAS,One year,48,99.7,4977.2,Bank transfer (automatic),No,Yes,No
5876-HZVZM,Month-to-month,6,55.9,365.35,Credit card (automatic),No,No,Yes
1400-MMYXY,Month-to-month,3,105.9,334.65,Electronic check,No,Yes,Yes
5126-RCXYW,Two year,54,46.0,2424.05,Credit card (automatic),Yes,No,No
3085-QUOZK,Month-to-month,1,43.95,43.95,Mailed check,No,No,Yes
2363-BJLSL,Month-to-month,62,80.4,4981.15,Bank transfer (automatic),Yes,Yes,No
1956-YIFGE,One year,22,100.05,2090.25,Mailed check,No,Yes,No
3926-CUQZX,Month-to-month,1,45.1,45.1,Bank transfer (automatic),No,Yes,Yes
7921-LMDFQ,One year,51,94.0,4905.75,Bank transfer (automatic),No,Yes,No
2925-MXLSX,One year,30,68.95,2038.7,Credit card (automatic),No,Yes,No
5820-PTRYM,One year,56,68.45,4014.0,Credit card (automatic),Yes,Yes,No
9609-BENEA,One year,35,69.0,2441.7,Electronic check,Yes,Yes,No
6211-WHMYA,Month-to-month,64,43.85,2751.0,Electronic check,Yes,Yes,No
4459-BBGHE,Month-to-month,30,44.5,1307.8,Electronic check,No,Yes,No
9945-PSVIP,Two year,25,18.7,383.65,Mailed check,No internet service,Yes,No
1041-RXHRA,Month-to-month,41,70.25,2868.05,Bank transfer (automatic),No,No,Yes
1750-CSKKM,Month-to-month,9,55.35,449.75,Electronic check,No,No,Yes
9108-EJFJP,Month-to-month,1,53.55,53.55,Mailed check,No,Yes,No
0530-IJVDB,Two year,70,114.6,7882.5,Electronic check,Yes,Yes,No
0508-SQWPL,Two year,57,20.1,1087.7,Bank transfer (automatic),No internet service,Yes,No
2215-ZAFGX,Month-to-month,9,85.5,791.7,Electronic check,No,Yes,No
8213-TAZPM,One year,69,108.75,7493.05,Bank transfer (automatic),Yes,Yes,No
7142-HVGBG,Month-to-month,43,103.0,4414.3,Electronic check,No,Yes,Yes
1304-SEGFY,Two year,72,97.85,6841.3,Electronic check,No,Yes,No
7242-EDTYC,Two year,44,19.55,819.95,Bank transfer (automatic),No internet service,No,No
2904-GGUAZ,Two year,72,84.05,6052.25,Bank transfer (automatic),No,Yes,No
8267-ZNYVZ,One year,33,103.75,3361.05,Electronic check,Yes,Yes,Yes
5136-GFPMB,Month-to-month,54,89.4,4869.5,Credit card (automatic),No,No,No
2595-KIWPV,Two year,27,19.7,509.3,Credit card (automatic),No internet service,No,No
5243-SAOTC,Month-to-month,54,79.85,4308.25,Bank transfer (automatic),No,Yes,No
9398-MMQTO,Month-to-month,3,74.45,221.1,Credit card (automatic),No,No,No
7619-PLRLP,One year,53,74.1,3833.95,Bank transfer (automatic),No,No,No
6457-GIRWB,Month-to-month,1,69.35,69.35,Electronic check,No,Yes,Yes
6508-NJYRO,One year,15,18.8,294.95,Mailed check,No internet service,No,No
1450-SKCVI,Month-to-month,56,73.85,4092.85,Electronic check,No,Yes,Yes
4710-NKCAW,Month-to-month,5,64.4,316.9,Credit card (automatic),Yes,No,No
5306-BVTKJ,One year,48,55.8,2651.2,Credit card (automatic),No,Yes,No
0357-NVCRI,Month-to-month,25,20.05,471.7,Credit card (automatic),No internet service,No,No
5570-PTWEH,Month-to-month,3,75.15,216.75,Credit card (automatic),No,Yes,Yes
2371-KFUOG,One year,58,99.15,5720.95,Bank transfer (automatic),No,No,No
0463-ZSDNT,Month-to-month,10,56.75,503.25,Bank transfer (automatic),No,Yes,No
6502-MJQAE,Month-to-month,1,69.6,69.6,Electronic check,No,Yes,Yes
6257-DTAYD,Two year,71,104.15,7365.3,Credit card (automatic),Yes,Yes,No
4616-ULAOA,Two year,65,110.8,7245.9,Credit card (automatic),Yes,Yes,No
7693-LCKZL,Month-to-month,5,80.15,385.0,Electronic check,No,Yes,Yes
7746-AWNQW,Month-to-month,28,35.75,961.4,Mailed check,Yes,Yes,No
5996-EBTKM,Two year,67,69.9,4615.9,Bank transfer (automatic),Yes,Yes,No
2758-RNWXS,One year,35,89.2,3251.3,Electronic check,Yes,Yes,No
2314-TNDJQ,Two year,72,55.65,3880.05,Credit card (automatic),Yes,No,No
2405-LBMUW,One year,61,50.7,3088.75,Bank transfer (automatic),Yes,Yes,No
3454-JFUBC,Two year,68,20.0,1396.0,Credit card (automatic),No internet service,Yes,No
0032-PGELS,Month-to-month,1,30.5,30.5,Bank transfer (automatic),No,No,Yes
9039-ZVJDC,Month-to-month,3,19.1,53.05,Mailed check,No internet service,Yes,No
6797-LNAQX,Two year,70,98.3,6859.5,Bank transfer (automatic),No,No,Yes
9013-AQORL,Month-to-month,48,45.55,2108.35,Credit card (automatic),No,No,No
2898-MRKPI,One year,68,101.05,6770.5,Credit card (automatic),No,Yes,No
2750-BJLSB,One year,47,103.7,4730.6,Electronic check,Yes,Yes,No
3648-GZPHF,One year,32,36.25,1151.05,Mailed check,Yes,Yes,No
2075-RMJIK,Month-to-month,5,49.4,232.55,Mailed check,No,Yes,No
9588-YRFHY,Two year,49,19.9,1022.6,Credit card (automatic),No internet service,Yes,No
6394-MFYNG,Month-to-month,48,107.4,5121.3,Bank transfer (automatic),No,Yes,Yes
1564-NTYXF,Month-to-month,13,82.0,1127.2,Electronic check,No,Yes,Yes
9364-YKUVW,Month-to-month,15,19.8,309.4,Mailed check,No internet service,Yes,No
5392-AKEMH,Month-to-month,12,45.05,523.1,Electronic check,No,Yes,No
2451-YMUXS,Two year,67,64.55,4250.1,Bank transfer (automatic),Yes,Yes,No
3914-FDRHP,Month-to-month,9,86.25,770.5,Electronic check,Yes,No,No
3078-ZKNTS,Two year,13,19.75,246.7,Bank transfer (automatic),No internet service,Yes,No
1024-KPRBB,One year,38,89.1,3342.0,Mailed check,No,Yes,No
4690-PKDQG,Month-to-month,42,95.55,3930.6,Electronic check,No,Yes,No
8155-IBNHG,Month-to-month,24,75.4,1747.85,Credit card (automatic),No,Yes,Yes
0886-QGENL,Month-to-month,27,101.25,2754.45,Electronic check,No,Yes,Yes
9547-ITEFG,Month-to-month,9,102.6,897.75,Credit card (automatic),No,Yes,No
1264-FUHCX,One year,49,56.3,2780.6,Credit card (automatic),Yes,Yes,No
7789-CRUVC,Month-to-month,61,94.2,5895.45,Credit card (automatic),Yes,Yes,No
6598-KELSS,One year,50,43.05,2208.05,Bank transfer (automatic),No,Yes,No
8739-WWKDU,Month-to-month,25,89.5,2196.15,Electronic check,No,Yes,Yes
8685-WHQPW,Month-to-month,22,74.4,1692.6,Bank transfer (automatic),No,Yes,Yes
4745-LSPLO,Month-to-month,1,20.5,20.5,Mailed check,No internet service,No,Yes
8083-YTZES,Month-to-month,4,74.35,265.35,Electronic check,No,Yes,Yes
7240-FQLHE,Month-to-month,18,99.75,1836.25,Bank transfer (automatic),Yes,No,Yes
6664-FPDAC,One year,56,111.95,6418.9,Electronic check,Yes,Yes,Yes
9972-VAFJJ,One year,53,94.0,4871.45,Electronic check,Yes,Yes,No
0422-UXFAP,One year,51,98.85,4947.55,Electronic check,No,Yes,No
1904-WAJAA,Two year,24,64.35,1558.65,Electronic check,No,No,No
5130-YPIRV,Two year,62,72.0,4284.2,Credit card (automatic),No,Yes,No
2843-CQMEG,Month-to-month,24,49.7,1218.25,Mailed check,No,Yes,No
6439-PKTRR,Two year,70,80.7,5617.95,Electronic check,Yes,No,No
5351-QESIO,Month-to-month,1,24.2,24.2,Mailed check,No,No,No
0786-VSSUD,Month-to-month,16,39.0,679.85,Mailed check,No,Yes,Yes
5568-DMXZS,Month-to-month,8,65.45,554.45,Electronic check,Yes,Yes,No
8468-FZTOE,Two year,72,74.35,5237.4,Electronic check,Yes,Yes,No
6633-SYEUS,Month-to-month,23,83.2,2032.3,Bank transfer (automatic),Yes,No,No
6447-GORXK,Month-to-month,31,25.0,789.2,Credit card (automatic),No,No,No
6967-PEJLL,One year,37,40.2,1525.35,Electronic check,Yes,Yes,No
3976-BWUCK,Month-to-month,30,94.1,2804.45,Credit card (automatic),Yes,Yes,Yes
5981-ZVXOT,One year,35,108.35,3726.15,Electronic check,No,Yes,No
1684-FLBGS,Month-to-month,23,69.5,1652.1,Credit card (automatic),Yes,Yes,No
1389-WNUIB,One year,20,76.0,1588.75,Bank transfer (automatic),No,No,No
0376-OIWME,Month-to-month,36,93.6,3366.05,Electronic check,No,Yes,No
3585-ISXZP,Month-to-month,8,95.65,778.1,Bank transfer (automatic),No,No,Yes
0218-QNVAS,One year,71,100.55,7113.75,Bank transfer (automatic),No,No,No
6583-QGCSI,Month-to-month,50,88.05,4367.35,Electronic check,No,Yes,Yes
0804-YGEQV,One year,43,24.45,993.15,Bank transfer (automatic),No internet service,Yes,No
7164-BPTUT,Two year,57,89.55,5012.35,Mailed check,Yes,No,No
4174-LPGTI,One year,41,66.5,2728.6,Bank transfer (automatic),Yes,Yes,Yes
2523-EWWZL,Month-to-month,27,76.1,2093.4,Electronic check,No,Yes,No
0928-XUTSN,Month-to-month,13,80.5,1011.8,Electronic check,No,Yes,No
2108-XWMPY,Month-to-month,3,35.45,106.85,Mailed check,No,Yes,Yes
0052-YNYOT,One year,67,20.55,1343.4,Electronic check,No internet service,No,No
6304-IJFSQ,Month-to-month,3,49.9,130.1,Mailed check,No,Yes,Yes
9586-JGQKH,Two year,64,105.4,6794.75,Bank transfer (automatic),Yes,Yes,No
4501-VCPFK,Month-to-month,26,35.75,1022.5,Electronic check,Yes,No,No
6075-SLNIL,Month-to-month,38,95.1,3691.2,Credit card (automatic),No,Yes,No
9347-AERRL,One year,23,19.3,486.2,Credit card (automatic),No internet service,No,No
0093-XWZFY,Month-to-month,40,104.5,4036.85,Credit card (automatic),No,Yes,Yes
2274-XUATA,Two year,72,63.1,4685.55,Bank transfer (automatic),Yes,Yes,No
1980-KXVPM,Month-to-month,3,75.05,256.25,Credit card (automatic),No,Yes,Yes
7703-ZEKEF,Month-to-month,23,81.0,1917.1,Electronic check,No,Yes,Yes
0723-DRCLG,Month-to-month,1,74.45,74.45,Electronic check,No,Yes,Yes
5482-NUPNA,Month-to-month,4,60.4,272.15,Mailed check,Yes,Yes,Yes
6691-CCIHA,Two year,62,84.95,5150.55,Electronic check,Yes,Yes,No
1685-BQULA,Month-to-month,40,93.4,3756.4,Bank transfer (automatic),No,Yes,No
9053-EJUNL,Month-to-month,41,89.2,3645.75,Electronic check,No,Yes,No
0666-UXTJO,Month-to-month,34,85.2,2874.45,Credit card (automatic),No,Yes,No
1471-GIQKQ,Month-to-month,1,49.95,49.95,Electronic check,No,No,No
4807-IZYOZ,Two year,51,20.65,1020.75,Bank transfer (automatic),No internet service,No,No
1122-JWTJW,Month-to-month,1,70.65,70.65,Mailed check,No,Yes,Yes
9710-NJERN,Two year,39,20.15,826.0,Mailed check,No internet service,No,No
9837-FWLCH,Month-to-month,12,19.2,239.0,Electronic check,No internet service,Yes,No
1699-HPSBG,One year,12,59.8,727.8,Electronic check,Yes,Yes,Yes
7203-OYKCT,One year,72,104.95,7544.3,Electronic check,No,Yes,No
1035-IPQPU,Month-to-month,63,103.5,6479.4,Electronic check,No,Yes,No
7398-LXGYX,Month-to-month,44,84.8,3626.35,Credit card (automatic),No,Yes,No
2823-LKABH,Month-to-month,18,95.05,1679.4,Bank transfer (automatic),Yes,Yes,No
8775-CEBBJ,Month-to-month,9,44.2,403.35,Bank transfer (automatic),No,Yes,Yes
0550-DCXLH,Month-to-month,13,73.35,931.55,Mailed check,Yes,No,No
9281-CEDRU,Two year,68,64.1,4326.25,Bank transfer (automatic),Yes,No,No
2235-DWLJU,Month-to-month,6,44.4,263.05,Electronic check,No,Yes,No
0871-OPBXW,Month-to-month,2,20.05,39.25,Mailed check,No internet service,Yes,No
3605-JISKB,One year,55,60.0,3316.1,Credit card (automatic),No,No,No
6894-LFHLY,Month-to-month,1,75.75,75.75,Electronic check,No,Yes,Yes
9767-FFLEM,Month-to-month,38,69.5,2625.25,Credit card (automatic),No,Yes,No
0639-TSIQW,Month-to-month,67,102.95,6886.25,Credit card (automatic),No,Yes,Yes
8456-QDAVC,Month-to-month,19,78.7,1495.1,Bank transfer (automatic),No,Yes,No
7750-EYXWZ,One year,12,60.65,743.3,Electronic check,Yes,No,No
2569-WGERO,Two year,72,21.15,1419.4,Bank transfer (automatic),No internet service,Yes,No
6840-RESVB,One year,24,84.8,1990.5,Mailed check,Yes,Yes,No
2234-XADUH,One year,72,103.2,7362.9,Credit card (automatic),No,Yes,No
4801-JZAZL,Month-to-month,11,29.6,346.45,Electronic check,No,Yes,No
8361-LTMKD,Month-to-month,4,74.4,306.6,Mailed check,No,Yes,Yes
3186-AJIEK,Two year,66,105.65,6844.5,Bank transfer (automatic),Yes,Yes,No
